{
  "type": "FeatureCollection",
  "updated_utc": "2026-09-26T20:43:35.296677+00:00",
  "count": 247,
  "features": [
    {
      "id": "https://api.weather.gov/alerts/urn:oid:2.49.0.1.840.0.0dd7d974ac6bb7b0d7de136dd7b34873aa01af36.001.1",
      "type": "Feature",
      "geometry": {
        "type": "Polygon",
        "coordinates": [
          [
            [
              -66.42,
              18.38
            ],
            [
              -66.36,
              18.33
            ],
            [
              -66.34,
              18.37
            ],
            [
              -66.3,
              18.37
            ],
            [
              -66.28,
              18.34
            ],
            [
              -66.29,
              18.27
            ],
            [
              -66.34,
              18.24
            ],
            [
              -66.38,
              18.27
            ],
            [
              -66.38,
              18.29
            ],
            [
              -66.41,
              18.26
            ],
            [
              -66.5,
              18.26
            ],
            [
              -66.53,
              18.16
            ],
            [
              -66.54,
              18.16
            ],
            [
              -66.56,
              18.24
            ],
            [
              -66.56,
              18.3
            ],
            [
              -66.59,
              18.33
            ],
            [
              -66.61,
              18.32
            ],
            [
              -66.6,
              18.34
            ],
            [
              -66.58,
              18.33
            ],
            [
              -66.42,
              18.38
            ]
          ]
        ]
      },
      "properties": {
        "@id": "https://api.weather.gov/alerts/urn:oid:2.49.0.1.840.0.0dd7d974ac6bb7b0d7de136dd7b34873aa01af36.001.1",
        "@type": "wx:Alert",
        "id": "urn:oid:2.49.0.1.840.0.0dd7d974ac6bb7b0d7de136dd7b34873aa01af36.001.1",
        "areaDesc": "Ciales, PR; Corozal, PR; Morovis, PR",
        "geocode": {
          "SAME": [
            "072039",
            "072047",
            "072101"
          ],
          "UGC": [
            "PRC039",
            "PRC047",
            "PRC101"
          ]
        },
        "affectedZones": [
          "https://api.weather.gov/zones/county/PRC039",
          "https://api.weather.gov/zones/county/PRC047",
          "https://api.weather.gov/zones/county/PRC101"
        ],
        "references": [],
        "sent": "2026-09-26T16:39:00-04:00",
        "effective": "2026-09-26T16:39:00-04:00",
        "onset": "2026-09-26T16:39:00-04:00",
        "expires": "2026-09-26T18:30:00-04:00",
        "ends": "2026-09-26T18:30:00-04:00",
        "status": "Actual",
        "messageType": "Alert",
        "category": "Met",
        "severity": "Minor",
        "certainty": "Likely",
        "urgency": "Expected",
        "event": "Flood Advisory",
        "sender": "w-nws.webmaster@noaa.gov",
        "senderName": "NWS San Juan PR",
        "headline": "Flood Advisory issued September 26 at 4:39PM AST until September 26 at 6:30PM AST by NWS San Juan PR",
        "description": "* WHAT...Flooding caused by excessive rainfall is expected.\n\n* WHERE...Ciales...Corozal and Morovis...\n\n* WHEN...Until 630 PM AST.\n\n* IMPACTS...Minor flooding in low-lying and poor drainage areas.\nRises in small streams and normally dry arroyos. Water over\nroadways. Overflowing poor drainage areas. Some low-water crossings\nmay become impassable.\n\n* ADDITIONAL DETAILS...\n- At 439 PM AST, Doppler radar indicated heavy rain due to\nthunderstorms. Minor flooding is ongoing or expected to begin\nshortly in the advisory area. Between 2 and 2.5 inches of rain\nhave fallen.\n- Additional rainfall amounts of 0.5 to 1.0 inch are expected over\nthe area. This additional rain will result in minor flooding.\n- Some locations that will experience flooding include...\nMorovis, Ciales, Corozal, Franquez and Barahona.\n- http://www.weather.gov/safety/flood",
        "instruction": "Turn around, don't drown when encountering flooded roads. Most flood\ndeaths occur in vehicles.\n\nBe aware of your surroundings and do not drive on flooded roads.\n\nPlease report observed flooding to local emergency services or law\nenforcement and request they pass this information to the National\nWeather Service when you can do so safely.",
        "response": "Avoid",
        "note": null,
        "parameters": {
          "AWIPSidentifier": [
            "FLSSJU"
          ],
          "WMOidentifier": [
            "WGCA82 TJSJ 262039"
          ],
          "NWSheadline": [
            "FLOOD ADVISORY IN EFFECT UNTIL 630 PM AST THIS EVENING"
          ],
          "BLOCKCHANNEL": [
            "EAS",
            "NWEM",
            "CMAS"
          ],
          "VTEC": [
            "/O.NEW.TJSJ.FA.Y.0286.260926T2039Z-260926T2230Z/"
          ],
          "eventEndingTime": [
            "2026-09-26T18:30:00-04:00"
          ]
        },
        "scope": "Public",
        "code": "IPAWSv1.0",
        "language": "en-US",
        "web": "http://www.weather.gov",
        "eventCode": {
          "SAME": [
            "NWS"
          ],
          "NationalWeatherService": [
            "FAY"
          ]
        }
      }
    },
    {
      "id": "https://api.weather.gov/alerts/urn:oid:2.49.0.1.840.0.680cd098d62ce79910baf2a17644bfee49088017.001.1",
      "type": "Feature",
      "geometry": {
        "type": "Polygon",
        "coordinates": [
          [
            [
              -66.5,
              18.36
            ],
            [
              -66.5,
              18.45
            ],
            [
              -66.19,
              18.45
            ],
            [
              -66.27,
              18.24
            ],
            [
              -66.5,
              18.24
            ],
            [
              -66.5,
              18.36
            ]
          ]
        ]
      },
      "properties": {
        "@id": "https://api.weather.gov/alerts/urn:oid:2.49.0.1.840.0.680cd098d62ce79910baf2a17644bfee49088017.001.1",
        "@type": "wx:Alert",
        "id": "urn:oid:2.49.0.1.840.0.680cd098d62ce79910baf2a17644bfee49088017.001.1",
        "areaDesc": "San Juan and Vicinity; North Central; Central Interior",
        "geocode": {
          "SAME": [
            "072021",
            "072031",
            "072033",
            "072061",
            "072127",
            "072135",
            "072137",
            "072139",
            "072013",
            "072017",
            "072051",
            "072054",
            "072091",
            "072143",
            "072145",
            "072009",
            "072019",
            "072039",
            "072043",
            "072047",
            "072073",
            "072101",
            "072105",
            "072107",
            "072149"
          ],
          "UGC": [
            "PRZ001",
            "PRZ005",
            "PRZ006"
          ]
        },
        "affectedZones": [
          "https://api.weather.gov/zones/forecast/PRZ001",
          "https://api.weather.gov/zones/forecast/PRZ005",
          "https://api.weather.gov/zones/forecast/PRZ006"
        ],
        "references": [],
        "sent": "2026-09-26T16:35:00-04:00",
        "effective": "2026-09-26T16:35:00-04:00",
        "onset": "2026-09-26T16:35:00-04:00",
        "expires": "2026-09-26T17:30:00-04:00",
        "ends": null,
        "status": "Actual",
        "messageType": "Alert",
        "category": "Met",
        "severity": "Moderate",
        "certainty": "Observed",
        "urgency": "Expected",
        "event": "Special Weather Statement",
        "sender": "w-nws.webmaster@noaa.gov",
        "senderName": "NWS San Juan PR",
        "headline": "Special Weather Statement issued September 26 at 4:35PM AST by NWS San Juan PR",
        "description": "At 435 PM AST, Doppler radar was tracking a line of strong\nthunderstorms extending from over Ciales to over Corozal and Toa\nAlta, and is stationary.\n\nHAZARD...Wind gusts up to 50 mph. Funnel clouds to a brief weak\ntornado and small size hail are possible.\n\nSOURCE...Radar indicated.\n\nIMPACT...Gusty winds could knock down tree limbs and blow around\nunsecured objects. Minor damage to outdoor objects is\npossible.\n\nLocations impacted include...\nMorovis, Corozal, Vega Alta, Vega Baja, Ciales, Toa Alta,\nNaranjito, Toa Baja, Manati, Ceiba, Miranda, Franquez, Barahona,\nMonserrate, H. Rivera Colon, Galateo, Coto Norte and Rio Lajas.",
        "instruction": "If outdoors, consider seeking shelter inside a building.\n\nFrequent cloud to ground lightning is occurring with this storm.\nLightning can strike 10 miles away from a thunderstorm. Seek a safe\nshelter inside a building or vehicle.\n\nTorrential rainfall is also occurring with these storms and may lead\nto flash flooding. Do not drive your vehicle through flooded\nroadways.",
        "response": "Execute",
        "note": null,
        "parameters": {
          "AWIPSidentifier": [
            "SPSSJU"
          ],
          "WMOidentifier": [
            "WWCA82 TJSJ 262035"
          ],
          "NWSheadline": [
            "A LINE OF STRONG THUNDERSTORMS WILL IMPACT MUNICIPALITIES OF THE CENTRAL INTERIOR TO NORTH CENTRAL PUERTO RICO AND PORTIONS OF THE SAN JUAN METROPOLITAN AREA UNTIL 530 PM AST"
          ],
          "maxWindGust": [
            "50 MPH"
          ],
          "maxHailSize": [
            "0.25"
          ],
          "BLOCKCHANNEL": [
            "EAS",
            "NWEM",
            "CMAS"
          ],
          "EAS-ORG": [
            "WXR"
          ]
        },
        "scope": "Public",
        "code": "IPAWSv1.0",
        "language": "en-US",
        "web": "http://www.weather.gov",
        "eventCode": {
          "SAME": [
            "SPS"
          ],
          "NationalWeatherService": [
            "SPS"
          ]
        }
      }
    },
    {
      "id": "https://api.weather.gov/alerts/urn:oid:2.49.0.1.840.0.47a62653695189a26effd54fa380b6af9554460d.001.1",
      "type": "Feature",
      "geometry": null,
      "properties": {
        "@id": "https://api.weather.gov/alerts/urn:oid:2.49.0.1.840.0.47a62653695189a26effd54fa380b6af9554460d.001.1",
        "@type": "wx:Alert",
        "id": "urn:oid:2.49.0.1.840.0.47a62653695189a26effd54fa380b6af9554460d.001.1",
        "areaDesc": "Western Pima County Including Ajo/Organ Pipe Cactus National Monument; Tohono O'odham Nation including Sells; Upper Santa Cruz River and Altar Valleys including Nogales; Tucson Metro Area including Tucson/Green Valley/Marana/Vail; South Central Pinal County including Eloy/Picacho Peak State Park; Southeast Pinal County including Kearny/Mammoth/Oracle; Upper San Pedro River Valley including Sierra Vista/Benson; Eastern Cochise County Below 5000 Feet including Douglas/Willcox; Upper Gila River and Aravaipa Valleys including Clifton/Safford; White Mountains of Graham and Greenlee Counties including Hannagan Meadow; Galiuro and Pinaleno Mountains including Mount Graham; Chiricahua Mountains including Chiricahua National Monument; Dragoon/Mule/Huachuca and Santa Rita Mountains including Bisbee/Canelo Hills/Madera Canyon; Santa Catalina and Rincon Mountains including Mount Lemmon/Summerhaven; Baboquivari Mountains including Kitt Peak",
        "geocode": {
          "SAME": [
            "004019",
            "004021",
            "004023",
            "004003",
            "004009",
            "004011"
          ],
          "UGC": [
            "AZZ501",
            "AZZ502",
            "AZZ503",
            "AZZ504",
            "AZZ505",
            "AZZ506",
            "AZZ507",
            "AZZ508",
            "AZZ509",
            "AZZ510",
            "AZZ511",
            "AZZ512",
            "AZZ513",
            "AZZ514",
            "AZZ515"
          ]
        },
        "affectedZones": [
          "https://api.weather.gov/zones/forecast/AZZ501",
          "https://api.weather.gov/zones/forecast/AZZ502",
          "https://api.weather.gov/zones/forecast/AZZ503",
          "https://api.weather.gov/zones/forecast/AZZ504",
          "https://api.weather.gov/zones/forecast/AZZ505",
          "https://api.weather.gov/zones/forecast/AZZ506",
          "https://api.weather.gov/zones/forecast/AZZ507",
          "https://api.weather.gov/zones/forecast/AZZ508",
          "https://api.weather.gov/zones/forecast/AZZ509",
          "https://api.weather.gov/zones/forecast/AZZ510",
          "https://api.weather.gov/zones/forecast/AZZ511",
          "https://api.weather.gov/zones/forecast/AZZ512",
          "https://api.weather.gov/zones/forecast/AZZ513",
          "https://api.weather.gov/zones/forecast/AZZ514",
          "https://api.weather.gov/zones/forecast/AZZ515"
        ],
        "references": [],
        "sent": "2026-09-26T13:17:00-07:00",
        "effective": "2026-09-26T13:17:00-07:00",
        "onset": "2026-09-28T11:00:00-07:00",
        "expires": "2026-09-26T21:30:00-07:00",
        "ends": "2026-09-29T23:00:00-07:00",
        "status": "Actual",
        "messageType": "Alert",
        "category": "Met",
        "severity": "Severe",
        "certainty": "Possible",
        "urgency": "Future",
        "event": "Flood Watch",
        "sender": "w-nws.webmaster@noaa.gov",
        "senderName": "NWS Tucson AZ",
        "headline": "Flood Watch issued September 26 at 1:17PM MST until September 29 at 11:00PM MST by NWS Tucson AZ",
        "description": "* WHAT...Flash flooding caused by excessive rainfall is possible.\n\n* WHERE...For all of southeast Arizona, including the following\nareas, Baboquivari Mountains, Catalina and Rincon Mountains,\nChiricahua Mountains, Dragoon and Mule and Huachuca and Santa Rita\nMountains, Eastern Cochise County below 5000 feet, Galiuro and\nPinaleno Mountains, South Central Pinal County, Southeast Pinal\nCounty, Tohono O'odham Nation, Tucson Metro Area, Upper Gila River\nValley, Upper San Pedro River Valley, Upper Santa Cruz River\nValley/Altar Valley, Western Pima County and White Mountains of\nGraham and Greenlee Counties.\n\n* WHEN...From late Monday morning through Tuesday evening.\n\n* IMPACTS...Excessive runoff may result in flooding of rivers,\ncreeks, streams, and other low-lying and flood-prone locations.\n\n* ADDITIONAL DETAILS...\n- Deep tropical moisture will combine with an approaching upper low\nand trough, resulting in areas of heavy rainfall. Rainfall totals\nof 1 to 2 inches are possible across most of southeast Arizona,\nwith locally heavier amounts under the stronger thunderstorms.\n- http://www.weather.gov/safety/flood",
        "instruction": "You should monitor later forecasts and be prepared to take action\nshould Flash Flood Warnings be issued.",
        "response": "Prepare",
        "note": null,
        "parameters": {
          "AWIPSidentifier": [
            "FFATWC"
          ],
          "WMOidentifier": [
            "WGUS65 KTWC 262017"
          ],
          "NWSheadline": [
            "FLOOD WATCH IN EFFECT FROM LATE MONDAY MORNING THROUGH TUESDAY EVENING"
          ],
          "BLOCKCHANNEL": [
            "EAS",
            "NWEM",
            "CMAS"
          ],
          "EAS-ORG": [
            "WXR"
          ],
          "VTEC": [
            "/O.NEW.KTWC.FA.A.0013.260928T1800Z-260930T0600Z/"
          ],
          "eventEndingTime": [
            "2026-09-29T23:00:00-07:00"
          ]
        },
        "scope": "Public",
        "code": "IPAWSv1.0",
        "language": "en-US",
        "web": "http://www.weather.gov",
        "eventCode": {
          "SAME": [
            "FFA"
          ],
          "NationalWeatherService": [
            "FAA"
          ]
        }
      }
    },
    {
      "id": "https://api.weather.gov/alerts/urn:oid:2.49.0.1.840.0.3653e8d3cb86ced5db774a3454b4673b0fd47b73.001.2",
      "type": "Feature",
      "geometry": null,
      "properties": {
        "@id": "https://api.weather.gov/alerts/urn:oid:2.49.0.1.840.0.3653e8d3cb86ced5db774a3454b4673b0fd47b73.001.2",
        "@type": "wx:Alert",
        "id": "urn:oid:2.49.0.1.840.0.3653e8d3cb86ced5db774a3454b4673b0fd47b73.001.2",
        "areaDesc": "Catalina and Santa Barbara Islands; Ventura County Beaches; Malibu Coast; Los Angeles County Beaches",
        "geocode": {
          "SAME": [
            "006037",
            "006111"
          ],
          "UGC": [
            "CAZ087",
            "CAZ354",
            "CAZ362",
            "CAZ366"
          ]
        },
        "affectedZones": [
          "https://api.weather.gov/zones/forecast/CAZ087",
          "https://api.weather.gov/zones/forecast/CAZ354",
          "https://api.weather.gov/zones/forecast/CAZ362",
          "https://api.weather.gov/zones/forecast/CAZ366"
        ],
        "references": [],
        "sent": "2026-09-26T13:02:00-07:00",
        "effective": "2026-09-26T13:02:00-07:00",
        "onset": "2026-09-28T05:00:00-07:00",
        "expires": "2026-09-27T03:00:00-07:00",
        "ends": "2026-09-29T17:00:00-07:00",
        "status": "Actual",
        "messageType": "Alert",
        "category": "Met",
        "severity": "Minor",
        "certainty": "Likely",
        "urgency": "Expected",
        "event": "High Surf Advisory",
        "sender": "w-nws.webmaster@noaa.gov",
        "senderName": "NWS Los Angeles/Oxnard CA",
        "headline": "High Surf Advisory issued September 26 at 1:02PM PDT until September 29 at 5:00PM PDT by NWS Los Angeles/Oxnard CA",
        "description": "* WHAT...For the Beach Hazards Statement, dangerous rip currents\nand breaking waves due to elevated surf. For the Coastal Flood\nAdvisory, moderate coastal flooding expected. For the High Surf\nAdvisory, large breaking waves of 4 to 7 feet with dangerous\nrip currents.\n\n* WHERE...Catalina and Santa Barbara Islands, Ventura County\nBeaches, Malibu Coast and Los Angeles County Beaches. Focused\nacross exposed south facing coasts.\n\n* WHEN...For the Beach Hazards Statement, through 5 AM Monday. For\nthe Coastal Flood Advisory and High Surf Advisory, from 5 AM\nMonday to 5 PM PDT Tuesday.\n\n* IMPACTS...Moderate flooding of sea water is likely over some\nvulnerable low-lying coastal areas, especially around the time\nof high tide, including over beach parking lots, bike paths, and\nharbor walkways. Moderate to locally significant beach erosion\nis likely. Very localized damage possible to most vulnerable\nareas. There is an increased risk for ocean drowning. Rip\ncurrents can pull swimmers and surfers out to sea. Large\nbreaking waves can cause injury, wash people off beaches and\nrocks, and capsize small boats near shore.\n\n* ADDITIONAL DETAILS...Areas of most concern are Avalon, Long\nBeach (Peninsula and Belmont Shore). While the surf will likely\nbe smaller than Marie (from earlier this month), the lingering\nerosion effects enhances the vulnerabilities for locally more\nsignificant coastal flooding.",
        "instruction": "Take the necessary actions to protect flood-prone property. Do\nNOT drive around barricades or through water of unknown depth.\n\nRemain out of the water due to dangerous surf conditions, or stay\nnear occupied lifeguard towers. Rock jetties can be deadly in\nsuch conditions, stay off the rocks.\n\nRemain out of the water due to hazardous swimming conditions, or\nstay near occupied lifeguard towers. Rock jetties can be deadly\nin such conditions, stay off the rocks.",
        "response": "Avoid",
        "note": null,
        "parameters": {
          "AWIPSidentifier": [
            "CFWLOX"
          ],
          "WMOidentifier": [
            "WHUS46 KLOX 262002"
          ],
          "NWSheadline": [
            "BEACH HAZARDS STATEMENT NOW IN EFFECT THROUGH LATE SUNDAY NIGHT... ...COASTAL FLOOD ADVISORY IN EFFECT FROM 5 AM MONDAY TO 5 PM PDT TUESDAY... ...HIGH SURF ADVISORY IN EFFECT FROM 5 AM MONDAY TO 5 PM PDT TUESDAY"
          ],
          "BLOCKCHANNEL": [
            "EAS",
            "NWEM",
            "CMAS"
          ],
          "VTEC": [
            "/O.NEW.KLOX.SU.Y.0018.260928T1200Z-260930T0000Z/"
          ],
          "eventEndingTime": [
            "2026-09-29T17:00:00-07:00"
          ]
        },
        "scope": "Public",
        "code": "IPAWSv1.0",
        "language": "en-US",
        "web": "http://www.weather.gov",
        "eventCode": {
          "SAME": [
            "NWS"
          ],
          "NationalWeatherService": [
            "SUY"
          ]
        }
      }
    },
    {
      "id": "https://api.weather.gov/alerts/urn:oid:2.49.0.1.840.0.3653e8d3cb86ced5db774a3454b4673b0fd47b73.001.1",
      "type": "Feature",
      "geometry": null,
      "properties": {
        "@id": "https://api.weather.gov/alerts/urn:oid:2.49.0.1.840.0.3653e8d3cb86ced5db774a3454b4673b0fd47b73.001.1",
        "@type": "wx:Alert",
        "id": "urn:oid:2.49.0.1.840.0.3653e8d3cb86ced5db774a3454b4673b0fd47b73.001.1",
        "areaDesc": "Catalina and Santa Barbara Islands; Ventura County Beaches; Malibu Coast; Los Angeles County Beaches",
        "geocode": {
          "SAME": [
            "006037",
            "006111"
          ],
          "UGC": [
            "CAZ087",
            "CAZ354",
            "CAZ362",
            "CAZ366"
          ]
        },
        "affectedZones": [
          "https://api.weather.gov/zones/forecast/CAZ087",
          "https://api.weather.gov/zones/forecast/CAZ354",
          "https://api.weather.gov/zones/forecast/CAZ362",
          "https://api.weather.gov/zones/forecast/CAZ366"
        ],
        "references": [],
        "sent": "2026-09-26T13:02:00-07:00",
        "effective": "2026-09-26T13:02:00-07:00",
        "onset": "2026-09-28T05:00:00-07:00",
        "expires": "2026-09-27T03:00:00-07:00",
        "ends": "2026-09-29T17:00:00-07:00",
        "status": "Actual",
        "messageType": "Alert",
        "category": "Met",
        "severity": "Minor",
        "certainty": "Likely",
        "urgency": "Expected",
        "event": "Coastal Flood Advisory",
        "sender": "w-nws.webmaster@noaa.gov",
        "senderName": "NWS Los Angeles/Oxnard CA",
        "headline": "Coastal Flood Advisory issued September 26 at 1:02PM PDT until September 29 at 5:00PM PDT by NWS Los Angeles/Oxnard CA",
        "description": "* WHAT...For the Beach Hazards Statement, dangerous rip currents\nand breaking waves due to elevated surf. For the Coastal Flood\nAdvisory, moderate coastal flooding expected. For the High Surf\nAdvisory, large breaking waves of 4 to 7 feet with dangerous\nrip currents.\n\n* WHERE...Catalina and Santa Barbara Islands, Ventura County\nBeaches, Malibu Coast and Los Angeles County Beaches. Focused\nacross exposed south facing coasts.\n\n* WHEN...For the Beach Hazards Statement, through 5 AM Monday. For\nthe Coastal Flood Advisory and High Surf Advisory, from 5 AM\nMonday to 5 PM PDT Tuesday.\n\n* IMPACTS...Moderate flooding of sea water is likely over some\nvulnerable low-lying coastal areas, especially around the time\nof high tide, including over beach parking lots, bike paths, and\nharbor walkways. Moderate to locally significant beach erosion\nis likely. Very localized damage possible to most vulnerable\nareas. There is an increased risk for ocean drowning. Rip\ncurrents can pull swimmers and surfers out to sea. Large\nbreaking waves can cause injury, wash people off beaches and\nrocks, and capsize small boats near shore.\n\n* ADDITIONAL DETAILS...Areas of most concern are Avalon, Long\nBeach (Peninsula and Belmont Shore). While the surf will likely\nbe smaller than Marie (from earlier this month), the lingering\nerosion effects enhances the vulnerabilities for locally more\nsignificant coastal flooding.",
        "instruction": "Take the necessary actions to protect flood-prone property. Do\nNOT drive around barricades or through water of unknown depth.\n\nRemain out of the water due to dangerous surf conditions, or stay\nnear occupied lifeguard towers. Rock jetties can be deadly in\nsuch conditions, stay off the rocks.\n\nRemain out of the water due to hazardous swimming conditions, or\nstay near occupied lifeguard towers. Rock jetties can be deadly\nin such conditions, stay off the rocks.",
        "response": "Monitor",
        "note": null,
        "parameters": {
          "AWIPSidentifier": [
            "CFWLOX"
          ],
          "WMOidentifier": [
            "WHUS46 KLOX 262002"
          ],
          "NWSheadline": [
            "BEACH HAZARDS STATEMENT NOW IN EFFECT THROUGH LATE SUNDAY NIGHT... ...COASTAL FLOOD ADVISORY IN EFFECT FROM 5 AM MONDAY TO 5 PM PDT TUESDAY... ...HIGH SURF ADVISORY IN EFFECT FROM 5 AM MONDAY TO 5 PM PDT TUESDAY"
          ],
          "BLOCKCHANNEL": [
            "EAS",
            "NWEM",
            "CMAS"
          ],
          "VTEC": [
            "/O.NEW.KLOX.CF.Y.0007.260928T1200Z-260930T0000Z/"
          ],
          "eventEndingTime": [
            "2026-09-29T17:00:00-07:00"
          ]
        },
        "scope": "Public",
        "code": "IPAWSv1.0",
        "language": "en-US",
        "web": "http://www.weather.gov",
        "eventCode": {
          "SAME": [
            "NWS"
          ],
          "NationalWeatherService": [
            "CFY"
          ]
        }
      }
    },
    {
      "id": "https://api.weather.gov/alerts/urn:oid:2.49.0.1.840.0.a8e0e0e3bd1efe7913e64e4400fb007fdf8e84b0.001.1",
      "type": "Feature",
      "geometry": {
        "type": "Polygon",
        "coordinates": [
          [
            [
              -71.33,
              41.64
            ],
            [
              -71.28,
              41.67
            ],
            [
              -71.26,
              41.64
            ],
            [
              -71.25,
              41.66
            ],
            [
              -71.24,
              41.67
            ],
            [
              -71.24,
              41.69
            ],
            [
              -71.12,
              41.75
            ],
            [
              -70.85,
              41.8
            ],
            [
              -70.69,
              41.69
            ],
            [
              -70.89,
              41.53
            ],
            [
              -71.36,
              41.42
            ],
            [
              -71.33,
              41.64
            ]
          ]
        ]
      },
      "properties": {
        "@id": "https://api.weather.gov/alerts/urn:oid:2.49.0.1.840.0.a8e0e0e3bd1efe7913e64e4400fb007fdf8e84b0.001.1",
        "@type": "wx:Alert",
        "id": "urn:oid:2.49.0.1.840.0.a8e0e0e3bd1efe7913e64e4400fb007fdf8e84b0.001.1",
        "areaDesc": "Bristol, MA; Plymouth, MA; Newport, RI",
        "geocode": {
          "SAME": [
            "025005",
            "025023",
            "044005"
          ],
          "UGC": [
            "MAC005",
            "MAC023",
            "RIC005"
          ]
        },
        "affectedZones": [
          "https://api.weather.gov/zones/county/MAC005",
          "https://api.weather.gov/zones/county/MAC023",
          "https://api.weather.gov/zones/county/RIC005"
        ],
        "references": [],
        "sent": "2026-09-26T15:49:00-04:00",
        "effective": "2026-09-26T15:49:00-04:00",
        "onset": "2026-09-26T15:49:00-04:00",
        "expires": "2026-09-26T18:45:00-04:00",
        "ends": "2026-09-26T18:45:00-04:00",
        "status": "Actual",
        "messageType": "Alert",
        "category": "Met",
        "severity": "Severe",
        "certainty": "Likely",
        "urgency": "Immediate",
        "event": "Flash Flood Warning",
        "sender": "w-nws.webmaster@noaa.gov",
        "senderName": "NWS Boston/Norton MA",
        "headline": "Flash Flood Warning issued September 26 at 3:49PM EDT until September 26 at 6:45PM EDT by NWS Boston/Norton MA",
        "description": "FFWBOX\n\nThe National Weather Service in Norton has issued a\n\n* Flash Flood Warning for...\nSoutheastern Bristol County in southeastern Massachusetts...\nSouth Central Plymouth County in southeastern Massachusetts...\nNewport County in Rhode Island...\n\n* Until 645 PM EDT.\n\n* At 349 PM EDT, Doppler radar indicated thunderstorms producing\nheavy rain across the warned area. Between 1 and 1.5 inches of rain\nhave fallen. The expected rainfall rate is 1 to 2 inches in 1 hour.\nAdditional rainfall amounts of 1 to 3 inches are possible in the\nwarned area. Flash flooding is ongoing or expected to begin\nshortly.\n\nHAZARD...Flash flooding caused by thunderstorms.\n\nSOURCE...Radar indicated.\n\nIMPACT...Flash flooding of small creeks and streams, urban areas,\nhighways, streets and underpasses as well as other poor\ndrainage and low-lying areas.\n\n* Some locations that will experience flash flooding include...\nNew Bedford, Fall River, Dartmouth, Newport, Bristol, Marion,\nMiddleborough, Wareham, Somerset, Portsmouth, Middletown,\nFairhaven, Tiverton, Westport, Acushnet, Freetown, Mattapoisett,\nRochester, Little Compton and Prudence Island.",
        "instruction": "Turn around, don't drown when encountering flooded roads. Most flood\ndeaths occur in vehicles.",
        "response": "Avoid",
        "note": null,
        "parameters": {
          "AWIPSidentifier": [
            "FFWBOX"
          ],
          "WMOidentifier": [
            "WGUS51 KBOX 261949"
          ],
          "flashFloodDetection": [
            "RADAR INDICATED"
          ],
          "BLOCKCHANNEL": [
            "EAS",
            "NWEM",
            "CMAS"
          ],
          "EAS-ORG": [
            "WXR"
          ],
          "VTEC": [
            "/O.NEW.KBOX.FF.W.0014.260926T1949Z-260926T2245Z/"
          ],
          "eventEndingTime": [
            "2026-09-26T18:45:00-04:00"
          ]
        },
        "scope": "Public",
        "code": "IPAWSv1.0",
        "language": "en-US",
        "web": "http://www.weather.gov",
        "eventCode": {
          "SAME": [
            "FFW"
          ],
          "NationalWeatherService": [
            "FFW"
          ]
        }
      }
    },
    {
      "id": "https://api.weather.gov/alerts/urn:oid:2.49.0.1.840.0.c51467cbbe42d834ccf1d7243f227bfdc92b2113.001.1",
      "type": "Feature",
      "geometry": null,
      "properties": {
        "@id": "https://api.weather.gov/alerts/urn:oid:2.49.0.1.840.0.c51467cbbe42d834ccf1d7243f227bfdc92b2113.001.1",
        "@type": "wx:Alert",
        "id": "urn:oid:2.49.0.1.840.0.c51467cbbe42d834ccf1d7243f227bfdc92b2113.001.1",
        "areaDesc": "Coeur d'Alene Area; Idaho Palouse; Washington Palouse; Moses Lake Area; Upper Columbia Basin; Spokane Area",
        "geocode": {
          "SAME": [
            "016055",
            "016009",
            "016057",
            "053063",
            "053075",
            "053001",
            "053025",
            "053017",
            "053043",
            "053047"
          ],
          "UGC": [
            "IDZ002",
            "IDZ003",
            "WAZ033",
            "WAZ034",
            "WAZ035",
            "WAZ036"
          ]
        },
        "affectedZones": [
          "https://api.weather.gov/zones/forecast/IDZ002",
          "https://api.weather.gov/zones/forecast/IDZ003",
          "https://api.weather.gov/zones/forecast/WAZ033",
          "https://api.weather.gov/zones/forecast/WAZ034",
          "https://api.weather.gov/zones/forecast/WAZ035",
          "https://api.weather.gov/zones/forecast/WAZ036"
        ],
        "references": [],
        "sent": "2026-09-26T12:38:00-07:00",
        "effective": "2026-09-26T12:38:00-07:00",
        "onset": "2026-09-27T00:00:00-07:00",
        "expires": "2026-09-27T09:00:00-07:00",
        "ends": "2026-09-27T09:00:00-07:00",
        "status": "Actual",
        "messageType": "Alert",
        "category": "Met",
        "severity": "Minor",
        "certainty": "Likely",
        "urgency": "Expected",
        "event": "Frost Advisory",
        "sender": "w-nws.webmaster@noaa.gov",
        "senderName": "NWS Spokane WA",
        "headline": "Frost Advisory issued September 26 at 12:38PM PDT until September 27 at 9:00AM PDT by NWS Spokane WA",
        "description": "* WHAT...Temperatures as low as 33 will result in frost formation.\n\n* WHERE...Spokane, Rockford, Coeur d'Alene, Othello, Potlatch,\nEphrata, Oakesdale, Moses Lake, Genesee, Worley, Post Falls,\nRosalia, Pullman, Tekoa, Moscow, Harrington, Grand Coulee, Creston,\nLa Crosse, Uniontown, Cheney, Ritzville, Odessa, Wilbur, Fairfield,\nSpokane Valley, Airway Heights, Coulee City, Quincy, Plummer,\nDavenport, Colfax, and Hayden.\n\n* WHEN...From midnight tonight to 9 AM PDT Sunday.\n\n* IMPACTS...Frost could harm sensitive outdoor vegetation. Sensitive\noutdoor plants may be killed if left uncovered.",
        "instruction": "Take steps now to protect tender plants from the cold.",
        "response": "Prepare",
        "note": null,
        "parameters": {
          "AWIPSidentifier": [
            "NPWOTX"
          ],
          "WMOidentifier": [
            "WWUS76 KOTX 261938"
          ],
          "NWSheadline": [
            "FROST ADVISORY IN EFFECT FROM MIDNIGHT TONIGHT TO 9 AM PDT SUNDAY"
          ],
          "BLOCKCHANNEL": [
            "EAS",
            "NWEM",
            "CMAS"
          ],
          "VTEC": [
            "/O.NEW.KOTX.FR.Y.0008.260927T0700Z-260927T1600Z/"
          ],
          "eventEndingTime": [
            "2026-09-27T09:00:00-07:00"
          ]
        },
        "scope": "Public",
        "code": "IPAWSv1.0",
        "language": "en-US",
        "web": "http://www.weather.gov",
        "eventCode": {
          "SAME": [
            "NWS"
          ],
          "NationalWeatherService": [
            "FRY"
          ]
        }
      }
    },
    {
      "id": "https://api.weather.gov/alerts/urn:oid:2.49.0.1.840.0.02b567c39e818af014c0aec20b6d51b0a616a347.001.1",
      "type": "Feature",
      "geometry": null,
      "properties": {
        "@id": "https://api.weather.gov/alerts/urn:oid:2.49.0.1.840.0.02b567c39e818af014c0aec20b6d51b0a616a347.001.1",
        "@type": "wx:Alert",
        "id": "urn:oid:2.49.0.1.840.0.02b567c39e818af014c0aec20b6d51b0a616a347.001.1",
        "areaDesc": "Niagara River to Hamlin Beach NY",
        "geocode": {
          "SAME": [
            "097042"
          ],
          "UGC": [
            "LOZ042"
          ]
        },
        "affectedZones": [
          "https://api.weather.gov/zones/forecast/LOZ042"
        ],
        "references": [],
        "sent": "2026-09-26T15:36:00-04:00",
        "effective": "2026-09-26T15:36:00-04:00",
        "onset": "2026-09-27T05:00:00-04:00",
        "expires": "2026-09-27T05:00:00-04:00",
        "ends": "2026-09-28T04:00:00-04:00",
        "status": "Actual",
        "messageType": "Alert",
        "category": "Met",
        "severity": "Minor",
        "certainty": "Likely",
        "urgency": "Expected",
        "event": "Small Craft Advisory",
        "sender": "w-nws.webmaster@noaa.gov",
        "senderName": "NWS Buffalo NY",
        "headline": "Small Craft Advisory issued September 26 at 3:36PM EDT until September 28 at 4:00AM EDT by NWS Buffalo NY",
        "description": "* WHAT...Northeast winds 15 to 20 knots and waves 3 to 6 feet\nexpected.\n\n* WHERE...The nearshore waters from the Niagara River to Hamlin\nBeach.\n\n* WHEN...From 5 AM Sunday to 4 AM EDT Monday.\n\n* IMPACTS...Winds and/or waves will cause hazardous conditions\nthat could capsize or damage small craft.",
        "instruction": "Inexperienced mariners, especially those operating smaller\nvessels, should avoid navigating in hazardous conditions.",
        "response": "Avoid",
        "note": null,
        "parameters": {
          "AWIPSidentifier": [
            "MWWBUF"
          ],
          "WMOidentifier": [
            "WHUS71 KBUF 261936"
          ],
          "NWSheadline": [
            "SMALL CRAFT ADVISORY IN EFFECT FROM 5 AM SUNDAY TO 4 AM EDT MONDAY"
          ],
          "BLOCKCHANNEL": [
            "EAS",
            "NWEM",
            "CMAS"
          ],
          "VTEC": [
            "/O.EXB.KBUF.SC.Y.0069.260927T0900Z-260928T0800Z/"
          ],
          "eventEndingTime": [
            "2026-09-28T04:00:00-04:00"
          ]
        },
        "scope": "Public",
        "code": "IPAWSv1.0",
        "language": "en-US",
        "web": "http://www.weather.gov",
        "eventCode": {
          "SAME": [
            "NWS"
          ],
          "NationalWeatherService": [
            "SCY"
          ]
        }
      }
    },
    {
      "id": "https://api.weather.gov/alerts/urn:oid:2.49.0.1.840.0.cc3ed2ffd893d0dfa89ce738fa4dfa64e8e33303.001.1",
      "type": "Feature",
      "geometry": null,
      "properties": {
        "@id": "https://api.weather.gov/alerts/urn:oid:2.49.0.1.840.0.cc3ed2ffd893d0dfa89ce738fa4dfa64e8e33303.001.1",
        "@type": "wx:Alert",
        "id": "urn:oid:2.49.0.1.840.0.cc3ed2ffd893d0dfa89ce738fa4dfa64e8e33303.001.1",
        "areaDesc": "Orleans; Monroe; Wayne; Northern Cayuga; Oswego",
        "geocode": {
          "SAME": [
            "036073",
            "036055",
            "036117",
            "036011",
            "036075"
          ],
          "UGC": [
            "NYZ002",
            "NYZ003",
            "NYZ004",
            "NYZ005",
            "NYZ006"
          ]
        },
        "affectedZones": [
          "https://api.weather.gov/zones/forecast/NYZ002",
          "https://api.weather.gov/zones/forecast/NYZ003",
          "https://api.weather.gov/zones/forecast/NYZ004",
          "https://api.weather.gov/zones/forecast/NYZ005",
          "https://api.weather.gov/zones/forecast/NYZ006"
        ],
        "references": [],
        "sent": "2026-09-26T15:36:00-04:00",
        "effective": "2026-09-26T15:36:00-04:00",
        "onset": "2026-09-26T23:00:00-04:00",
        "expires": "2026-09-26T23:45:00-04:00",
        "ends": "2026-09-28T04:00:00-04:00",
        "status": "Actual",
        "messageType": "Alert",
        "category": "Met",
        "severity": "Moderate",
        "certainty": "Likely",
        "urgency": "Expected",
        "event": "Beach Hazards Statement",
        "sender": "w-nws.webmaster@noaa.gov",
        "senderName": "NWS Buffalo NY",
        "headline": "Beach Hazards Statement issued September 26 at 3:36PM EDT until September 28 at 4:00AM EDT by NWS Buffalo NY",
        "description": "* WHAT...Strong currents and dangerous swimming conditions\nexpected.\n\n* WHERE...Beaches of Orleans, Monroe, Wayne, Northern Cayuga,\nand Oswego counties.\n\n* WHEN...From 11 PM EDT this evening through late Sunday night.\n\n* IMPACTS...Strong currents and dangerous swimming conditions.",
        "instruction": "Stay out of the water to avoid dangerous swimming conditions.",
        "response": "Avoid",
        "note": null,
        "parameters": {
          "AWIPSidentifier": [
            "CFWBUF"
          ],
          "WMOidentifier": [
            "WHUS41 KBUF 261936"
          ],
          "NWSheadline": [
            "BEACH HAZARDS STATEMENT IN EFFECT FROM 11 PM EDT THIS EVENING THROUGH LATE SUNDAY NIGHT"
          ],
          "BLOCKCHANNEL": [
            "EAS",
            "NWEM",
            "CMAS"
          ],
          "VTEC": [
            "/O.NEW.KBUF.BH.S.0018.260927T0300Z-260928T0800Z/"
          ],
          "eventEndingTime": [
            "2026-09-28T04:00:00-04:00"
          ]
        },
        "scope": "Public",
        "code": "IPAWSv1.0",
        "language": "en-US",
        "web": "http://www.weather.gov",
        "eventCode": {
          "SAME": [
            "NWS"
          ],
          "NationalWeatherService": [
            "BHS"
          ]
        }
      }
    },
    {
      "id": "https://api.weather.gov/alerts/urn:oid:2.49.0.1.840.0.02b567c39e818af014c0aec20b6d51b0a616a347.002.1",
      "type": "Feature",
      "geometry": null,
      "properties": {
        "@id": "https://api.weather.gov/alerts/urn:oid:2.49.0.1.840.0.02b567c39e818af014c0aec20b6d51b0a616a347.002.1",
        "@type": "wx:Alert",
        "id": "urn:oid:2.49.0.1.840.0.02b567c39e818af014c0aec20b6d51b0a616a347.002.1",
        "areaDesc": "Mexico Bay NY to the St. Lawrence River",
        "geocode": {
          "SAME": [
            "097045"
          ],
          "UGC": [
            "LOZ045"
          ]
        },
        "affectedZones": [
          "https://api.weather.gov/zones/forecast/LOZ045"
        ],
        "references": [],
        "sent": "2026-09-26T15:36:00-04:00",
        "effective": "2026-09-26T15:36:00-04:00",
        "onset": "2026-09-27T02:00:00-04:00",
        "expires": "2026-09-27T05:00:00-04:00",
        "ends": "2026-09-27T22:00:00-04:00",
        "status": "Actual",
        "messageType": "Alert",
        "category": "Met",
        "severity": "Minor",
        "certainty": "Likely",
        "urgency": "Expected",
        "event": "Small Craft Advisory",
        "sender": "w-nws.webmaster@noaa.gov",
        "senderName": "NWS Buffalo NY",
        "headline": "Small Craft Advisory issued September 26 at 3:36PM EDT until September 27 at 10:00PM EDT by NWS Buffalo NY",
        "description": "* WHAT...Northeast winds 15 to 25 knots expected.\n\n* WHERE...The nearshore waters from Mexico Bay to the Saint\nLawrence River.\n\n* WHEN...From 2 AM to 10 PM EDT Sunday.\n\n* IMPACTS...Winds and/or waves will cause hazardous conditions\nthat could capsize or damage small craft.",
        "instruction": "Inexperienced mariners, especially those operating smaller\nvessels, should avoid navigating in hazardous conditions.",
        "response": "Avoid",
        "note": null,
        "parameters": {
          "AWIPSidentifier": [
            "MWWBUF"
          ],
          "WMOidentifier": [
            "WHUS71 KBUF 261936"
          ],
          "NWSheadline": [
            "SMALL CRAFT ADVISORY IN EFFECT FROM 2 AM TO 10 PM EDT SUNDAY"
          ],
          "BLOCKCHANNEL": [
            "EAS",
            "NWEM",
            "CMAS"
          ],
          "VTEC": [
            "/O.EXB.KBUF.SC.Y.0069.260927T0600Z-260928T0200Z/"
          ],
          "eventEndingTime": [
            "2026-09-27T22:00:00-04:00"
          ]
        },
        "scope": "Public",
        "code": "IPAWSv1.0",
        "language": "en-US",
        "web": "http://www.weather.gov",
        "eventCode": {
          "SAME": [
            "NWS"
          ],
          "NationalWeatherService": [
            "SCY"
          ]
        }
      }
    },
    {
      "id": "https://api.weather.gov/alerts/urn:oid:2.49.0.1.840.0.bf395783e958c285bfd2b37f18191bb5ead2acfb.001.1",
      "type": "Feature",
      "geometry": null,
      "properties": {
        "@id": "https://api.weather.gov/alerts/urn:oid:2.49.0.1.840.0.bf395783e958c285bfd2b37f18191bb5ead2acfb.001.1",
        "@type": "wx:Alert",
        "id": "urn:oid:2.49.0.1.840.0.bf395783e958c285bfd2b37f18191bb5ead2acfb.001.1",
        "areaDesc": "Northwest Plateau; Hualapai Mountains; Northwest Deserts",
        "geocode": {
          "SAME": [
            "004015"
          ],
          "UGC": [
            "AZZ001",
            "AZZ575",
            "AZZ576"
          ]
        },
        "affectedZones": [
          "https://api.weather.gov/zones/forecast/AZZ001",
          "https://api.weather.gov/zones/forecast/AZZ575",
          "https://api.weather.gov/zones/forecast/AZZ576"
        ],
        "references": [],
        "sent": "2026-09-26T12:10:00-07:00",
        "effective": "2026-09-26T12:10:00-07:00",
        "onset": "2026-09-28T05:00:00-07:00",
        "expires": "2026-09-27T05:00:00-07:00",
        "ends": "2026-09-29T23:00:00-07:00",
        "status": "Actual",
        "messageType": "Alert",
        "category": "Met",
        "severity": "Severe",
        "certainty": "Possible",
        "urgency": "Future",
        "event": "Flood Watch",
        "sender": "w-nws.webmaster@noaa.gov",
        "senderName": "NWS Las Vegas NV",
        "headline": "Flood Watch issued September 26 at 12:10PM PDT until September 29 at 11:00PM PDT by NWS Las Vegas NV",
        "description": "* WHAT...Flooding caused by excessive rainfall is possible.\n\n* WHERE...A portion of northwest Arizona, including the following\nareas, Hualapai Mountains, Northwest Deserts and Northwest Plateau.\n\n* WHEN...From early Monday morning through Tuesday evening.\n\n* IMPACTS...Excessive runoff may result in flooding of rivers,\ncreeks, streams, and other low-lying and flood-prone locations.\nLow-water crossings may be flooded.\n\n* ADDITIONAL DETAILS...\n- Showers and thunderstorms capable of producing flash flooding.\n- Kingman, Colorado City, Valentine, Dolan Springs, Wikieup, Peach\nSprings.\n- http://www.weather.gov/safety/flood",
        "instruction": "You should monitor later forecasts and be alert for possible Flood\nWarnings. Those living in areas prone to flooding should be prepared\nto take action should flooding develop.",
        "response": "Prepare",
        "note": null,
        "parameters": {
          "AWIPSidentifier": [
            "FFAVEF"
          ],
          "WMOidentifier": [
            "WGUS65 KVEF 261910"
          ],
          "NWSheadline": [
            "FLOOD WATCH IN EFFECT FROM EARLY MONDAY MORNING THROUGH TUESDAY EVENING"
          ],
          "BLOCKCHANNEL": [
            "EAS",
            "NWEM",
            "CMAS"
          ],
          "EAS-ORG": [
            "WXR"
          ],
          "VTEC": [
            "/O.NEW.KVEF.FA.A.0004.260928T1200Z-260930T0600Z/"
          ],
          "eventEndingTime": [
            "2026-09-29T23:00:00-07:00"
          ]
        },
        "scope": "Public",
        "code": "IPAWSv1.0",
        "language": "en-US",
        "web": "http://www.weather.gov",
        "eventCode": {
          "SAME": [
            "FFA"
          ],
          "NationalWeatherService": [
            "FAA"
          ]
        }
      }
    },
    {
      "id": "https://api.weather.gov/alerts/urn:oid:2.49.0.1.840.0.e50ed3715982b7d38f6d11c8fb3fa472fd629878.001.1",
      "type": "Feature",
      "geometry": null,
      "properties": {
        "@id": "https://api.weather.gov/alerts/urn:oid:2.49.0.1.840.0.e50ed3715982b7d38f6d11c8fb3fa472fd629878.001.1",
        "@type": "wx:Alert",
        "id": "urn:oid:2.49.0.1.840.0.e50ed3715982b7d38f6d11c8fb3fa472fd629878.001.1",
        "areaDesc": "Kaibab Plateau; Marble and Glen Canyons; Grand Canyon Country; Coconino Plateau; Yavapai County Mountains; Northeast Plateaus and Mesas Hwy 264 Northward; Chinle Valley; Chuska Mountains and Defiance Plateau; Little Colorado River Valley in Coconino County; Little Colorado River Valley in Navajo County; Little Colorado River Valley in Apache County; Western Mogollon Rim; Eastern Mogollon Rim; White Mountains; Northern Gila County; Yavapai County Valleys and Basins; Oak Creek and Sycamore Canyons; Black Mesa Area; Northeast Plateaus and Mesas South of Hwy 264",
        "geocode": {
          "SAME": [
            "004005",
            "004025",
            "004001",
            "004017",
            "004007"
          ],
          "UGC": [
            "AZZ004",
            "AZZ005",
            "AZZ006",
            "AZZ007",
            "AZZ008",
            "AZZ009",
            "AZZ010",
            "AZZ011",
            "AZZ012",
            "AZZ013",
            "AZZ014",
            "AZZ015",
            "AZZ016",
            "AZZ017",
            "AZZ018",
            "AZZ037",
            "AZZ038",
            "AZZ039",
            "AZZ040"
          ]
        },
        "affectedZones": [
          "https://api.weather.gov/zones/forecast/AZZ004",
          "https://api.weather.gov/zones/forecast/AZZ005",
          "https://api.weather.gov/zones/forecast/AZZ006",
          "https://api.weather.gov/zones/forecast/AZZ007",
          "https://api.weather.gov/zones/forecast/AZZ008",
          "https://api.weather.gov/zones/forecast/AZZ009",
          "https://api.weather.gov/zones/forecast/AZZ010",
          "https://api.weather.gov/zones/forecast/AZZ011",
          "https://api.weather.gov/zones/forecast/AZZ012",
          "https://api.weather.gov/zones/forecast/AZZ013",
          "https://api.weather.gov/zones/forecast/AZZ014",
          "https://api.weather.gov/zones/forecast/AZZ015",
          "https://api.weather.gov/zones/forecast/AZZ016",
          "https://api.weather.gov/zones/forecast/AZZ017",
          "https://api.weather.gov/zones/forecast/AZZ018",
          "https://api.weather.gov/zones/forecast/AZZ037",
          "https://api.weather.gov/zones/forecast/AZZ038",
          "https://api.weather.gov/zones/forecast/AZZ039",
          "https://api.weather.gov/zones/forecast/AZZ040"
        ],
        "references": [],
        "sent": "2026-09-26T12:01:00-07:00",
        "effective": "2026-09-26T12:01:00-07:00",
        "onset": "2026-09-27T23:00:00-07:00",
        "expires": "2026-09-28T23:45:00-07:00",
        "ends": "2026-09-29T23:00:00-07:00",
        "status": "Actual",
        "messageType": "Alert",
        "category": "Met",
        "severity": "Severe",
        "certainty": "Possible",
        "urgency": "Future",
        "event": "Flood Watch",
        "sender": "w-nws.webmaster@noaa.gov",
        "senderName": "NWS Flagstaff AZ",
        "headline": "Flood Watch issued September 26 at 12:01PM MST until September 29 at 11:00PM MST by NWS Flagstaff AZ",
        "description": "* WHAT...Flooding caused by excessive and long duration rainfall.\n\n* WHERE...All of northern and central Arizona.\n\n* WHEN...From Sunday evening through Tuesday evening.\n\n* IMPACTS...Flooding will be possible over burn areas, low-water\ncrossings, creeks, streams, washes and swimming holes. Larger\ncreeks and rivers may exceed bankfull. Flooding of paved roads and\nhighway underpasses will be possible. Unpaved roads could become\nmuddy and impassable.\n\n* ADDITIONAL DETAILS...\n- Low pressure will interact with tropical moisture from the\neastern Pacific. This could potentially produce numerous showers\nand embedded thunderstorms, with heavy rain that will fall over\nsaturated soils and burn scars. This could lead to localized\nflash flooding and rises on local rivers, such as the Little\nColorado River.\n- Additional information is available at weather.gov/flagstaff.",
        "instruction": "You should monitor later forecasts and be alert for possible Flood\nWarnings. Those living in areas prone to flooding should be prepared\nto take action should flooding develop.",
        "response": "Prepare",
        "note": null,
        "parameters": {
          "AWIPSidentifier": [
            "FFAFGZ"
          ],
          "WMOidentifier": [
            "WGUS65 KFGZ 261901"
          ],
          "NWSheadline": [
            "FLOOD WATCH IN EFFECT FROM SUNDAY EVENING THROUGH TUESDAY EVENING"
          ],
          "BLOCKCHANNEL": [
            "EAS",
            "NWEM",
            "CMAS"
          ],
          "EAS-ORG": [
            "WXR"
          ],
          "VTEC": [
            "/O.NEW.KFGZ.FA.A.0009.260928T0600Z-260930T0600Z/"
          ],
          "eventEndingTime": [
            "2026-09-29T23:00:00-07:00"
          ]
        },
        "scope": "Public",
        "code": "IPAWSv1.0",
        "language": "en-US",
        "web": "http://www.weather.gov",
        "eventCode": {
          "SAME": [
            "FFA"
          ],
          "NationalWeatherService": [
            "FAA"
          ]
        }
      }
    },
    {
      "id": "https://api.weather.gov/alerts/urn:oid:2.49.0.1.840.0.fcecbaec471d02c39b68c0cff5e9eb859bfc10f2.004.2",
      "type": "Feature",
      "geometry": null,
      "properties": {
        "@id": "https://api.weather.gov/alerts/urn:oid:2.49.0.1.840.0.fcecbaec471d02c39b68c0cff5e9eb859bfc10f2.004.2",
        "@type": "wx:Alert",
        "id": "urn:oid:2.49.0.1.840.0.fcecbaec471d02c39b68c0cff5e9eb859bfc10f2.004.2",
        "areaDesc": "Chesapeake Bay from North Beach to Drum Point MD; Tidal Potomac from Cobb Island MD to Smith Point VA; Patuxent River to Broomes Island MD",
        "geocode": {
          "SAME": [
            "073533",
            "073537",
            "073542"
          ],
          "UGC": [
            "ANZ533",
            "ANZ537",
            "ANZ542"
          ]
        },
        "affectedZones": [
          "https://api.weather.gov/zones/forecast/ANZ533",
          "https://api.weather.gov/zones/forecast/ANZ537",
          "https://api.weather.gov/zones/forecast/ANZ542"
        ],
        "references": [],
        "sent": "2026-09-26T14:51:00-04:00",
        "effective": "2026-09-26T14:51:00-04:00",
        "onset": "2026-09-26T22:00:00-04:00",
        "expires": "2026-09-26T23:00:00-04:00",
        "ends": "2026-09-27T18:00:00-04:00",
        "status": "Actual",
        "messageType": "Alert",
        "category": "Met",
        "severity": "Minor",
        "certainty": "Likely",
        "urgency": "Expected",
        "event": "Small Craft Advisory",
        "sender": "w-nws.webmaster@noaa.gov",
        "senderName": "NWS Baltimore MD/Washington DC",
        "headline": "Small Craft Advisory issued September 26 at 2:51PM EDT until September 27 at 6:00PM EDT by NWS Baltimore MD/Washington DC",
        "description": "* WHAT...For the Gale Warning, north winds 15 to 25 kt with gusts\nup to 35 kt and waves 2 to 5 ft. For the Small Craft Advisory,\nnorthwest winds 15 to 20 kt with gusts up to 30 kt and waves 2\nto 4 ft expected.\n\n* WHERE...Chesapeake Bay from North Beach to Drum Point MD,\nTidal Potomac from Cobb Island MD to Smith Point VA and\nPatuxent River to Broomes Island MD.\n\n* WHEN...For the Gale Warning, until 10 PM EDT this evening. For\nthe Small Craft Advisory, from 10 PM this evening to 6 PM EDT\nSunday.\n\n* IMPACTS...Strong winds will cause hazardous waves which could\ncapsize or damage vessels.",
        "instruction": "Mariners should alter plans to avoid these hazardous conditions.\nRemain in port, seek safe harbor, alter course, and/or secure the\nvessel for hazardous conditions.",
        "response": "Avoid",
        "note": null,
        "parameters": {
          "AWIPSidentifier": [
            "MWWLWX"
          ],
          "WMOidentifier": [
            "WHUS71 KLWX 261851"
          ],
          "NWSheadline": [
            "GALE WARNING REMAINS IN EFFECT UNTIL 10 PM EDT THIS EVENING... ...SMALL CRAFT ADVISORY IN EFFECT FROM 10 PM THIS EVENING TO 6 PM EDT SUNDAY"
          ],
          "BLOCKCHANNEL": [
            "EAS",
            "NWEM",
            "CMAS"
          ],
          "VTEC": [
            "/O.NEW.KLWX.SC.Y.0150.260927T0200Z-260927T2200Z/"
          ],
          "eventEndingTime": [
            "2026-09-27T18:00:00-04:00"
          ]
        },
        "scope": "Public",
        "code": "IPAWSv1.0",
        "language": "en-US",
        "web": "http://www.weather.gov",
        "eventCode": {
          "SAME": [
            "NWS"
          ],
          "NationalWeatherService": [
            "SCY"
          ]
        }
      }
    },
    {
      "id": "https://api.weather.gov/alerts/urn:oid:2.49.0.1.840.0.fcecbaec471d02c39b68c0cff5e9eb859bfc10f2.002.2",
      "type": "Feature",
      "geometry": null,
      "properties": {
        "@id": "https://api.weather.gov/alerts/urn:oid:2.49.0.1.840.0.fcecbaec471d02c39b68c0cff5e9eb859bfc10f2.002.2",
        "@type": "wx:Alert",
        "id": "urn:oid:2.49.0.1.840.0.fcecbaec471d02c39b68c0cff5e9eb859bfc10f2.002.2",
        "areaDesc": "Chesapeake Bay north of Pooles Island MD; Choptank River to Cambridge MD and the Little Choptank River",
        "geocode": {
          "SAME": [
            "073530",
            "073541"
          ],
          "UGC": [
            "ANZ530",
            "ANZ541"
          ]
        },
        "affectedZones": [
          "https://api.weather.gov/zones/forecast/ANZ530",
          "https://api.weather.gov/zones/forecast/ANZ541"
        ],
        "references": [],
        "sent": "2026-09-26T14:51:00-04:00",
        "effective": "2026-09-26T14:51:00-04:00",
        "onset": "2026-09-26T22:00:00-04:00",
        "expires": "2026-09-26T23:00:00-04:00",
        "ends": "2026-09-27T18:00:00-04:00",
        "status": "Actual",
        "messageType": "Alert",
        "category": "Met",
        "severity": "Minor",
        "certainty": "Likely",
        "urgency": "Expected",
        "event": "Small Craft Advisory",
        "sender": "w-nws.webmaster@noaa.gov",
        "senderName": "NWS Baltimore MD/Washington DC",
        "headline": "Small Craft Advisory issued September 26 at 2:51PM EDT until September 27 at 6:00PM EDT by NWS Baltimore MD/Washington DC",
        "description": "* WHAT...For the Gale Warning, north winds 15 to 20 kt with gusts\nup to 35 kt. For the Small Craft Advisory, northwest winds 10 to\n20 kt with gusts up to 30 kt expected.\n\n* WHERE...Chesapeake Bay north of Pooles Island MD and Choptank\nRiver to Cambridge MD and the Little Choptank River.\n\n* WHEN...For the Gale Warning, until 10 PM EDT this evening. For\nthe Small Craft Advisory, from 10 PM this evening to 6 PM EDT\nSunday.\n\n* IMPACTS...Strong winds will cause hazardous waves which could\ncapsize or damage vessels.",
        "instruction": "Mariners should alter plans to avoid these hazardous conditions.\nRemain in port, seek safe harbor, alter course, and/or secure the\nvessel for hazardous conditions.",
        "response": "Avoid",
        "note": null,
        "parameters": {
          "AWIPSidentifier": [
            "MWWLWX"
          ],
          "WMOidentifier": [
            "WHUS71 KLWX 261851"
          ],
          "NWSheadline": [
            "GALE WARNING REMAINS IN EFFECT UNTIL 10 PM EDT THIS EVENING... ...SMALL CRAFT ADVISORY IN EFFECT FROM 10 PM THIS EVENING TO 6 PM EDT SUNDAY"
          ],
          "BLOCKCHANNEL": [
            "EAS",
            "NWEM",
            "CMAS"
          ],
          "VTEC": [
            "/O.NEW.KLWX.SC.Y.0150.260927T0200Z-260927T2200Z/"
          ],
          "eventEndingTime": [
            "2026-09-27T18:00:00-04:00"
          ]
        },
        "scope": "Public",
        "code": "IPAWSv1.0",
        "language": "en-US",
        "web": "http://www.weather.gov",
        "eventCode": {
          "SAME": [
            "NWS"
          ],
          "NationalWeatherService": [
            "SCY"
          ]
        }
      }
    },
    {
      "id": "https://api.weather.gov/alerts/urn:oid:2.49.0.1.840.0.fcecbaec471d02c39b68c0cff5e9eb859bfc10f2.003.2",
      "type": "Feature",
      "geometry": null,
      "properties": {
        "@id": "https://api.weather.gov/alerts/urn:oid:2.49.0.1.840.0.fcecbaec471d02c39b68c0cff5e9eb859bfc10f2.003.2",
        "@type": "wx:Alert",
        "id": "urn:oid:2.49.0.1.840.0.fcecbaec471d02c39b68c0cff5e9eb859bfc10f2.003.2",
        "areaDesc": "Chesapeake Bay from Pooles Island to Sandy Point MD; Chesapeake Bay from Sandy Point to North Beach MD; Chester River to Queenstown MD; Eastern Bay",
        "geocode": {
          "SAME": [
            "073531",
            "073532",
            "073539",
            "073540"
          ],
          "UGC": [
            "ANZ531",
            "ANZ532",
            "ANZ539",
            "ANZ540"
          ]
        },
        "affectedZones": [
          "https://api.weather.gov/zones/forecast/ANZ531",
          "https://api.weather.gov/zones/forecast/ANZ532",
          "https://api.weather.gov/zones/forecast/ANZ539",
          "https://api.weather.gov/zones/forecast/ANZ540"
        ],
        "references": [],
        "sent": "2026-09-26T14:51:00-04:00",
        "effective": "2026-09-26T14:51:00-04:00",
        "onset": "2026-09-26T22:00:00-04:00",
        "expires": "2026-09-26T23:00:00-04:00",
        "ends": "2026-09-27T18:00:00-04:00",
        "status": "Actual",
        "messageType": "Alert",
        "category": "Met",
        "severity": "Minor",
        "certainty": "Likely",
        "urgency": "Expected",
        "event": "Small Craft Advisory",
        "sender": "w-nws.webmaster@noaa.gov",
        "senderName": "NWS Baltimore MD/Washington DC",
        "headline": "Small Craft Advisory issued September 26 at 2:51PM EDT until September 27 at 6:00PM EDT by NWS Baltimore MD/Washington DC",
        "description": "* WHAT...For the Gale Warning, north winds around 20 kt with\ngusts up to 35 kt and waves 2 to 4 ft. For the Small Craft\nAdvisory, northwest winds 15 to 20 kt with gusts up to 30 kt\nand waves 2 to 4 ft expected.\n\n* WHERE...Chesapeake Bay from Pooles Island MD to North Beach\nMD, Chester River to Queenstown MD, and Eastern Bay.\n\n* WHEN...For the Gale Warning, until 10 PM EDT this evening. For\nthe Small Craft Advisory, from 10 PM this evening to 6 PM EDT\nSunday.\n\n* IMPACTS...Strong winds will cause hazardous waves which could\ncapsize or damage vessels.",
        "instruction": "Mariners should alter plans to avoid these hazardous conditions.\nRemain in port, seek safe harbor, alter course, and/or secure the\nvessel for hazardous conditions.",
        "response": "Avoid",
        "note": null,
        "parameters": {
          "AWIPSidentifier": [
            "MWWLWX"
          ],
          "WMOidentifier": [
            "WHUS71 KLWX 261851"
          ],
          "NWSheadline": [
            "GALE WARNING REMAINS IN EFFECT UNTIL 10 PM EDT THIS EVENING... ...SMALL CRAFT ADVISORY IN EFFECT FROM 10 PM THIS EVENING TO 6 PM EDT SUNDAY"
          ],
          "BLOCKCHANNEL": [
            "EAS",
            "NWEM",
            "CMAS"
          ],
          "VTEC": [
            "/O.EXB.KLWX.SC.Y.0148.260927T0200Z-260927T2200Z/"
          ],
          "eventEndingTime": [
            "2026-09-27T18:00:00-04:00"
          ]
        },
        "scope": "Public",
        "code": "IPAWSv1.0",
        "language": "en-US",
        "web": "http://www.weather.gov",
        "eventCode": {
          "SAME": [
            "NWS"
          ],
          "NationalWeatherService": [
            "SCY"
          ]
        }
      }
    },
    {
      "id": "https://api.weather.gov/alerts/urn:oid:2.49.0.1.840.0.87ddb44cfd88c5fc20f13902a0756036c53c7906.003.1",
      "type": "Feature",
      "geometry": null,
      "properties": {
        "@id": "https://api.weather.gov/alerts/urn:oid:2.49.0.1.840.0.87ddb44cfd88c5fc20f13902a0756036c53c7906.003.1",
        "@type": "wx:Alert",
        "id": "urn:oid:2.49.0.1.840.0.87ddb44cfd88c5fc20f13902a0756036c53c7906.003.1",
        "areaDesc": "Arlington/Falls Church/Alexandria",
        "geocode": {
          "SAME": [
            "051013",
            "051510",
            "051610"
          ],
          "UGC": [
            "VAZ054"
          ]
        },
        "affectedZones": [
          "https://api.weather.gov/zones/forecast/VAZ054"
        ],
        "references": [],
        "sent": "2026-09-26T14:50:00-04:00",
        "effective": "2026-09-26T14:50:00-04:00",
        "onset": "2026-09-26T19:00:00-04:00",
        "expires": "2026-09-26T23:00:00-04:00",
        "ends": "2026-09-28T11:00:00-04:00",
        "status": "Actual",
        "messageType": "Alert",
        "category": "Met",
        "severity": "Minor",
        "certainty": "Likely",
        "urgency": "Expected",
        "event": "Coastal Flood Advisory",
        "sender": "w-nws.webmaster@noaa.gov",
        "senderName": "NWS Baltimore MD/Washington DC",
        "headline": "Coastal Flood Advisory issued September 26 at 2:50PM EDT until September 28 at 11:00AM EDT by NWS Baltimore MD/Washington DC",
        "description": "* WHAT...Up to one foot of inundation above ground level expected\nin low lying areas due to tidal flooding.\n\n* WHERE...Shoreline in the City of Alexandria and Arlington\nCounty.\n\n* WHEN...From 7 PM this evening to 11 AM EDT Monday, especially\naround the time of high tide.\n\n* IMPACTS...Water is expected to come up through storm drains,\napproaching businesses on Dock Street in Annapolis. Water is\nexpected to approach the Maritime Museum and begin to cover\nBowyer Road at the Naval Academy. Shoreline inundation up to one\nfoot above ground is likely in other low lying areas..\n\n* ADDITIONAL DETAILS...Tides one and a half to two feet above\nnormal. The next high tide at Alexandria is at 8:55 PM and 9:19\nAM.",
        "instruction": "If travel is required, allow extra time as some roads may be\nclosed. Do not drive around barricades or through water of\nunknown depth. Take the necessary actions to protect flood-prone\nproperty.",
        "response": "Monitor",
        "note": null,
        "parameters": {
          "AWIPSidentifier": [
            "CFWLWX"
          ],
          "WMOidentifier": [
            "WHUS41 KLWX 261850"
          ],
          "NWSheadline": [
            "COASTAL FLOOD ADVISORY IN EFFECT FROM 7 PM THIS EVENING TO 11 AM EDT MONDAY"
          ],
          "BLOCKCHANNEL": [
            "EAS",
            "NWEM",
            "CMAS"
          ],
          "VTEC": [
            "/O.EXB.KLWX.CF.Y.0044.260926T2300Z-260928T1500Z/"
          ],
          "eventEndingTime": [
            "2026-09-28T11:00:00-04:00"
          ]
        },
        "scope": "Public",
        "code": "IPAWSv1.0",
        "language": "en-US",
        "web": "http://www.weather.gov",
        "eventCode": {
          "SAME": [
            "NWS"
          ],
          "NationalWeatherService": [
            "CFY"
          ]
        }
      }
    },
    {
      "id": "https://api.weather.gov/alerts/urn:oid:2.49.0.1.840.0.87ddb44cfd88c5fc20f13902a0756036c53c7906.001.1",
      "type": "Feature",
      "geometry": null,
      "properties": {
        "@id": "https://api.weather.gov/alerts/urn:oid:2.49.0.1.840.0.87ddb44cfd88c5fc20f13902a0756036c53c7906.001.1",
        "@type": "wx:Alert",
        "id": "urn:oid:2.49.0.1.840.0.87ddb44cfd88c5fc20f13902a0756036c53c7906.001.1",
        "areaDesc": "St. Marys",
        "geocode": {
          "SAME": [
            "024037"
          ],
          "UGC": [
            "MDZ017"
          ]
        },
        "affectedZones": [
          "https://api.weather.gov/zones/forecast/MDZ017"
        ],
        "references": [],
        "sent": "2026-09-26T14:50:00-04:00",
        "effective": "2026-09-26T14:50:00-04:00",
        "onset": "2026-09-26T23:00:00-04:00",
        "expires": "2026-09-26T23:00:00-04:00",
        "ends": "2026-09-27T18:00:00-04:00",
        "status": "Actual",
        "messageType": "Alert",
        "category": "Met",
        "severity": "Severe",
        "certainty": "Likely",
        "urgency": "Expected",
        "event": "Coastal Flood Warning",
        "sender": "w-nws.webmaster@noaa.gov",
        "senderName": "NWS Baltimore MD/Washington DC",
        "headline": "Coastal Flood Warning issued September 26 at 2:50PM EDT until September 27 at 6:00PM EDT by NWS Baltimore MD/Washington DC",
        "description": "* WHAT...For the Coastal Flood Advisory, up to two feet of\ninundation above ground level in low lying areas due to tidal\nflooding. For the Coastal Flood Warning, up to two and a half\nfeet of inundation above ground level expected in low lying\nareas due to tidal flooding.\n\n* WHERE...Shoreline in St. Marys County.\n\n* WHEN...For the Coastal Flood Advisory, until 11 PM EDT this\nevening, especially around the time of high tide. For the\nCoastal Flood Warning, from 11 PM this evening to 6 PM EDT\nSunday, especially around the time of high tide.\n\n* IMPACTS...At 3.5 feet, water covers roads on Saint George\nIsland, is in yards, and is approaching structures. To the\neast, inundation is occurring at multiple marinas off St.\nMary's River, Smith Creek, and Jutland Creek.\n\n* ADDITIONAL DETAILS...Tides two and a half to three feet above\nnormal. The next high tide at Piney Point is at 3:07 AM and 3:19\nPM. The next high tide at Coltons Point is at 3:19 PM and 3:43\nAM. The next high tide at Point Lookout is at 1:55 AM and 2:36\nPM.",
        "instruction": "Take the necessary actions to protect flood-prone property. If\ntravel is required, do not drive around barricades or through\nwater of unknown depth.",
        "response": "Avoid",
        "note": null,
        "parameters": {
          "AWIPSidentifier": [
            "CFWLWX"
          ],
          "WMOidentifier": [
            "WHUS41 KLWX 261850"
          ],
          "NWSheadline": [
            "COASTAL FLOOD ADVISORY NOW IN EFFECT UNTIL 11 PM EDT THIS EVENING... ...COASTAL FLOOD WARNING IN EFFECT FROM 11 PM THIS EVENING TO 6 PM EDT SUNDAY"
          ],
          "BLOCKCHANNEL": [
            "EAS",
            "NWEM",
            "CMAS"
          ],
          "EAS-ORG": [
            "WXR"
          ],
          "VTEC": [
            "/O.NEW.KLWX.CF.W.0003.260927T0300Z-260927T2200Z/"
          ],
          "eventEndingTime": [
            "2026-09-27T18:00:00-04:00"
          ]
        },
        "scope": "Public",
        "code": "IPAWSv1.0",
        "language": "en-US",
        "web": "http://www.weather.gov",
        "eventCode": {
          "SAME": [
            "CFW"
          ],
          "NationalWeatherService": [
            "CFW"
          ]
        }
      }
    },
    {
      "id": "https://api.weather.gov/alerts/urn:oid:2.49.0.1.840.0.87ddb44cfd88c5fc20f13902a0756036c53c7906.002.2",
      "type": "Feature",
      "geometry": null,
      "properties": {
        "@id": "https://api.weather.gov/alerts/urn:oid:2.49.0.1.840.0.87ddb44cfd88c5fc20f13902a0756036c53c7906.002.2",
        "@type": "wx:Alert",
        "id": "urn:oid:2.49.0.1.840.0.87ddb44cfd88c5fc20f13902a0756036c53c7906.002.2",
        "areaDesc": "Anne Arundel",
        "geocode": {
          "SAME": [
            "024003"
          ],
          "UGC": [
            "MDZ014"
          ]
        },
        "affectedZones": [
          "https://api.weather.gov/zones/forecast/MDZ014"
        ],
        "references": [],
        "sent": "2026-09-26T14:50:00-04:00",
        "effective": "2026-09-26T14:50:00-04:00",
        "onset": "2026-09-27T13:00:00-04:00",
        "expires": "2026-09-26T23:00:00-04:00",
        "ends": "2026-09-27T23:00:00-04:00",
        "status": "Actual",
        "messageType": "Alert",
        "category": "Met",
        "severity": "Moderate",
        "certainty": "Possible",
        "urgency": "Future",
        "event": "Coastal Flood Watch",
        "sender": "w-nws.webmaster@noaa.gov",
        "senderName": "NWS Baltimore MD/Washington DC",
        "headline": "Coastal Flood Watch issued September 26 at 2:50PM EDT until September 27 at 11:00PM EDT by NWS Baltimore MD/Washington DC",
        "description": "* WHAT...For the Coastal Flood Advisory, up to one and a half feet\nof inundation above ground level expected in low lying areas due\nto tidal flooding. For the Coastal Flood Watch, up to two feet\nof inundation above ground level possible in low lying areas due\nto tidal flooding.\n\n* WHERE...Shoreline in Anne Arundel County.\n\n* WHEN...For the Coastal Flood Advisory, from 2 AM to 11 AM EDT\nSunday, especially around the time of high tide. For the\nCoastal Flood Watch, from Sunday afternoon through Sunday\nevening, especially around the time of high tide.\n\n* IMPACTS...At 3.5 feet, water reaches the floor of the Maritime\nMuseum in Annapolis, begins to cover Bowyer Road on the Naval\nAcademy campus, and numerous businesses on Dock Street are\nflooded, along with the City Dock parking lot. Bayside Beach\nbegins to flood around Harbor Rd and Lake Dr.\n\n* ADDITIONAL DETAILS...Tides two to two and a half feet above\nnormal. The next high tide at Annapolis U.S. Naval Academy is at\n5:57 PM and 5:50 AM.",
        "instruction": "If travel is required, allow extra time as some roads may be\nclosed. Do not drive around barricades or through water of\nunknown depth. Take the necessary actions to protect flood-prone\nproperty.",
        "response": "Prepare",
        "note": null,
        "parameters": {
          "AWIPSidentifier": [
            "CFWLWX"
          ],
          "WMOidentifier": [
            "WHUS41 KLWX 261850"
          ],
          "NWSheadline": [
            "COASTAL FLOOD ADVISORY IN EFFECT FROM 2 AM TO 11 AM EDT SUNDAY... ...COASTAL FLOOD WATCH IN EFFECT FROM SUNDAY AFTERNOON THROUGH SUNDAY EVENING"
          ],
          "BLOCKCHANNEL": [
            "EAS",
            "NWEM",
            "CMAS"
          ],
          "EAS-ORG": [
            "WXR"
          ],
          "VTEC": [
            "/O.NEW.KLWX.CF.A.0004.260927T1700Z-260928T0300Z/"
          ],
          "eventEndingTime": [
            "2026-09-27T23:00:00-04:00"
          ]
        },
        "scope": "Public",
        "code": "IPAWSv1.0",
        "language": "en-US",
        "web": "http://www.weather.gov",
        "eventCode": {
          "SAME": [
            "CFA"
          ],
          "NationalWeatherService": [
            "CFA"
          ]
        }
      }
    },
    {
      "id": "https://api.weather.gov/alerts/urn:oid:2.49.0.1.840.0.87ddb44cfd88c5fc20f13902a0756036c53c7906.002.1",
      "type": "Feature",
      "geometry": null,
      "properties": {
        "@id": "https://api.weather.gov/alerts/urn:oid:2.49.0.1.840.0.87ddb44cfd88c5fc20f13902a0756036c53c7906.002.1",
        "@type": "wx:Alert",
        "id": "urn:oid:2.49.0.1.840.0.87ddb44cfd88c5fc20f13902a0756036c53c7906.002.1",
        "areaDesc": "Anne Arundel",
        "geocode": {
          "SAME": [
            "024003"
          ],
          "UGC": [
            "MDZ014"
          ]
        },
        "affectedZones": [
          "https://api.weather.gov/zones/forecast/MDZ014"
        ],
        "references": [],
        "sent": "2026-09-26T14:50:00-04:00",
        "effective": "2026-09-26T14:50:00-04:00",
        "onset": "2026-09-27T02:00:00-04:00",
        "expires": "2026-09-26T23:00:00-04:00",
        "ends": "2026-09-27T11:00:00-04:00",
        "status": "Actual",
        "messageType": "Alert",
        "category": "Met",
        "severity": "Minor",
        "certainty": "Likely",
        "urgency": "Expected",
        "event": "Coastal Flood Advisory",
        "sender": "w-nws.webmaster@noaa.gov",
        "senderName": "NWS Baltimore MD/Washington DC",
        "headline": "Coastal Flood Advisory issued September 26 at 2:50PM EDT until September 27 at 11:00AM EDT by NWS Baltimore MD/Washington DC",
        "description": "* WHAT...For the Coastal Flood Advisory, up to one and a half feet\nof inundation above ground level expected in low lying areas due\nto tidal flooding. For the Coastal Flood Watch, up to two feet\nof inundation above ground level possible in low lying areas due\nto tidal flooding.\n\n* WHERE...Shoreline in Anne Arundel County.\n\n* WHEN...For the Coastal Flood Advisory, from 2 AM to 11 AM EDT\nSunday, especially around the time of high tide. For the\nCoastal Flood Watch, from Sunday afternoon through Sunday\nevening, especially around the time of high tide.\n\n* IMPACTS...At 3.5 feet, water reaches the floor of the Maritime\nMuseum in Annapolis, begins to cover Bowyer Road on the Naval\nAcademy campus, and numerous businesses on Dock Street are\nflooded, along with the City Dock parking lot. Bayside Beach\nbegins to flood around Harbor Rd and Lake Dr.\n\n* ADDITIONAL DETAILS...Tides two to two and a half feet above\nnormal. The next high tide at Annapolis U.S. Naval Academy is at\n5:57 PM and 5:50 AM.",
        "instruction": "If travel is required, allow extra time as some roads may be\nclosed. Do not drive around barricades or through water of\nunknown depth. Take the necessary actions to protect flood-prone\nproperty.",
        "response": "Monitor",
        "note": null,
        "parameters": {
          "AWIPSidentifier": [
            "CFWLWX"
          ],
          "WMOidentifier": [
            "WHUS41 KLWX 261850"
          ],
          "NWSheadline": [
            "COASTAL FLOOD ADVISORY IN EFFECT FROM 2 AM TO 11 AM EDT SUNDAY... ...COASTAL FLOOD WATCH IN EFFECT FROM SUNDAY AFTERNOON THROUGH SUNDAY EVENING"
          ],
          "BLOCKCHANNEL": [
            "EAS",
            "NWEM",
            "CMAS"
          ],
          "VTEC": [
            "/O.NEW.KLWX.CF.Y.0046.260927T0600Z-260927T1500Z/"
          ],
          "eventEndingTime": [
            "2026-09-27T11:00:00-04:00"
          ]
        },
        "scope": "Public",
        "code": "IPAWSv1.0",
        "language": "en-US",
        "web": "http://www.weather.gov",
        "eventCode": {
          "SAME": [
            "NWS"
          ],
          "NationalWeatherService": [
            "CFY"
          ]
        }
      }
    },
    {
      "id": "https://api.weather.gov/alerts/urn:oid:2.49.0.1.840.0.b4eeed72badb95986bd63eae6a220dba82f848af.005.1",
      "type": "Feature",
      "geometry": null,
      "properties": {
        "@id": "https://api.weather.gov/alerts/urn:oid:2.49.0.1.840.0.b4eeed72badb95986bd63eae6a220dba82f848af.005.1",
        "@type": "wx:Alert",
        "id": "urn:oid:2.49.0.1.840.0.b4eeed72badb95986bd63eae6a220dba82f848af.005.1",
        "areaDesc": "Icy Strait",
        "geocode": {
          "SAME": [
            "058021"
          ],
          "UGC": [
            "PKZ021"
          ]
        },
        "affectedZones": [
          "https://api.weather.gov/zones/forecast/PKZ021"
        ],
        "references": [],
        "sent": "2026-09-26T10:33:00-08:00",
        "effective": "2026-09-26T10:33:00-08:00",
        "onset": "2026-09-26T10:00:00-08:00",
        "expires": "2026-09-26T19:00:00-08:00",
        "ends": "2026-09-27T05:00:00-08:00",
        "status": "Actual",
        "messageType": "Alert",
        "category": "Met",
        "severity": "Minor",
        "certainty": "Likely",
        "urgency": "Expected",
        "event": "Small Craft Advisory",
        "sender": "w-nws.webmaster@noaa.gov",
        "senderName": "NWS Juneau AK",
        "headline": "Small Craft Advisory issued September 26 at 10:33AM AKDT until September 27 at 5:00AM AKDT by NWS Juneau AK",
        "description": "Southeast Alaska Inside Waters from Dixon Entrance to Skagway\n\nWind forecasts reflect the predominant speed and direction\nexpected. Sea forecasts represent the average of the highest\none-third of the combined windwave and swell height.\n\n.TODAY...SE wind 15 kt. Gusts to 35 kt in the afternoon. Seas\nbuilding to 4 ft. Rain.\n.TONIGHT...SE wind 25 kt. Seas 4 ft. Rain.\n.SUN...SE wind 25 kt. Seas 5 ft. Rain.\n.SUN NIGHT...SE wind 25 kt. Gusts to 40 kt. Seas 5 ft. Rain.\n.MON...SE wind 20 kt. Seas 4 ft.\n.TUE...SE wind 15 kt. Seas 3 ft.\n.WED...E wind 15 kt. Seas 3 ft.",
        "instruction": null,
        "response": "Avoid",
        "note": null,
        "parameters": {
          "AWIPSidentifier": [
            "CWFAJK"
          ],
          "WMOidentifier": [
            "FZAK51 PAJK 261833 AAA"
          ],
          "NWSheadline": [
            "SMALL CRAFT ADVISORY THROUGH LATE TONIGHT"
          ],
          "BLOCKCHANNEL": [
            "EAS",
            "NWEM",
            "CMAS"
          ],
          "VTEC": [
            "/O.NEW.PAJK.SC.Y.2312.260926T1800Z-260927T1300Z/"
          ],
          "eventEndingTime": [
            "2026-09-27T05:00:00-08:00"
          ]
        },
        "scope": "Public",
        "code": "IPAWSv1.0",
        "language": "en-US",
        "web": "http://www.weather.gov",
        "eventCode": {
          "SAME": [
            "NWS"
          ],
          "NationalWeatherService": [
            "SCY"
          ]
        }
      }
    },
    {
      "id": "https://api.weather.gov/alerts/urn:oid:2.49.0.1.840.0.b4eeed72badb95986bd63eae6a220dba82f848af.009.1",
      "type": "Feature",
      "geometry": null,
      "properties": {
        "@id": "https://api.weather.gov/alerts/urn:oid:2.49.0.1.840.0.b4eeed72badb95986bd63eae6a220dba82f848af.009.1",
        "@type": "wx:Alert",
        "id": "urn:oid:2.49.0.1.840.0.b4eeed72badb95986bd63eae6a220dba82f848af.009.1",
        "areaDesc": "Southern Chatham Strait",
        "geocode": {
          "SAME": [
            "058033"
          ],
          "UGC": [
            "PKZ033"
          ]
        },
        "affectedZones": [
          "https://api.weather.gov/zones/forecast/PKZ033"
        ],
        "references": [],
        "sent": "2026-09-26T10:33:00-08:00",
        "effective": "2026-09-26T10:33:00-08:00",
        "onset": "2026-09-26T17:00:00-08:00",
        "expires": "2026-09-26T19:00:00-08:00",
        "ends": "2026-09-27T05:00:00-08:00",
        "status": "Actual",
        "messageType": "Alert",
        "category": "Met",
        "severity": "Minor",
        "certainty": "Likely",
        "urgency": "Expected",
        "event": "Small Craft Advisory",
        "sender": "w-nws.webmaster@noaa.gov",
        "senderName": "NWS Juneau AK",
        "headline": "Small Craft Advisory issued September 26 at 10:33AM AKDT until September 27 at 5:00AM AKDT by NWS Juneau AK",
        "description": "Southeast Alaska Inside Waters from Dixon Entrance to Skagway\n\nWind forecasts reflect the predominant speed and direction\nexpected. Sea forecasts represent the average of the highest\none-third of the combined windwave and swell height.\n\n.TODAY...S wind 15 kt. Seas building to 4 ft. Near ocean\nentrances, seas 4 ft building to 8 ft. Rain.\n.TONIGHT...S wind 15 kt increasing to 25 kt late. Seas 4 ft,\nexcept 8 ft near ocean entrances. Rain.\n.SUN...S wind 25 kt. Seas 5 ft, except 10 ft near ocean\nentrances. Rain.\n.SUN NIGHT...S wind 25 kt. Gusts to 40 kt. Seas 6 ft, except\n11 ft near ocean entrances. Rain.\n.MON...S wind 15 kt. Seas 3 ft.\n.TUE...S wind 15 kt. Seas 3 ft.\n.WED...SE wind 10 kt. Seas 3 ft.",
        "instruction": null,
        "response": "Avoid",
        "note": null,
        "parameters": {
          "AWIPSidentifier": [
            "CWFAJK"
          ],
          "WMOidentifier": [
            "FZAK51 PAJK 261833 AAA"
          ],
          "NWSheadline": [
            "SMALL CRAFT ADVISORY LATE TONIGHT"
          ],
          "BLOCKCHANNEL": [
            "EAS",
            "NWEM",
            "CMAS"
          ],
          "VTEC": [
            "/O.NEW.PAJK.SC.Y.2315.260927T0100Z-260927T1300Z/"
          ],
          "eventEndingTime": [
            "2026-09-27T05:00:00-08:00"
          ]
        },
        "scope": "Public",
        "code": "IPAWSv1.0",
        "language": "en-US",
        "web": "http://www.weather.gov",
        "eventCode": {
          "SAME": [
            "NWS"
          ],
          "NationalWeatherService": [
            "SCY"
          ]
        }
      }
    },
    {
      "id": "https://api.weather.gov/alerts/urn:oid:2.49.0.1.840.0.b4eeed72badb95986bd63eae6a220dba82f848af.007.1",
      "type": "Feature",
      "geometry": null,
      "properties": {
        "@id": "https://api.weather.gov/alerts/urn:oid:2.49.0.1.840.0.b4eeed72badb95986bd63eae6a220dba82f848af.007.1",
        "@type": "wx:Alert",
        "id": "urn:oid:2.49.0.1.840.0.b4eeed72badb95986bd63eae6a220dba82f848af.007.1",
        "areaDesc": "Stephens Passage",
        "geocode": {
          "SAME": [
            "058031"
          ],
          "UGC": [
            "PKZ031"
          ]
        },
        "affectedZones": [
          "https://api.weather.gov/zones/forecast/PKZ031"
        ],
        "references": [],
        "sent": "2026-09-26T10:33:00-08:00",
        "effective": "2026-09-26T10:33:00-08:00",
        "onset": "2026-09-26T10:00:00-08:00",
        "expires": "2026-09-26T19:00:00-08:00",
        "ends": "2026-09-27T05:00:00-08:00",
        "status": "Actual",
        "messageType": "Alert",
        "category": "Met",
        "severity": "Minor",
        "certainty": "Likely",
        "urgency": "Expected",
        "event": "Small Craft Advisory",
        "sender": "w-nws.webmaster@noaa.gov",
        "senderName": "NWS Juneau AK",
        "headline": "Small Craft Advisory issued September 26 at 10:33AM AKDT until September 27 at 5:00AM AKDT by NWS Juneau AK",
        "description": "Southeast Alaska Inside Waters from Dixon Entrance to Skagway\n\nWind forecasts reflect the predominant speed and direction\nexpected. Sea forecasts represent the average of the highest\none-third of the combined windwave and swell height.\n\nUPDATED\n\n...SMALL CRAFT ADVISORY THROUGH LATE TONIGHT...\n\n.REST OF TODAY...SE wind 10 kt increasing to 20 kt in the\nafternoon. Near Young Bay, E wind 25 kt. Seas 4 ft. Rain.\n.TONIGHT...SE wind 25 kt. Seas 5 ft. Rain.\n.SUN...SE wind 25 kt. Seas 5 ft. Rain.\n.SUN NIGHT...SE wind 25 kt. Seas 5 ft. Rain.\n.MON...SE wind 20 kt. Seas 4 ft.\n.TUE...SE wind 20 kt. Seas 4 ft.\n.WED...SE wind 15 kt. Seas 2 ft or less.",
        "instruction": null,
        "response": "Avoid",
        "note": null,
        "parameters": {
          "AWIPSidentifier": [
            "CWFAJK"
          ],
          "WMOidentifier": [
            "FZAK51 PAJK 261833 AAA"
          ],
          "BLOCKCHANNEL": [
            "EAS",
            "NWEM",
            "CMAS"
          ],
          "VTEC": [
            "/O.NEW.PAJK.SC.Y.2314.260926T1800Z-260927T1300Z/"
          ],
          "eventEndingTime": [
            "2026-09-27T05:00:00-08:00"
          ]
        },
        "scope": "Public",
        "code": "IPAWSv1.0",
        "language": "en-US",
        "web": "http://www.weather.gov",
        "eventCode": {
          "SAME": [
            "NWS"
          ],
          "NationalWeatherService": [
            "SCY"
          ]
        }
      }
    },
    {
      "id": "https://api.weather.gov/alerts/urn:oid:2.49.0.1.840.0.b4eeed72badb95986bd63eae6a220dba82f848af.006.1",
      "type": "Feature",
      "geometry": null,
      "properties": {
        "@id": "https://api.weather.gov/alerts/urn:oid:2.49.0.1.840.0.b4eeed72badb95986bd63eae6a220dba82f848af.006.1",
        "@type": "wx:Alert",
        "id": "urn:oid:2.49.0.1.840.0.b4eeed72badb95986bd63eae6a220dba82f848af.006.1",
        "areaDesc": "Cross Sound",
        "geocode": {
          "SAME": [
            "058022"
          ],
          "UGC": [
            "PKZ022"
          ]
        },
        "affectedZones": [
          "https://api.weather.gov/zones/forecast/PKZ022"
        ],
        "references": [],
        "sent": "2026-09-26T10:33:00-08:00",
        "effective": "2026-09-26T10:33:00-08:00",
        "onset": "2026-09-26T17:00:00-08:00",
        "expires": "2026-09-26T19:00:00-08:00",
        "ends": "2026-09-27T05:00:00-08:00",
        "status": "Actual",
        "messageType": "Alert",
        "category": "Met",
        "severity": "Minor",
        "certainty": "Likely",
        "urgency": "Expected",
        "event": "Small Craft Advisory",
        "sender": "w-nws.webmaster@noaa.gov",
        "senderName": "NWS Juneau AK",
        "headline": "Small Craft Advisory issued September 26 at 10:33AM AKDT until September 27 at 5:00AM AKDT by NWS Juneau AK",
        "description": "Southeast Alaska Inside Waters from Dixon Entrance to Skagway\n\nWind forecasts reflect the predominant speed and direction\nexpected. Sea forecasts represent the average of the highest\none-third of the combined windwave and swell height.\n\n.TODAY...E wind 15 kt. Seas 4 ft building to 7 ft. Rain.\n.TONIGHT...S wind 15 kt. Seas 8 ft. Rain.\n.SUN...S wind 15 kt. Seas 8 ft. Rain.\n.SUN NIGHT...S wind 15 kt. Seas 8 ft. Rain.\n.MON...SE wind 10 kt. Seas 7 ft.\n.TUE...SE wind 10 kt. Seas 6 ft.\n.WED...E wind 10 kt. Seas 6 ft.",
        "instruction": null,
        "response": "Avoid",
        "note": null,
        "parameters": {
          "AWIPSidentifier": [
            "CWFAJK"
          ],
          "WMOidentifier": [
            "FZAK51 PAJK 261833 AAA"
          ],
          "NWSheadline": [
            "SMALL CRAFT ADVISORY LATE TONIGHT"
          ],
          "BLOCKCHANNEL": [
            "EAS",
            "NWEM",
            "CMAS"
          ],
          "VTEC": [
            "/O.NEW.PAJK.SC.Y.2313.260927T0100Z-260927T1300Z/"
          ],
          "eventEndingTime": [
            "2026-09-27T05:00:00-08:00"
          ]
        },
        "scope": "Public",
        "code": "IPAWSv1.0",
        "language": "en-US",
        "web": "http://www.weather.gov",
        "eventCode": {
          "SAME": [
            "NWS"
          ],
          "NationalWeatherService": [
            "SCY"
          ]
        }
      }
    },
    {
      "id": "https://api.weather.gov/alerts/urn:oid:2.49.0.1.840.0.b4eeed72badb95986bd63eae6a220dba82f848af.003.1",
      "type": "Feature",
      "geometry": null,
      "properties": {
        "@id": "https://api.weather.gov/alerts/urn:oid:2.49.0.1.840.0.b4eeed72badb95986bd63eae6a220dba82f848af.003.1",
        "@type": "wx:Alert",
        "id": "urn:oid:2.49.0.1.840.0.b4eeed72badb95986bd63eae6a220dba82f848af.003.1",
        "areaDesc": "Northern Lynn Canal",
        "geocode": {
          "SAME": [
            "058012"
          ],
          "UGC": [
            "PKZ012"
          ]
        },
        "affectedZones": [
          "https://api.weather.gov/zones/forecast/PKZ012"
        ],
        "references": [],
        "sent": "2026-09-26T10:33:00-08:00",
        "effective": "2026-09-26T10:33:00-08:00",
        "onset": "2026-09-26T10:00:00-08:00",
        "expires": "2026-09-26T19:00:00-08:00",
        "ends": "2026-09-27T05:00:00-08:00",
        "status": "Actual",
        "messageType": "Alert",
        "category": "Met",
        "severity": "Minor",
        "certainty": "Likely",
        "urgency": "Expected",
        "event": "Small Craft Advisory",
        "sender": "w-nws.webmaster@noaa.gov",
        "senderName": "NWS Juneau AK",
        "headline": "Small Craft Advisory issued September 26 at 10:33AM AKDT until September 27 at 5:00AM AKDT by NWS Juneau AK",
        "description": "Southeast Alaska Inside Waters from Dixon Entrance to Skagway\n\nWind forecasts reflect the predominant speed and direction\nexpected. Sea forecasts represent the average of the highest\none-third of the combined windwave and swell height.\n\n.TODAY...S wind 15 kt. Seas building to 3 ft. Rain.\n.TONIGHT...S wind 25 kt. Seas 5 ft. Rain.\n.SUN...SE wind 25 kt. Seas 5 ft. Rain.\n.SUN NIGHT...SE wind 30 kt. Seas 5 ft. Rain.\n.MON...SE wind 25 kt. Seas 4 ft.\n.TUE...SE wind 20 kt. Seas 3 ft.\n.WED...SE wind 15 kt. Seas 3 ft.",
        "instruction": null,
        "response": "Avoid",
        "note": null,
        "parameters": {
          "AWIPSidentifier": [
            "CWFAJK"
          ],
          "WMOidentifier": [
            "FZAK51 PAJK 261833 AAA"
          ],
          "NWSheadline": [
            "SMALL CRAFT ADVISORY THROUGH LATE TONIGHT"
          ],
          "BLOCKCHANNEL": [
            "EAS",
            "NWEM",
            "CMAS"
          ],
          "VTEC": [
            "/O.NEW.PAJK.SC.Y.2310.260926T1800Z-260927T1300Z/"
          ],
          "eventEndingTime": [
            "2026-09-27T05:00:00-08:00"
          ]
        },
        "scope": "Public",
        "code": "IPAWSv1.0",
        "language": "en-US",
        "web": "http://www.weather.gov",
        "eventCode": {
          "SAME": [
            "NWS"
          ],
          "NationalWeatherService": [
            "SCY"
          ]
        }
      }
    },
    {
      "id": "https://api.weather.gov/alerts/urn:oid:2.49.0.1.840.0.b4eeed72badb95986bd63eae6a220dba82f848af.004.1",
      "type": "Feature",
      "geometry": null,
      "properties": {
        "@id": "https://api.weather.gov/alerts/urn:oid:2.49.0.1.840.0.b4eeed72badb95986bd63eae6a220dba82f848af.004.1",
        "@type": "wx:Alert",
        "id": "urn:oid:2.49.0.1.840.0.b4eeed72badb95986bd63eae6a220dba82f848af.004.1",
        "areaDesc": "Southern Lynn Canal",
        "geocode": {
          "SAME": [
            "058013"
          ],
          "UGC": [
            "PKZ013"
          ]
        },
        "affectedZones": [
          "https://api.weather.gov/zones/forecast/PKZ013"
        ],
        "references": [],
        "sent": "2026-09-26T10:33:00-08:00",
        "effective": "2026-09-26T10:33:00-08:00",
        "onset": "2026-09-26T17:00:00-08:00",
        "expires": "2026-09-26T19:00:00-08:00",
        "ends": "2026-09-27T05:00:00-08:00",
        "status": "Actual",
        "messageType": "Alert",
        "category": "Met",
        "severity": "Minor",
        "certainty": "Likely",
        "urgency": "Expected",
        "event": "Small Craft Advisory",
        "sender": "w-nws.webmaster@noaa.gov",
        "senderName": "NWS Juneau AK",
        "headline": "Small Craft Advisory issued September 26 at 10:33AM AKDT until September 27 at 5:00AM AKDT by NWS Juneau AK",
        "description": "Southeast Alaska Inside Waters from Dixon Entrance to Skagway\n\nWind forecasts reflect the predominant speed and direction\nexpected. Sea forecasts represent the average of the highest\none-third of the combined windwave and swell height.\n\n.TODAY...SE wind 15 kt. Seas building to 4 ft. Rain in the\nafternoon.\n.TONIGHT...SE wind 25 kt. Seas 5 ft. Rain.\n.SUN...SE wind 25 kt. Out of interior passes, gusts to 35 kt\nin the afternoon. Seas 5 ft. Rain.\n.SUN NIGHT...SE wind 25 kt. Seas 5 ft. Rain.\n.MON...SE wind 20 kt. Seas 4 ft.\n.TUE...SE wind 20 kt. Seas 3 ft.\n.WED...E wind 15 kt. Seas 3 ft.",
        "instruction": null,
        "response": "Avoid",
        "note": null,
        "parameters": {
          "AWIPSidentifier": [
            "CWFAJK"
          ],
          "WMOidentifier": [
            "FZAK51 PAJK 261833 AAA"
          ],
          "NWSheadline": [
            "SMALL CRAFT ADVISORY LATE TONIGHT"
          ],
          "BLOCKCHANNEL": [
            "EAS",
            "NWEM",
            "CMAS"
          ],
          "VTEC": [
            "/O.NEW.PAJK.SC.Y.2311.260927T0100Z-260927T1300Z/"
          ],
          "eventEndingTime": [
            "2026-09-27T05:00:00-08:00"
          ]
        },
        "scope": "Public",
        "code": "IPAWSv1.0",
        "language": "en-US",
        "web": "http://www.weather.gov",
        "eventCode": {
          "SAME": [
            "NWS"
          ],
          "NationalWeatherService": [
            "SCY"
          ]
        }
      }
    },
    {
      "id": "https://api.weather.gov/alerts/urn:oid:2.49.0.1.840.0.7bb98cd60e8688b79c8b17af203c1ecafc855445.002.1",
      "type": "Feature",
      "geometry": null,
      "properties": {
        "@id": "https://api.weather.gov/alerts/urn:oid:2.49.0.1.840.0.7bb98cd60e8688b79c8b17af203c1ecafc855445.002.1",
        "@type": "wx:Alert",
        "id": "urn:oid:2.49.0.1.840.0.7bb98cd60e8688b79c8b17af203c1ecafc855445.002.1",
        "areaDesc": "Coastal Cumberland; Sagadahoc; Lincoln; Knox",
        "geocode": {
          "SAME": [
            "023005",
            "023023",
            "023015",
            "023013"
          ],
          "UGC": [
            "MEZ024",
            "MEZ025",
            "MEZ026",
            "MEZ027"
          ]
        },
        "affectedZones": [
          "https://api.weather.gov/zones/forecast/MEZ024",
          "https://api.weather.gov/zones/forecast/MEZ025",
          "https://api.weather.gov/zones/forecast/MEZ026",
          "https://api.weather.gov/zones/forecast/MEZ027"
        ],
        "references": [],
        "sent": "2026-09-26T14:26:00-04:00",
        "effective": "2026-09-26T14:26:00-04:00",
        "onset": "2026-09-26T14:26:00-04:00",
        "expires": "2026-09-26T22:30:00-04:00",
        "ends": "2026-09-27T20:00:00-04:00",
        "status": "Actual",
        "messageType": "Alert",
        "category": "Met",
        "severity": "Minor",
        "certainty": "Likely",
        "urgency": "Expected",
        "event": "High Surf Advisory",
        "sender": "w-nws.webmaster@noaa.gov",
        "senderName": "NWS Gray ME",
        "headline": "High Surf Advisory issued September 26 at 2:26PM EDT until September 27 at 8:00PM EDT by NWS Gray ME",
        "description": "* WHAT...Large breaking waves of 6 to 10 feet and a high risk of\nrip currents.\n\n* WHERE...Coastal Cumberland, Sagadahoc, Lincoln and Knox\nCounties.\n\n* WHEN...Until 8 PM EDT Sunday.\n\n* IMPACTS...Dangerous swimming and surfing conditions and\nlocalized beach erosion.",
        "instruction": "Inexperienced swimmers should remain out of the water due to\ndangerous surf conditions.",
        "response": "Avoid",
        "note": null,
        "parameters": {
          "AWIPSidentifier": [
            "CFWGYX"
          ],
          "WMOidentifier": [
            "WHUS41 KGYX 261826"
          ],
          "NWSheadline": [
            "HIGH SURF ADVISORY REMAINS IN EFFECT UNTIL 8 PM EDT SUNDAY"
          ],
          "BLOCKCHANNEL": [
            "EAS",
            "NWEM",
            "CMAS"
          ],
          "VTEC": [
            "/O.CON.KGYX.SU.Y.0003.000000T0000Z-260928T0000Z/"
          ],
          "eventEndingTime": [
            "2026-09-27T20:00:00-04:00"
          ],
          "expiredReferences": [
            "w-nws.webmaster@noaa.gov,urn:oid:2.49.0.1.840.0.cc8a48feb9455f4f7f49809dd0992359b0b5fc60.002.1,2026-09-26T02:22:00-04:00 w-nws.webmaster@noaa.gov,urn:oid:2.49.0.1.840.0.75cfb424f82339cabe186effba3dd6c8dbfd802b.002.1,2026-09-25T14:29:00-04:00 w-nws.webmaster@noaa.gov,urn:oid:2.49.0.1.840.0.aed42b651fbc3950cf10dd19c793f1cb9c254f5a.002.1,2026-09-25T10:26:00-04:00 w-nws.webmaster@noaa.gov,urn:oid:2.49.0.1.840.0.cf8c6a7374881f742131af099f9137563d86ee6c.002.1,2026-09-25T09:16:00-04:00 w-nws.webmaster@noaa.gov,urn:oid:2.49.0.1.840.0.d82f224abe4c79bf679ff2ab455bfedc5dfedc9f.002.1,2026-09-25T02:25:00-04:00 w-nws.webmaster@noaa.gov,urn:oid:2.49.0.1.840.0.7d2271997e835b0d1c1d54adf849e485a821c579.001.1,2026-09-24T14:23:00-04:00 w-nws.webmaster@noaa.gov,urn:oid:2.49.0.1.840.0.b8a99b54a40af7f3414280554a8fced416028b7a.001.1,2026-09-24T02:25:00-04:00"
          ]
        },
        "scope": "Public",
        "code": "IPAWSv1.0",
        "language": "en-US",
        "web": "http://www.weather.gov",
        "eventCode": {
          "SAME": [
            "NWS"
          ],
          "NationalWeatherService": [
            "SUY"
          ]
        }
      }
    },
    {
      "id": "https://api.weather.gov/alerts/urn:oid:2.49.0.1.840.0.7bb98cd60e8688b79c8b17af203c1ecafc855445.001.1",
      "type": "Feature",
      "geometry": null,
      "properties": {
        "@id": "https://api.weather.gov/alerts/urn:oid:2.49.0.1.840.0.7bb98cd60e8688b79c8b17af203c1ecafc855445.001.1",
        "@type": "wx:Alert",
        "id": "urn:oid:2.49.0.1.840.0.7bb98cd60e8688b79c8b17af203c1ecafc855445.001.1",
        "areaDesc": "Coastal York; Coastal Rockingham",
        "geocode": {
          "SAME": [
            "023031",
            "033015"
          ],
          "UGC": [
            "MEZ023",
            "NHZ014"
          ]
        },
        "affectedZones": [
          "https://api.weather.gov/zones/forecast/MEZ023",
          "https://api.weather.gov/zones/forecast/NHZ014"
        ],
        "references": [],
        "sent": "2026-09-26T14:26:00-04:00",
        "effective": "2026-09-26T14:26:00-04:00",
        "onset": "2026-09-26T14:26:00-04:00",
        "expires": "2026-09-26T22:30:00-04:00",
        "ends": "2026-09-27T23:00:00-04:00",
        "status": "Actual",
        "messageType": "Alert",
        "category": "Met",
        "severity": "Minor",
        "certainty": "Likely",
        "urgency": "Expected",
        "event": "Coastal Flood Advisory",
        "sender": "w-nws.webmaster@noaa.gov",
        "senderName": "NWS Gray ME",
        "headline": "Coastal Flood Advisory issued September 26 at 2:26PM EDT until September 27 at 11:00PM EDT by NWS Gray ME",
        "description": "* WHAT...For the Coastal Flood Advisory, minor coastal flooding\nwith up to 1 foot of inundation and large breaking waves leading\nto splash over and beach erosion. This is a long duration\nevent...with these impacts felt over multiple tide cycles\ncontinuing through Sunday evening. For the High Surf Advisory,\nlarge breaking waves of large breaking waves of 7 to 12 feet\nand a high risk of rip currents.\n\n* WHERE...In Maine, Coastal York County. In New Hampshire,\nCoastal Rockingham County.\n\n* WHEN...For the Coastal Flood Advisory, until 11 PM EDT Sunday.\nFor the High Surf Advisory, until 8 PM EDT Sunday.\n\n* IMPACTS...Flooding of lots, parks, and roads with only\nisolated road closures expected. Dangerous swimming and\nsurfing conditions and localized beach erosion.",
        "instruction": "If travel is required, allow extra time as some roads may be\nclosed. Do not drive around barricades or through water of\nunknown depth. Take the necessary actions to protect flood-prone\nproperty.\n\nInexperienced swimmers should remain out of the water due to\ndangerous surf conditions.",
        "response": "Monitor",
        "note": null,
        "parameters": {
          "AWIPSidentifier": [
            "CFWGYX"
          ],
          "WMOidentifier": [
            "WHUS41 KGYX 261826"
          ],
          "NWSheadline": [
            "COASTAL FLOOD ADVISORY REMAINS IN EFFECT UNTIL 11 PM EDT SUNDAY... ...HIGH SURF ADVISORY REMAINS IN EFFECT UNTIL 8 PM EDT SUNDAY"
          ],
          "BLOCKCHANNEL": [
            "EAS",
            "NWEM",
            "CMAS"
          ],
          "VTEC": [
            "/O.CON.KGYX.CF.Y.0004.000000T0000Z-260928T0300Z/"
          ],
          "eventEndingTime": [
            "2026-09-27T23:00:00-04:00"
          ],
          "expiredReferences": [
            "w-nws.webmaster@noaa.gov,urn:oid:2.49.0.1.840.0.cc8a48feb9455f4f7f49809dd0992359b0b5fc60.001.2,2026-09-26T02:22:00-04:00 w-nws.webmaster@noaa.gov,urn:oid:2.49.0.1.840.0.75cfb424f82339cabe186effba3dd6c8dbfd802b.001.2,2026-09-25T14:29:00-04:00 w-nws.webmaster@noaa.gov,urn:oid:2.49.0.1.840.0.aed42b651fbc3950cf10dd19c793f1cb9c254f5a.001.2,2026-09-25T10:26:00-04:00"
          ]
        },
        "scope": "Public",
        "code": "IPAWSv1.0",
        "language": "en-US",
        "web": "http://www.weather.gov",
        "eventCode": {
          "SAME": [
            "NWS"
          ],
          "NationalWeatherService": [
            "CFY"
          ]
        }
      }
    },
    {
      "id": "https://api.weather.gov/alerts/urn:oid:2.49.0.1.840.0.7bb98cd60e8688b79c8b17af203c1ecafc855445.001.2",
      "type": "Feature",
      "geometry": null,
      "properties": {
        "@id": "https://api.weather.gov/alerts/urn:oid:2.49.0.1.840.0.7bb98cd60e8688b79c8b17af203c1ecafc855445.001.2",
        "@type": "wx:Alert",
        "id": "urn:oid:2.49.0.1.840.0.7bb98cd60e8688b79c8b17af203c1ecafc855445.001.2",
        "areaDesc": "Coastal York; Coastal Rockingham",
        "geocode": {
          "SAME": [
            "023031",
            "033015"
          ],
          "UGC": [
            "MEZ023",
            "NHZ014"
          ]
        },
        "affectedZones": [
          "https://api.weather.gov/zones/forecast/MEZ023",
          "https://api.weather.gov/zones/forecast/NHZ014"
        ],
        "references": [],
        "sent": "2026-09-26T14:26:00-04:00",
        "effective": "2026-09-26T14:26:00-04:00",
        "onset": "2026-09-26T14:26:00-04:00",
        "expires": "2026-09-26T22:30:00-04:00",
        "ends": "2026-09-27T20:00:00-04:00",
        "status": "Actual",
        "messageType": "Alert",
        "category": "Met",
        "severity": "Minor",
        "certainty": "Likely",
        "urgency": "Expected",
        "event": "High Surf Advisory",
        "sender": "w-nws.webmaster@noaa.gov",
        "senderName": "NWS Gray ME",
        "headline": "High Surf Advisory issued September 26 at 2:26PM EDT until September 27 at 8:00PM EDT by NWS Gray ME",
        "description": "* WHAT...For the Coastal Flood Advisory, minor coastal flooding\nwith up to 1 foot of inundation and large breaking waves leading\nto splash over and beach erosion. This is a long duration\nevent...with these impacts felt over multiple tide cycles\ncontinuing through Sunday evening. For the High Surf Advisory,\nlarge breaking waves of large breaking waves of 7 to 12 feet\nand a high risk of rip currents.\n\n* WHERE...In Maine, Coastal York County. In New Hampshire,\nCoastal Rockingham County.\n\n* WHEN...For the Coastal Flood Advisory, until 11 PM EDT Sunday.\nFor the High Surf Advisory, until 8 PM EDT Sunday.\n\n* IMPACTS...Flooding of lots, parks, and roads with only\nisolated road closures expected. Dangerous swimming and\nsurfing conditions and localized beach erosion.",
        "instruction": "If travel is required, allow extra time as some roads may be\nclosed. Do not drive around barricades or through water of\nunknown depth. Take the necessary actions to protect flood-prone\nproperty.\n\nInexperienced swimmers should remain out of the water due to\ndangerous surf conditions.",
        "response": "Avoid",
        "note": null,
        "parameters": {
          "AWIPSidentifier": [
            "CFWGYX"
          ],
          "WMOidentifier": [
            "WHUS41 KGYX 261826"
          ],
          "NWSheadline": [
            "COASTAL FLOOD ADVISORY REMAINS IN EFFECT UNTIL 11 PM EDT SUNDAY... ...HIGH SURF ADVISORY REMAINS IN EFFECT UNTIL 8 PM EDT SUNDAY"
          ],
          "BLOCKCHANNEL": [
            "EAS",
            "NWEM",
            "CMAS"
          ],
          "VTEC": [
            "/O.CON.KGYX.SU.Y.0003.000000T0000Z-260928T0000Z/"
          ],
          "eventEndingTime": [
            "2026-09-27T20:00:00-04:00"
          ],
          "expiredReferences": [
            "w-nws.webmaster@noaa.gov,urn:oid:2.49.0.1.840.0.cc8a48feb9455f4f7f49809dd0992359b0b5fc60.001.1,2026-09-26T02:22:00-04:00 w-nws.webmaster@noaa.gov,urn:oid:2.49.0.1.840.0.75cfb424f82339cabe186effba3dd6c8dbfd802b.001.1,2026-09-25T14:29:00-04:00 w-nws.webmaster@noaa.gov,urn:oid:2.49.0.1.840.0.aed42b651fbc3950cf10dd19c793f1cb9c254f5a.001.3,2026-09-25T10:26:00-04:00 w-nws.webmaster@noaa.gov,urn:oid:2.49.0.1.840.0.cf8c6a7374881f742131af099f9137563d86ee6c.001.1,2026-09-25T09:16:00-04:00 w-nws.webmaster@noaa.gov,urn:oid:2.49.0.1.840.0.d82f224abe4c79bf679ff2ab455bfedc5dfedc9f.001.2,2026-09-25T02:25:00-04:00 w-nws.webmaster@noaa.gov,urn:oid:2.49.0.1.840.0.7d2271997e835b0d1c1d54adf849e485a821c579.001.1,2026-09-24T14:23:00-04:00 w-nws.webmaster@noaa.gov,urn:oid:2.49.0.1.840.0.b8a99b54a40af7f3414280554a8fced416028b7a.001.1,2026-09-24T02:25:00-04:00"
          ]
        },
        "scope": "Public",
        "code": "IPAWSv1.0",
        "language": "en-US",
        "web": "http://www.weather.gov",
        "eventCode": {
          "SAME": [
            "NWS"
          ],
          "NationalWeatherService": [
            "SUY"
          ]
        }
      }
    },
    {
      "id": "https://api.weather.gov/alerts/urn:oid:2.49.0.1.840.0.8ef6a2d94317e321985d16f9d551769aa2a956fe.001.1",
      "type": "Feature",
      "geometry": null,
      "properties": {
        "@id": "https://api.weather.gov/alerts/urn:oid:2.49.0.1.840.0.8ef6a2d94317e321985d16f9d551769aa2a956fe.001.1",
        "@type": "wx:Alert",
        "id": "urn:oid:2.49.0.1.840.0.8ef6a2d94317e321985d16f9d551769aa2a956fe.001.1",
        "areaDesc": "Coastal Colleton; Charleston",
        "geocode": {
          "SAME": [
            "045029",
            "045019"
          ],
          "UGC": [
            "SCZ149",
            "SCZ150"
          ]
        },
        "affectedZones": [
          "https://api.weather.gov/zones/forecast/SCZ149",
          "https://api.weather.gov/zones/forecast/SCZ150"
        ],
        "references": [],
        "sent": "2026-09-26T14:24:00-04:00",
        "effective": "2026-09-26T14:24:00-04:00",
        "onset": "2026-09-26T19:00:00-04:00",
        "expires": "2026-09-26T22:30:00-04:00",
        "ends": "2026-09-26T23:00:00-04:00",
        "status": "Actual",
        "messageType": "Alert",
        "category": "Met",
        "severity": "Minor",
        "certainty": "Likely",
        "urgency": "Expected",
        "event": "Coastal Flood Advisory",
        "sender": "w-nws.webmaster@noaa.gov",
        "senderName": "NWS Charleston SC",
        "headline": "Coastal Flood Advisory issued September 26 at 2:24PM EDT until September 26 at 11:00PM EDT by NWS Charleston SC",
        "description": "* WHAT...Up to one half foot of inundation above ground level\nexpected along shorelines and tidal waterways (7.3 to 7.5 feet\nMean Lower Low Water at Charleston).\n\n* WHERE...Coastal Colleton and Charleston Counties.\n\n* WHEN...From 7 PM to 11 PM EDT this evening.\n\n* IMPACTS...This could result in some roads becoming impassable.\n\n* ADDITIONAL DETAILS...High tide will occur around 8:26 PM today\nat Charleston. Saltwater inundation will be possible 1 to 2\nhours before and after high tide.",
        "instruction": "If travel is required, allow extra time as some roads may be\nclosed. Do not drive around barricades or through water of\nunknown depth. Take the necessary actions to protect flood-prone\nproperty.\n\nVisit water.weather.gov for additional water level and flood\nimpact information.",
        "response": "Monitor",
        "note": null,
        "parameters": {
          "AWIPSidentifier": [
            "CFWCHS"
          ],
          "WMOidentifier": [
            "WHUS42 KCHS 261824"
          ],
          "NWSheadline": [
            "COASTAL FLOOD ADVISORY IN EFFECT FROM 7 PM TO 11 PM EDT THIS EVENING"
          ],
          "BLOCKCHANNEL": [
            "EAS",
            "NWEM",
            "CMAS"
          ],
          "VTEC": [
            "/O.NEW.KCHS.CF.Y.0032.260926T2300Z-260927T0300Z/"
          ],
          "eventEndingTime": [
            "2026-09-26T23:00:00-04:00"
          ]
        },
        "scope": "Public",
        "code": "IPAWSv1.0",
        "language": "en-US",
        "web": "http://www.weather.gov",
        "eventCode": {
          "SAME": [
            "NWS"
          ],
          "NationalWeatherService": [
            "CFY"
          ]
        }
      }
    },
    {
      "id": "https://api.weather.gov/alerts/urn:oid:2.49.0.1.840.0.b6fa79156ac6166c77a74bd1add9d817c2de4fcd.001.2",
      "type": "Feature",
      "geometry": null,
      "properties": {
        "@id": "https://api.weather.gov/alerts/urn:oid:2.49.0.1.840.0.b6fa79156ac6166c77a74bd1add9d817c2de4fcd.001.2",
        "@type": "wx:Alert",
        "id": "urn:oid:2.49.0.1.840.0.b6fa79156ac6166c77a74bd1add9d817c2de4fcd.001.2",
        "areaDesc": "Long Island Sound East of New Haven CT/Port Jefferson NY to the Mouth of the Connecticut River; Long Island Sound East of the Mouth of the Connecticut River; Peconic and Gardiners Bays; South Shore Bays from Jones Inlet through Shinnecock Bay",
        "geocode": {
          "SAME": [
            "073331",
            "073332",
            "073340",
            "073345"
          ],
          "UGC": [
            "ANZ331",
            "ANZ332",
            "ANZ340",
            "ANZ345"
          ]
        },
        "affectedZones": [
          "https://api.weather.gov/zones/forecast/ANZ331",
          "https://api.weather.gov/zones/forecast/ANZ332",
          "https://api.weather.gov/zones/forecast/ANZ340",
          "https://api.weather.gov/zones/forecast/ANZ345"
        ],
        "references": [],
        "sent": "2026-09-26T14:21:00-04:00",
        "effective": "2026-09-26T14:21:00-04:00",
        "onset": "2026-09-26T14:21:00-04:00",
        "expires": "2026-09-27T06:00:00-04:00",
        "ends": "2026-09-27T12:00:00-04:00",
        "status": "Actual",
        "messageType": "Alert",
        "category": "Met",
        "severity": "Severe",
        "certainty": "Observed",
        "urgency": "Immediate",
        "event": "Storm Warning",
        "sender": "w-nws.webmaster@noaa.gov",
        "senderName": "NWS Upton NY",
        "headline": "Storm Warning issued September 26 at 2:21PM EDT until September 27 at 12:00PM EDT by NWS Upton NY",
        "description": "* WHAT...Northeast winds 30 to 40 kt with gusts up to 55 kt. Seas\n5 to 8 feet for parts of Gardiners Bay and Eastern Long Island\nSound.\n\n* WHERE...Long Island Sound east of Port Jefferson and New\nHaven, Peconic and Gardiners Bays, and South Shore Bays from\nJones Inlet through Shinnecock Bay.\n\n* WHEN...Until noon EDT Sunday.\n\n* IMPACTS...Storm force winds and hazardous seas will capsize or\ndamage vessels and reduce visibility.",
        "instruction": "Mariners should remain in port, alter course, and/or secure the\nvessel for severe conditions.",
        "response": "Avoid",
        "note": null,
        "parameters": {
          "AWIPSidentifier": [
            "MWWOKX"
          ],
          "WMOidentifier": [
            "WHUS71 KOKX 261821"
          ],
          "NWSheadline": [
            "STORM WARNING IN EFFECT UNTIL NOON EDT SUNDAY"
          ],
          "BLOCKCHANNEL": [
            "EAS",
            "NWEM",
            "CMAS"
          ],
          "VTEC": [
            "/O.EXB.KOKX.SR.W.0002.000000T0000Z-260927T1600Z/"
          ],
          "eventEndingTime": [
            "2026-09-27T12:00:00-04:00"
          ]
        },
        "scope": "Public",
        "code": "IPAWSv1.0",
        "language": "en-US",
        "web": "http://www.weather.gov",
        "eventCode": {
          "SAME": [
            "NWS"
          ],
          "NationalWeatherService": [
            "SRW"
          ]
        }
      }
    },
    {
      "id": "https://api.weather.gov/alerts/urn:oid:2.49.0.1.840.0.b6fa79156ac6166c77a74bd1add9d817c2de4fcd.002.2",
      "type": "Feature",
      "geometry": null,
      "properties": {
        "@id": "https://api.weather.gov/alerts/urn:oid:2.49.0.1.840.0.b6fa79156ac6166c77a74bd1add9d817c2de4fcd.002.2",
        "@type": "wx:Alert",
        "id": "urn:oid:2.49.0.1.840.0.b6fa79156ac6166c77a74bd1add9d817c2de4fcd.002.2",
        "areaDesc": "Long Island Sound West of New Haven CT/Port Jefferson NY",
        "geocode": {
          "SAME": [
            "073335"
          ],
          "UGC": [
            "ANZ335"
          ]
        },
        "affectedZones": [
          "https://api.weather.gov/zones/forecast/ANZ335"
        ],
        "references": [],
        "sent": "2026-09-26T14:21:00-04:00",
        "effective": "2026-09-26T14:21:00-04:00",
        "onset": "2026-09-26T14:21:00-04:00",
        "expires": "2026-09-27T06:00:00-04:00",
        "ends": "2026-09-27T12:00:00-04:00",
        "status": "Actual",
        "messageType": "Alert",
        "category": "Met",
        "severity": "Severe",
        "certainty": "Observed",
        "urgency": "Immediate",
        "event": "Storm Warning",
        "sender": "w-nws.webmaster@noaa.gov",
        "senderName": "NWS Upton NY",
        "headline": "Storm Warning issued September 26 at 2:21PM EDT until September 27 at 12:00PM EDT by NWS Upton NY",
        "description": "* WHAT...Northeast winds 30 to 40 kt with gusts up to 50 kt and\nseas 5 to 8 feet.\n\n* WHERE...Long Island Sound west of Port Jefferson and New Haven.\n\n* WHEN...Until noon EDT Sunday.\n\n* IMPACTS...Storm force winds and hazardous seas will capsize or\ndamage vessels and reduce visibility.",
        "instruction": "Mariners should remain in port, alter course, and/or secure the\nvessel for severe conditions.",
        "response": "Avoid",
        "note": null,
        "parameters": {
          "AWIPSidentifier": [
            "MWWOKX"
          ],
          "WMOidentifier": [
            "WHUS71 KOKX 261821"
          ],
          "NWSheadline": [
            "STORM WARNING IN EFFECT UNTIL NOON EDT SUNDAY"
          ],
          "BLOCKCHANNEL": [
            "EAS",
            "NWEM",
            "CMAS"
          ],
          "VTEC": [
            "/O.EXB.KOKX.SR.W.0002.000000T0000Z-260927T1600Z/"
          ],
          "eventEndingTime": [
            "2026-09-27T12:00:00-04:00"
          ]
        },
        "scope": "Public",
        "code": "IPAWSv1.0",
        "language": "en-US",
        "web": "http://www.weather.gov",
        "eventCode": {
          "SAME": [
            "NWS"
          ],
          "NationalWeatherService": [
            "SRW"
          ]
        }
      }
    },
    {
      "id": "https://api.weather.gov/alerts/urn:oid:2.49.0.1.840.0.3f21889ae6988a595b2f20a605726f598027cedd.001.2",
      "type": "Feature",
      "geometry": null,
      "properties": {
        "@id": "https://api.weather.gov/alerts/urn:oid:2.49.0.1.840.0.3f21889ae6988a595b2f20a605726f598027cedd.001.2",
        "@type": "wx:Alert",
        "id": "urn:oid:2.49.0.1.840.0.3f21889ae6988a595b2f20a605726f598027cedd.001.2",
        "areaDesc": "S of Currituck Beach Light NC to Oregon Inlet NC out to 20 NM",
        "geocode": {
          "SAME": [
            "075150"
          ],
          "UGC": [
            "AMZ150"
          ]
        },
        "affectedZones": [
          "https://api.weather.gov/zones/forecast/AMZ150"
        ],
        "references": [],
        "sent": "2026-09-26T14:03:00-04:00",
        "effective": "2026-09-26T14:03:00-04:00",
        "onset": "2026-09-26T14:03:00-04:00",
        "expires": "2026-09-27T02:15:00-04:00",
        "ends": "2026-09-27T20:00:00-04:00",
        "status": "Actual",
        "messageType": "Alert",
        "category": "Met",
        "severity": "Minor",
        "certainty": "Likely",
        "urgency": "Expected",
        "event": "Small Craft Advisory",
        "sender": "w-nws.webmaster@noaa.gov",
        "senderName": "NWS Newport/Morehead City NC",
        "headline": "Small Craft Advisory issued September 26 at 2:03PM EDT until September 27 at 8:00PM EDT by NWS Newport/Morehead City NC",
        "description": "* WHAT...Northwest winds 15 to 25 kt with gusts up to 30 kt and\nseas 8 to 13 ft.\n\n* WHERE...The coastal waters from Duck to Oregon Inlet.\n\n* WHEN...Until 8 PM EDT Sunday.\n\n* IMPACTS...Conditions will be hazardous to small craft.",
        "instruction": "Inexperienced mariners, especially those operating smaller\nvessels, should avoid navigating in hazardous conditions.",
        "response": "Avoid",
        "note": null,
        "parameters": {
          "AWIPSidentifier": [
            "MWWMHX"
          ],
          "WMOidentifier": [
            "WHUS72 KMHX 261803"
          ],
          "NWSheadline": [
            "SMALL CRAFT ADVISORY IN EFFECT UNTIL 8 PM EDT SUNDAY... ...GALE WARNING IS CANCELLED"
          ],
          "BLOCKCHANNEL": [
            "EAS",
            "NWEM",
            "CMAS"
          ],
          "VTEC": [
            "/O.EXB.KMHX.SC.Y.0085.000000T0000Z-260928T0000Z/"
          ],
          "eventEndingTime": [
            "2026-09-27T20:00:00-04:00"
          ]
        },
        "scope": "Public",
        "code": "IPAWSv1.0",
        "language": "en-US",
        "web": "http://www.weather.gov",
        "eventCode": {
          "SAME": [
            "NWS"
          ],
          "NationalWeatherService": [
            "SCY"
          ]
        }
      }
    },
    {
      "id": "https://api.weather.gov/alerts/urn:oid:2.49.0.1.840.0.f7a3ddf92c192906a15c84cc522f4cbffe1e47d2.002.1",
      "type": "Feature",
      "geometry": null,
      "properties": {
        "@id": "https://api.weather.gov/alerts/urn:oid:2.49.0.1.840.0.f7a3ddf92c192906a15c84cc522f4cbffe1e47d2.002.1",
        "@type": "wx:Alert",
        "id": "urn:oid:2.49.0.1.840.0.f7a3ddf92c192906a15c84cc522f4cbffe1e47d2.002.1",
        "areaDesc": "Western Passaic; Orange; Putnam",
        "geocode": {
          "SAME": [
            "034031",
            "036071",
            "036079"
          ],
          "UGC": [
            "NJZ002",
            "NYZ067",
            "NYZ068"
          ]
        },
        "affectedZones": [
          "https://api.weather.gov/zones/forecast/NJZ002",
          "https://api.weather.gov/zones/forecast/NYZ067",
          "https://api.weather.gov/zones/forecast/NYZ068"
        ],
        "references": [],
        "sent": "2026-09-26T13:47:00-04:00",
        "effective": "2026-09-26T13:47:00-04:00",
        "onset": "2026-09-26T13:47:00-04:00",
        "expires": "2026-09-27T06:15:00-04:00",
        "ends": "2026-09-27T12:00:00-04:00",
        "status": "Actual",
        "messageType": "Alert",
        "category": "Met",
        "severity": "Moderate",
        "certainty": "Likely",
        "urgency": "Expected",
        "event": "Wind Advisory",
        "sender": "w-nws.webmaster@noaa.gov",
        "senderName": "NWS Upton NY",
        "headline": "Wind Advisory issued September 26 at 1:47PM EDT until September 27 at 12:00PM EDT by NWS Upton NY",
        "description": "* WHAT...North winds 15 to 25 mph with gusts up to 50 mph.\n\n* WHERE...In New Jersey, Western Passaic County. In New York, Orange\nand Putnam Counties.\n\n* WHEN...Until noon EDT Sunday.\n\n* IMPACTS...Gusty winds will blow around unsecured objects. Tree\nlimbs could be blown down and a few power outages may result.",
        "instruction": "Winds this strong can make driving difficult, especially for high\nprofile vehicles. Use extra caution.\n\nSecure outdoor objects.",
        "response": "Execute",
        "note": null,
        "parameters": {
          "AWIPSidentifier": [
            "NPWOKX"
          ],
          "WMOidentifier": [
            "WWUS71 KOKX 261747"
          ],
          "NWSheadline": [
            "WIND ADVISORY IN EFFECT UNTIL NOON EDT SUNDAY"
          ],
          "BLOCKCHANNEL": [
            "EAS",
            "NWEM",
            "CMAS"
          ],
          "VTEC": [
            "/O.EXB.KOKX.WI.Y.0003.000000T0000Z-260927T1600Z/"
          ],
          "eventEndingTime": [
            "2026-09-27T12:00:00-04:00"
          ]
        },
        "scope": "Public",
        "code": "IPAWSv1.0",
        "language": "en-US",
        "web": "http://www.weather.gov",
        "eventCode": {
          "SAME": [
            "NWS"
          ],
          "NationalWeatherService": [
            "WIY"
          ]
        }
      }
    },
    {
      "id": "https://api.weather.gov/alerts/urn:oid:2.49.0.1.840.0.f7a3ddf92c192906a15c84cc522f4cbffe1e47d2.001.2",
      "type": "Feature",
      "geometry": null,
      "properties": {
        "@id": "https://api.weather.gov/alerts/urn:oid:2.49.0.1.840.0.f7a3ddf92c192906a15c84cc522f4cbffe1e47d2.001.2",
        "@type": "wx:Alert",
        "id": "urn:oid:2.49.0.1.840.0.f7a3ddf92c192906a15c84cc522f4cbffe1e47d2.001.2",
        "areaDesc": "Northern New London; Southern Middlesex; Southern New London; Northwest Suffolk; Northeast Suffolk; Southwest Suffolk; Southeast Suffolk; Northern Nassau; Southern Nassau",
        "geocode": {
          "SAME": [
            "009011",
            "009007",
            "036103",
            "036059"
          ],
          "UGC": [
            "CTZ008",
            "CTZ011",
            "CTZ012",
            "NYZ078",
            "NYZ079",
            "NYZ080",
            "NYZ081",
            "NYZ177",
            "NYZ179"
          ]
        },
        "affectedZones": [
          "https://api.weather.gov/zones/forecast/CTZ008",
          "https://api.weather.gov/zones/forecast/CTZ011",
          "https://api.weather.gov/zones/forecast/CTZ012",
          "https://api.weather.gov/zones/forecast/NYZ078",
          "https://api.weather.gov/zones/forecast/NYZ079",
          "https://api.weather.gov/zones/forecast/NYZ080",
          "https://api.weather.gov/zones/forecast/NYZ081",
          "https://api.weather.gov/zones/forecast/NYZ177",
          "https://api.weather.gov/zones/forecast/NYZ179"
        ],
        "references": [],
        "sent": "2026-09-26T13:47:00-04:00",
        "effective": "2026-09-26T13:47:00-04:00",
        "onset": "2026-09-26T13:47:00-04:00",
        "expires": "2026-09-27T06:15:00-04:00",
        "ends": "2026-09-27T12:00:00-04:00",
        "status": "Actual",
        "messageType": "Alert",
        "category": "Met",
        "severity": "Severe",
        "certainty": "Likely",
        "urgency": "Expected",
        "event": "High Wind Warning",
        "sender": "w-nws.webmaster@noaa.gov",
        "senderName": "NWS Upton NY",
        "headline": "High Wind Warning issued September 26 at 1:47PM EDT until September 27 at 12:00PM EDT by NWS Upton NY",
        "description": "* WHAT...Northeast winds 25 to 35 mph with gusts up to 65 mph.\n\n* WHERE...In Connecticut, Northern New London, Southern Middlesex,\nand Southern New London Counties. In New York, Northeast Suffolk,\nNorthern Nassau, Northwest Suffolk, Southeast Suffolk, Southern\nNassau, and Southwest Suffolk Counties.\n\n* WHEN...Until noon EDT Sunday.\n\n* IMPACTS...Damaging winds will blow down trees and power lines.\nWidespread power outages are expected. Travel will be difficult,\nespecially for high profile vehicles.",
        "instruction": "People are urged to secure loose objects that could be blown around\nor damaged by the wind.\n\nRemain in the lower levels of your home during the windstorm, and\navoid windows. Watch for falling debris and tree limbs. Use caution\nif you must drive.",
        "response": "Prepare",
        "note": null,
        "parameters": {
          "AWIPSidentifier": [
            "NPWOKX"
          ],
          "WMOidentifier": [
            "WWUS71 KOKX 261747"
          ],
          "NWSheadline": [
            "HIGH WIND WARNING IN EFFECT UNTIL NOON EDT SUNDAY"
          ],
          "BLOCKCHANNEL": [
            "EAS",
            "NWEM",
            "CMAS"
          ],
          "EAS-ORG": [
            "WXR"
          ],
          "VTEC": [
            "/O.NEW.KOKX.HW.W.0001.260926T1747Z-260927T1600Z/"
          ],
          "eventEndingTime": [
            "2026-09-27T12:00:00-04:00"
          ]
        },
        "scope": "Public",
        "code": "IPAWSv1.0",
        "language": "en-US",
        "web": "http://www.weather.gov",
        "eventCode": {
          "SAME": [
            "HWW"
          ],
          "NationalWeatherService": [
            "HWW"
          ]
        }
      }
    },
    {
      "id": "https://api.weather.gov/alerts/urn:oid:2.49.0.1.840.0.669c03476eaebb812c1685655aed158358bbeccd.001.1",
      "type": "Feature",
      "geometry": null,
      "properties": {
        "@id": "https://api.weather.gov/alerts/urn:oid:2.49.0.1.840.0.669c03476eaebb812c1685655aed158358bbeccd.001.1",
        "@type": "wx:Alert",
        "id": "urn:oid:2.49.0.1.840.0.669c03476eaebb812c1685655aed158358bbeccd.001.1",
        "areaDesc": "Northern Berkshire; Southern Berkshire; Eastern Ulster; Western Dutchess; Eastern Dutchess",
        "geocode": {
          "SAME": [
            "025003",
            "036111",
            "036027"
          ],
          "UGC": [
            "MAZ001",
            "MAZ025",
            "NYZ064",
            "NYZ065",
            "NYZ066"
          ]
        },
        "affectedZones": [
          "https://api.weather.gov/zones/forecast/MAZ001",
          "https://api.weather.gov/zones/forecast/MAZ025",
          "https://api.weather.gov/zones/forecast/NYZ064",
          "https://api.weather.gov/zones/forecast/NYZ065",
          "https://api.weather.gov/zones/forecast/NYZ066"
        ],
        "references": [],
        "sent": "2026-09-26T13:28:00-04:00",
        "effective": "2026-09-26T13:28:00-04:00",
        "onset": "2026-09-26T13:28:00-04:00",
        "expires": "2026-09-27T05:00:00-04:00",
        "ends": "2026-09-27T12:00:00-04:00",
        "status": "Actual",
        "messageType": "Alert",
        "category": "Met",
        "severity": "Moderate",
        "certainty": "Likely",
        "urgency": "Expected",
        "event": "Wind Advisory",
        "sender": "w-nws.webmaster@noaa.gov",
        "senderName": "NWS Albany NY",
        "headline": "Wind Advisory issued September 26 at 1:28PM EDT until September 27 at 12:00PM EDT by NWS Albany NY",
        "description": "* WHAT...Northeast winds 15 to 25 mph with gusts 40 to 45 mph.\n\n* WHERE...In Massachusetts, Berkshire County. In New York, Dutchess\nand Eastern Ulster Counties.\n\n* WHEN...Until noon EDT Sunday.\n\n* IMPACTS...Gusty winds will blow around unsecured objects. Tree\nlimbs could be blown down and a few power outages may result.",
        "instruction": "Winds this strong can make driving difficult, especially for high\nprofile vehicles. Use extra caution.",
        "response": "Execute",
        "note": null,
        "parameters": {
          "AWIPSidentifier": [
            "NPWALY"
          ],
          "WMOidentifier": [
            "WWUS71 KALY 261728"
          ],
          "NWSheadline": [
            "WIND ADVISORY IN EFFECT UNTIL NOON EDT SUNDAY"
          ],
          "BLOCKCHANNEL": [
            "EAS",
            "NWEM",
            "CMAS"
          ],
          "VTEC": [
            "/O.EXB.KALY.WI.Y.0006.000000T0000Z-260927T1600Z/"
          ],
          "eventEndingTime": [
            "2026-09-27T12:00:00-04:00"
          ]
        },
        "scope": "Public",
        "code": "IPAWSv1.0",
        "language": "en-US",
        "web": "http://www.weather.gov",
        "eventCode": {
          "SAME": [
            "NWS"
          ],
          "NationalWeatherService": [
            "WIY"
          ]
        }
      }
    },
    {
      "id": "https://api.weather.gov/alerts/urn:oid:2.49.0.1.840.0.29fe8a6d9b805a7961a127bd330650f3a574fbf2.004.1",
      "type": "Feature",
      "geometry": null,
      "properties": {
        "@id": "https://api.weather.gov/alerts/urn:oid:2.49.0.1.840.0.29fe8a6d9b805a7961a127bd330650f3a574fbf2.004.1",
        "@type": "wx:Alert",
        "id": "urn:oid:2.49.0.1.840.0.29fe8a6d9b805a7961a127bd330650f3a574fbf2.004.1",
        "areaDesc": "Inland New Hanover",
        "geocode": {
          "SAME": [
            "037129"
          ],
          "UGC": [
            "NCZ107"
          ]
        },
        "affectedZones": [
          "https://api.weather.gov/zones/forecast/NCZ107"
        ],
        "references": [],
        "sent": "2026-09-26T13:27:00-04:00",
        "effective": "2026-09-26T13:27:00-04:00",
        "onset": "2026-09-26T20:00:00-04:00",
        "expires": "2026-09-26T20:00:00-04:00",
        "ends": "2026-09-27T01:00:00-04:00",
        "status": "Actual",
        "messageType": "Alert",
        "category": "Met",
        "severity": "Minor",
        "certainty": "Likely",
        "urgency": "Expected",
        "event": "Coastal Flood Advisory",
        "sender": "w-nws.webmaster@noaa.gov",
        "senderName": "NWS Wilmington NC",
        "headline": "Coastal Flood Advisory issued September 26 at 1:27PM EDT until September 27 at 1:00AM EDT by NWS Wilmington NC",
        "description": "* WHAT...Up to one foot of inundation above ground level\nexpected in low-lying areas near shorelines and tidal\nwaterways.\n\n* WHERE...The lower Cape Fear River including downtown\nWilmington.\n\n* WHEN...From 8 PM this evening to 1 AM EDT Sunday.\n\n* IMPACTS...Portions of Battleship Road and USS North Carolina\nRoad observe minor coastal flooding up to one foot in depth.\nIn downtown Wilmington, sections of Water Street observe minor\nflooding up to one half foot in depth. Check with local\nofficials for any road closures or impacts.\n\n* ADDITIONAL DETAILS...Affected areas listed are based on\naverage tide conditions. Additional locations may experience\nflooding during periods of heavy rainfall, high winds, or\nother factors.",
        "instruction": "If travel is required, allow extra time as some roads may be\nclosed. Do not drive around barricades or through water of\nunknown depth. Take the necessary actions to protect flood-prone\nproperty.",
        "response": "Monitor",
        "note": null,
        "parameters": {
          "AWIPSidentifier": [
            "CFWILM"
          ],
          "WMOidentifier": [
            "WHUS42 KILM 261727"
          ],
          "NWSheadline": [
            "COASTAL FLOOD ADVISORY IN EFFECT FROM 8 PM THIS EVENING TO 1 AM EDT SUNDAY"
          ],
          "BLOCKCHANNEL": [
            "EAS",
            "NWEM",
            "CMAS"
          ],
          "VTEC": [
            "/O.NEW.KILM.CF.Y.0055.260927T0000Z-260927T0500Z/"
          ],
          "eventEndingTime": [
            "2026-09-27T01:00:00-04:00"
          ]
        },
        "scope": "Public",
        "code": "IPAWSv1.0",
        "language": "en-US",
        "web": "http://www.weather.gov",
        "eventCode": {
          "SAME": [
            "NWS"
          ],
          "NationalWeatherService": [
            "CFY"
          ]
        }
      }
    },
    {
      "id": "https://api.weather.gov/alerts/urn:oid:2.49.0.1.840.0.29fe8a6d9b805a7961a127bd330650f3a574fbf2.002.1",
      "type": "Feature",
      "geometry": null,
      "properties": {
        "@id": "https://api.weather.gov/alerts/urn:oid:2.49.0.1.840.0.29fe8a6d9b805a7961a127bd330650f3a574fbf2.002.1",
        "@type": "wx:Alert",
        "id": "urn:oid:2.49.0.1.840.0.29fe8a6d9b805a7961a127bd330650f3a574fbf2.002.1",
        "areaDesc": "Coastal Brunswick",
        "geocode": {
          "SAME": [
            "037019"
          ],
          "UGC": [
            "NCZ110"
          ]
        },
        "affectedZones": [
          "https://api.weather.gov/zones/forecast/NCZ110"
        ],
        "references": [],
        "sent": "2026-09-26T13:27:00-04:00",
        "effective": "2026-09-26T13:27:00-04:00",
        "onset": "2026-09-26T18:00:00-04:00",
        "expires": "2026-09-26T20:00:00-04:00",
        "ends": "2026-09-26T22:00:00-04:00",
        "status": "Actual",
        "messageType": "Alert",
        "category": "Met",
        "severity": "Minor",
        "certainty": "Likely",
        "urgency": "Expected",
        "event": "Coastal Flood Advisory",
        "sender": "w-nws.webmaster@noaa.gov",
        "senderName": "NWS Wilmington NC",
        "headline": "Coastal Flood Advisory issued September 26 at 1:27PM EDT until September 26 at 10:00PM EDT by NWS Wilmington NC",
        "description": "* WHAT...Up to one foot of inundation above ground level\nexpected in low-lying areas near shorelines and tidal\nwaterways.\n\n* WHERE...Coastal Brunswick County.\n\n* WHEN...From 6 PM to 10 PM EDT this evening.\n\n* IMPACTS...Low-lying roads and locations along the Intracoastal\nWaterway and adjacent tidal creeks may observe minor coastal\nflooding. Check with local officials for any road closures or\nimpacts.\n\n* ADDITIONAL DETAILS...Affected areas listed are based on\naverage tide conditions. Additional locations may experience\nflooding during periods of heavy rainfall, high winds, or\nother factors.",
        "instruction": "If travel is required, allow extra time as some roads may be\nclosed. Do not drive around barricades or through water of\nunknown depth. Take the necessary actions to protect flood-prone\nproperty.",
        "response": "Monitor",
        "note": null,
        "parameters": {
          "AWIPSidentifier": [
            "CFWILM"
          ],
          "WMOidentifier": [
            "WHUS42 KILM 261727"
          ],
          "NWSheadline": [
            "COASTAL FLOOD ADVISORY IN EFFECT FROM 6 PM TO 10 PM EDT THIS EVENING"
          ],
          "BLOCKCHANNEL": [
            "EAS",
            "NWEM",
            "CMAS"
          ],
          "VTEC": [
            "/O.NEW.KILM.CF.Y.0055.260926T2200Z-260927T0200Z/"
          ],
          "eventEndingTime": [
            "2026-09-26T22:00:00-04:00"
          ]
        },
        "scope": "Public",
        "code": "IPAWSv1.0",
        "language": "en-US",
        "web": "http://www.weather.gov",
        "eventCode": {
          "SAME": [
            "NWS"
          ],
          "NationalWeatherService": [
            "CFY"
          ]
        }
      }
    },
    {
      "id": "https://api.weather.gov/alerts/urn:oid:2.49.0.1.840.0.29fe8a6d9b805a7961a127bd330650f3a574fbf2.003.1",
      "type": "Feature",
      "geometry": null,
      "properties": {
        "@id": "https://api.weather.gov/alerts/urn:oid:2.49.0.1.840.0.29fe8a6d9b805a7961a127bd330650f3a574fbf2.003.1",
        "@type": "wx:Alert",
        "id": "urn:oid:2.49.0.1.840.0.29fe8a6d9b805a7961a127bd330650f3a574fbf2.003.1",
        "areaDesc": "Coastal Horry; Coastal Georgetown",
        "geocode": {
          "SAME": [
            "045051",
            "045043"
          ],
          "UGC": [
            "SCZ054",
            "SCZ056"
          ]
        },
        "affectedZones": [
          "https://api.weather.gov/zones/forecast/SCZ054",
          "https://api.weather.gov/zones/forecast/SCZ056"
        ],
        "references": [],
        "sent": "2026-09-26T13:27:00-04:00",
        "effective": "2026-09-26T13:27:00-04:00",
        "onset": "2026-09-26T18:00:00-04:00",
        "expires": "2026-09-26T20:00:00-04:00",
        "ends": "2026-09-26T22:00:00-04:00",
        "status": "Actual",
        "messageType": "Alert",
        "category": "Met",
        "severity": "Minor",
        "certainty": "Likely",
        "urgency": "Expected",
        "event": "Coastal Flood Advisory",
        "sender": "w-nws.webmaster@noaa.gov",
        "senderName": "NWS Wilmington NC",
        "headline": "Coastal Flood Advisory issued September 26 at 1:27PM EDT until September 26 at 10:00PM EDT by NWS Wilmington NC",
        "description": "* WHAT...Up to one half foot of inundation above ground level\nexpected in low-lying areas near shorelines and tidal\nwaterways.\n\n* WHERE...Coastal Horry and Coastal Georgetown Counties.\n\n* WHEN...From 6 PM to 10 PM EDT this evening.\n\n* IMPACTS...Vulnerable causeways to and from local beaches may\nexperience minor coastal flooding. Low-lying roads and\nlocations along the Intracoastal Waterway and adjacent tidal\ncreeks may observe minor coastal flooding. Check with local\nofficials for the latest information regarding coastal flood\nimpacts and closures.\n\n* ADDITIONAL DETAILS...Affected areas listed are based on\naverage tide conditions. Additional locations may experience\nflooding during periods of heavy rainfall, high winds, or\nother factors.",
        "instruction": "If travel is required, allow extra time as some roads may be\nclosed. Do not drive around barricades or through water of\nunknown depth. Take the necessary actions to protect flood-prone\nproperty.",
        "response": "Monitor",
        "note": null,
        "parameters": {
          "AWIPSidentifier": [
            "CFWILM"
          ],
          "WMOidentifier": [
            "WHUS42 KILM 261727"
          ],
          "NWSheadline": [
            "COASTAL FLOOD ADVISORY IN EFFECT FROM 6 PM TO 10 PM EDT THIS EVENING"
          ],
          "BLOCKCHANNEL": [
            "EAS",
            "NWEM",
            "CMAS"
          ],
          "VTEC": [
            "/O.NEW.KILM.CF.Y.0055.260926T2200Z-260927T0200Z/"
          ],
          "eventEndingTime": [
            "2026-09-26T22:00:00-04:00"
          ]
        },
        "scope": "Public",
        "code": "IPAWSv1.0",
        "language": "en-US",
        "web": "http://www.weather.gov",
        "eventCode": {
          "SAME": [
            "NWS"
          ],
          "NationalWeatherService": [
            "CFY"
          ]
        }
      }
    },
    {
      "id": "https://api.weather.gov/alerts/urn:oid:2.49.0.1.840.0.29fe8a6d9b805a7961a127bd330650f3a574fbf2.001.1",
      "type": "Feature",
      "geometry": null,
      "properties": {
        "@id": "https://api.weather.gov/alerts/urn:oid:2.49.0.1.840.0.29fe8a6d9b805a7961a127bd330650f3a574fbf2.001.1",
        "@type": "wx:Alert",
        "id": "urn:oid:2.49.0.1.840.0.29fe8a6d9b805a7961a127bd330650f3a574fbf2.001.1",
        "areaDesc": "Coastal Pender; Coastal New Hanover",
        "geocode": {
          "SAME": [
            "037141",
            "037129"
          ],
          "UGC": [
            "NCZ106",
            "NCZ108"
          ]
        },
        "affectedZones": [
          "https://api.weather.gov/zones/forecast/NCZ106",
          "https://api.weather.gov/zones/forecast/NCZ108"
        ],
        "references": [],
        "sent": "2026-09-26T13:27:00-04:00",
        "effective": "2026-09-26T13:27:00-04:00",
        "onset": "2026-09-26T18:00:00-04:00",
        "expires": "2026-09-26T20:00:00-04:00",
        "ends": "2026-09-26T22:00:00-04:00",
        "status": "Actual",
        "messageType": "Alert",
        "category": "Met",
        "severity": "Minor",
        "certainty": "Likely",
        "urgency": "Expected",
        "event": "Coastal Flood Advisory",
        "sender": "w-nws.webmaster@noaa.gov",
        "senderName": "NWS Wilmington NC",
        "headline": "Coastal Flood Advisory issued September 26 at 1:27PM EDT until September 26 at 10:00PM EDT by NWS Wilmington NC",
        "description": "* WHAT...For the High Rip Current Risk, dangerous rip currents.\nFor the Coastal Flood Advisory, up to one foot of inundation\nabove ground level expected in low-lying areas near shorelines\nand tidal waterways.\n\n* WHERE...Coastal Pender and Coastal New Hanover Counties.\n\n* WHEN...For the High Rip Current Risk, until 8 PM EDT this\nevening. For the Coastal Flood Advisory, from 6 PM to 10 PM\nEDT this evening.\n\n* IMPACTS...Low-lying roads and locations along the Intracoastal\nWaterway and adjacent tidal creeks may observe minor coastal\nflooding. Check with local officials for any road closures or\nimpacts. Rip currents can sweep even the best swimmers away\nfrom shore into deeper water.\n\n* ADDITIONAL DETAILS...Affected areas listed are based on\naverage tide conditions. Additional locations may experience\nflooding during periods of heavy rainfall, high winds, or\nother factors.",
        "instruction": "If travel is required, allow extra time as some roads may be\nclosed. Do not drive around barricades or through water of\nunknown depth. Take the necessary actions to protect flood-prone\nproperty.\n\nSwim near a lifeguard. If caught in a rip current, relax and\nfloat. Don't swim against the current. If able, swim in a\ndirection following the shoreline. If unable to escape, face the\nshore and call or wave for help.",
        "response": "Monitor",
        "note": null,
        "parameters": {
          "AWIPSidentifier": [
            "CFWILM"
          ],
          "WMOidentifier": [
            "WHUS42 KILM 261727"
          ],
          "NWSheadline": [
            "HIGH RIP CURRENT RISK REMAINS IN EFFECT UNTIL 8 PM EDT THIS EVENING... ...COASTAL FLOOD ADVISORY IN EFFECT FROM 6 PM TO 10 PM EDT THIS EVENING"
          ],
          "BLOCKCHANNEL": [
            "EAS",
            "NWEM",
            "CMAS"
          ],
          "VTEC": [
            "/O.NEW.KILM.CF.Y.0055.260926T2200Z-260927T0200Z/"
          ],
          "eventEndingTime": [
            "2026-09-26T22:00:00-04:00"
          ]
        },
        "scope": "Public",
        "code": "IPAWSv1.0",
        "language": "en-US",
        "web": "http://www.weather.gov",
        "eventCode": {
          "SAME": [
            "NWS"
          ],
          "NationalWeatherService": [
            "CFY"
          ]
        }
      }
    },
    {
      "id": "https://api.weather.gov/alerts/urn:oid:2.49.0.1.840.0.8ed7bccd60fd3a824a3f56275507419161d0b31f.003.1",
      "type": "Feature",
      "geometry": null,
      "properties": {
        "@id": "https://api.weather.gov/alerts/urn:oid:2.49.0.1.840.0.8ed7bccd60fd3a824a3f56275507419161d0b31f.003.1",
        "@type": "wx:Alert",
        "id": "urn:oid:2.49.0.1.840.0.8ed7bccd60fd3a824a3f56275507419161d0b31f.003.1",
        "areaDesc": "Western Franklin; Eastern Franklin; Western Hampshire; Western Hampden; Eastern Hampshire",
        "geocode": {
          "SAME": [
            "025011",
            "025015",
            "025013"
          ],
          "UGC": [
            "MAZ002",
            "MAZ003",
            "MAZ008",
            "MAZ009",
            "MAZ010"
          ]
        },
        "affectedZones": [
          "https://api.weather.gov/zones/forecast/MAZ002",
          "https://api.weather.gov/zones/forecast/MAZ003",
          "https://api.weather.gov/zones/forecast/MAZ008",
          "https://api.weather.gov/zones/forecast/MAZ009",
          "https://api.weather.gov/zones/forecast/MAZ010"
        ],
        "references": [],
        "sent": "2026-09-26T13:24:00-04:00",
        "effective": "2026-09-26T13:24:00-04:00",
        "onset": "2026-09-26T13:24:00-04:00",
        "expires": "2026-09-27T02:30:00-04:00",
        "ends": "2026-09-27T12:00:00-04:00",
        "status": "Actual",
        "messageType": "Alert",
        "category": "Met",
        "severity": "Moderate",
        "certainty": "Likely",
        "urgency": "Expected",
        "event": "Wind Advisory",
        "sender": "w-nws.webmaster@noaa.gov",
        "senderName": "NWS Boston/Norton MA",
        "headline": "Wind Advisory issued September 26 at 1:24PM EDT until September 27 at 12:00PM EDT by NWS Boston/Norton MA",
        "description": "* WHAT...Northeast winds 15 to 25 mph with gusts between 35 and 50\nmph.\n\n* WHERE...Franklin County, Hampshire County, and Western Hampden MA.\n\n* WHEN...Until noon EDT Sunday.\n\n* IMPACTS...Gusty winds will blow around unsecured objects. Tree\nlimbs could be blown down and a few power outages may result.\n\n* ADDITIONAL DETAILS...The long duration of the winds coupled with\nheavy rain and fully leafed trees may exacerbate the risk for tree\ndamage and power outages.",
        "instruction": "Winds this strong can make driving difficult, especially for high\nprofile vehicles. Use extra caution.",
        "response": "Execute",
        "note": null,
        "parameters": {
          "AWIPSidentifier": [
            "NPWBOX"
          ],
          "WMOidentifier": [
            "WWUS71 KBOX 261724"
          ],
          "NWSheadline": [
            "WIND ADVISORY IN EFFECT UNTIL NOON EDT SUNDAY"
          ],
          "BLOCKCHANNEL": [
            "EAS",
            "NWEM",
            "CMAS"
          ],
          "VTEC": [
            "/O.EXB.KBOX.WI.Y.0007.000000T0000Z-260927T1600Z/"
          ],
          "eventEndingTime": [
            "2026-09-27T12:00:00-04:00"
          ]
        },
        "scope": "Public",
        "code": "IPAWSv1.0",
        "language": "en-US",
        "web": "http://www.weather.gov",
        "eventCode": {
          "SAME": [
            "NWS"
          ],
          "NationalWeatherService": [
            "WIY"
          ]
        }
      }
    },
    {
      "id": "https://api.weather.gov/alerts/urn:oid:2.49.0.1.840.0.4d8e65318f8132a0d5c8e98d82542cf0fcf6b667.001.1",
      "type": "Feature",
      "geometry": null,
      "properties": {
        "@id": "https://api.weather.gov/alerts/urn:oid:2.49.0.1.840.0.4d8e65318f8132a0d5c8e98d82542cf0fcf6b667.001.1",
        "@type": "wx:Alert",
        "id": "urn:oid:2.49.0.1.840.0.4d8e65318f8132a0d5c8e98d82542cf0fcf6b667.001.1",
        "areaDesc": "Kern River Valley",
        "geocode": {
          "SAME": [
            "006029",
            "006107"
          ],
          "UGC": [
            "CAZ332"
          ]
        },
        "affectedZones": [
          "https://api.weather.gov/zones/forecast/CAZ332"
        ],
        "references": [],
        "sent": "2026-09-26T09:33:00-07:00",
        "effective": "2026-09-26T09:33:00-07:00",
        "onset": "2026-09-26T14:00:00-07:00",
        "expires": "2026-09-26T18:00:00-07:00",
        "ends": "2026-09-26T20:00:00-07:00",
        "status": "Actual",
        "messageType": "Alert",
        "category": "Met",
        "severity": "Moderate",
        "certainty": "Likely",
        "urgency": "Expected",
        "event": "Lake Wind Advisory",
        "sender": "w-nws.webmaster@noaa.gov",
        "senderName": "NWS Hanford CA",
        "headline": "Lake Wind Advisory issued September 26 at 9:33AM PDT until September 26 at 8:00PM PDT by NWS Hanford CA",
        "description": "* WHAT...West winds 10 to 20 mph with gusts up to 30 mph expected.\n\n* WHERE...Kern River Valley including Lake Isabella\n\n* WHEN...From 2 PM this afternoon to 8 PM PDT this evening.\n\n* IMPACTS...Strong winds and rough waves on area lakes will create\nhazardous conditions for small craft.",
        "instruction": "Winds this strong can make driving difficult, especially for high\nprofile vehicles. Use extra caution.",
        "response": "Execute",
        "note": null,
        "parameters": {
          "AWIPSidentifier": [
            "NPWHNX"
          ],
          "WMOidentifier": [
            "WWUS76 KHNX 261633"
          ],
          "NWSheadline": [
            "LAKE WIND ADVISORY IN EFFECT FROM 2 PM THIS AFTERNOON TO 8 PM PDT THIS EVENING"
          ],
          "BLOCKCHANNEL": [
            "EAS",
            "NWEM",
            "CMAS"
          ],
          "VTEC": [
            "/O.NEW.KHNX.LW.Y.0033.260926T2100Z-260927T0300Z/"
          ],
          "eventEndingTime": [
            "2026-09-26T20:00:00-07:00"
          ]
        },
        "scope": "Public",
        "code": "IPAWSv1.0",
        "language": "en-US",
        "web": "http://www.weather.gov",
        "eventCode": {
          "SAME": [
            "NWS"
          ],
          "NationalWeatherService": [
            "LWY"
          ]
        }
      }
    },
    {
      "id": "https://api.weather.gov/alerts/urn:oid:2.49.0.1.840.0.4d8e65318f8132a0d5c8e98d82542cf0fcf6b667.002.1",
      "type": "Feature",
      "geometry": null,
      "properties": {
        "@id": "https://api.weather.gov/alerts/urn:oid:2.49.0.1.840.0.4d8e65318f8132a0d5c8e98d82542cf0fcf6b667.002.1",
        "@type": "wx:Alert",
        "id": "urn:oid:2.49.0.1.840.0.4d8e65318f8132a0d5c8e98d82542cf0fcf6b667.002.1",
        "areaDesc": "West Side Mountains north of 198",
        "geocode": {
          "SAME": [
            "006019",
            "006047"
          ],
          "UGC": [
            "CAZ300"
          ]
        },
        "affectedZones": [
          "https://api.weather.gov/zones/forecast/CAZ300"
        ],
        "references": [],
        "sent": "2026-09-26T09:33:00-07:00",
        "effective": "2026-09-26T09:33:00-07:00",
        "onset": "2026-09-26T17:00:00-07:00",
        "expires": "2026-09-26T18:00:00-07:00",
        "ends": "2026-09-26T23:00:00-07:00",
        "status": "Actual",
        "messageType": "Alert",
        "category": "Met",
        "severity": "Moderate",
        "certainty": "Likely",
        "urgency": "Expected",
        "event": "Lake Wind Advisory",
        "sender": "w-nws.webmaster@noaa.gov",
        "senderName": "NWS Hanford CA",
        "headline": "Lake Wind Advisory issued September 26 at 9:33AM PDT until September 26 at 11:00PM PDT by NWS Hanford CA",
        "description": "* WHAT...West winds 5 to 10 mph with gusts up to 25 mph expected.\n\n* WHERE...San Luis Reservoir\n\n* WHEN...From 5 PM this afternoon to 11 PM PDT this evening.\n\n* IMPACTS...Strong winds and rough waves on area lakes will create\nhazardous conditions for small craft.",
        "instruction": "Winds this strong can make driving difficult, especially for high\nprofile vehicles. Use extra caution.",
        "response": "Execute",
        "note": null,
        "parameters": {
          "AWIPSidentifier": [
            "NPWHNX"
          ],
          "WMOidentifier": [
            "WWUS76 KHNX 261633"
          ],
          "NWSheadline": [
            "LAKE WIND ADVISORY IN EFFECT FROM 5 PM THIS AFTERNOON TO 11 PM PDT THIS EVENING"
          ],
          "BLOCKCHANNEL": [
            "EAS",
            "NWEM",
            "CMAS"
          ],
          "VTEC": [
            "/O.NEW.KHNX.LW.Y.0033.260927T0000Z-260927T0600Z/"
          ],
          "eventEndingTime": [
            "2026-09-26T23:00:00-07:00"
          ]
        },
        "scope": "Public",
        "code": "IPAWSv1.0",
        "language": "en-US",
        "web": "http://www.weather.gov",
        "eventCode": {
          "SAME": [
            "NWS"
          ],
          "NationalWeatherService": [
            "LWY"
          ]
        }
      }
    },
    {
      "id": "https://api.weather.gov/alerts/urn:oid:2.49.0.1.840.0.8fe193a3a27c821ed6bba9595ad846d36da29d38.001.1",
      "type": "Feature",
      "geometry": null,
      "properties": {
        "@id": "https://api.weather.gov/alerts/urn:oid:2.49.0.1.840.0.8fe193a3a27c821ed6bba9595ad846d36da29d38.001.1",
        "@type": "wx:Alert",
        "id": "urn:oid:2.49.0.1.840.0.8fe193a3a27c821ed6bba9595ad846d36da29d38.001.1",
        "areaDesc": "Northern Worcester; Central Middlesex County; Western Essex; Eastern Essex; Southern Worcester; Western Norfolk; Southeast Middlesex; Suffolk; Eastern Norfolk; Northern Bristol; Western Plymouth; Eastern Plymouth; Southern Bristol; Southern Plymouth; Barnstable; Dukes; Nantucket; Northwest Middlesex County; Northwest Providence; Southeast Providence; Western Kent; Eastern Kent; Bristol; Washington; Newport; Block Island",
        "geocode": {
          "SAME": [
            "025027",
            "025017",
            "025009",
            "025021",
            "025025",
            "025005",
            "025023",
            "025001",
            "025007",
            "025019",
            "044007",
            "044003",
            "044001",
            "044009",
            "044005"
          ],
          "UGC": [
            "MAZ004",
            "MAZ005",
            "MAZ006",
            "MAZ007",
            "MAZ012",
            "MAZ013",
            "MAZ014",
            "MAZ015",
            "MAZ016",
            "MAZ017",
            "MAZ018",
            "MAZ019",
            "MAZ020",
            "MAZ021",
            "MAZ022",
            "MAZ023",
            "MAZ024",
            "MAZ026",
            "RIZ001",
            "RIZ002",
            "RIZ003",
            "RIZ004",
            "RIZ005",
            "RIZ006",
            "RIZ007",
            "RIZ008"
          ]
        },
        "affectedZones": [
          "https://api.weather.gov/zones/forecast/MAZ004",
          "https://api.weather.gov/zones/forecast/MAZ005",
          "https://api.weather.gov/zones/forecast/MAZ006",
          "https://api.weather.gov/zones/forecast/MAZ007",
          "https://api.weather.gov/zones/forecast/MAZ012",
          "https://api.weather.gov/zones/forecast/MAZ013",
          "https://api.weather.gov/zones/forecast/MAZ014",
          "https://api.weather.gov/zones/forecast/MAZ015",
          "https://api.weather.gov/zones/forecast/MAZ016",
          "https://api.weather.gov/zones/forecast/MAZ017",
          "https://api.weather.gov/zones/forecast/MAZ018",
          "https://api.weather.gov/zones/forecast/MAZ019",
          "https://api.weather.gov/zones/forecast/MAZ020",
          "https://api.weather.gov/zones/forecast/MAZ021",
          "https://api.weather.gov/zones/forecast/MAZ022",
          "https://api.weather.gov/zones/forecast/MAZ023",
          "https://api.weather.gov/zones/forecast/MAZ024",
          "https://api.weather.gov/zones/forecast/MAZ026",
          "https://api.weather.gov/zones/forecast/RIZ001",
          "https://api.weather.gov/zones/forecast/RIZ002",
          "https://api.weather.gov/zones/forecast/RIZ003",
          "https://api.weather.gov/zones/forecast/RIZ004",
          "https://api.weather.gov/zones/forecast/RIZ005",
          "https://api.weather.gov/zones/forecast/RIZ006",
          "https://api.weather.gov/zones/forecast/RIZ007",
          "https://api.weather.gov/zones/forecast/RIZ008"
        ],
        "references": [],
        "sent": "2026-09-26T12:18:00-04:00",
        "effective": "2026-09-26T12:18:00-04:00",
        "onset": "2026-09-26T12:18:00-04:00",
        "expires": "2026-09-27T04:30:00-04:00",
        "ends": "2026-09-29T02:00:00-04:00",
        "status": "Actual",
        "messageType": "Alert",
        "category": "Met",
        "severity": "Severe",
        "certainty": "Possible",
        "urgency": "Future",
        "event": "Flood Watch",
        "sender": "w-nws.webmaster@noaa.gov",
        "senderName": "NWS Boston/Norton MA",
        "headline": "Flood Watch issued September 26 at 12:18PM EDT until September 29 at 2:00AM EDT by NWS Boston/Norton MA",
        "description": "* WHAT...Flooding caused by excessive rainfall is possible.\n\n* WHERE...Central and eastern Massachusetts as well as all of Rhode\nIsland.\n\n* WHEN...Through late Monday night.\n\n* IMPACTS...Excessive runoff may result in flooding of rivers,\ncreeks, streams, and other low-lying and flood-prone locations.\nCreeks and streams may rise out of their banks.\n\n* ADDITIONAL DETAILS...\n- Periods of rain will continue across the region right through\nMonday. Storm total rainfall amount of 2-4\" are expected, but\nlocalized 5-7\" amounts are possible. If these higher amounts are\nrealized...the potential for both urban and small river/stream\nflooding would increase. This is particularly true if these\nlocalized higher amounts occur over a vulnerable urban center.\n- http://www.weather.gov/safety/flood",
        "instruction": "You should monitor later forecasts and be alert for possible Flood\nWarnings. Those living in areas prone to flooding should be prepared\nto take action should flooding develop.",
        "response": "Prepare",
        "note": null,
        "parameters": {
          "AWIPSidentifier": [
            "FFABOX"
          ],
          "WMOidentifier": [
            "WGUS61 KBOX 261618"
          ],
          "NWSheadline": [
            "FLOOD WATCH IN EFFECT THROUGH LATE MONDAY NIGHT"
          ],
          "BLOCKCHANNEL": [
            "EAS",
            "NWEM",
            "CMAS"
          ],
          "EAS-ORG": [
            "WXR"
          ],
          "VTEC": [
            "/O.NEW.KBOX.FA.A.0005.260926T1618Z-260929T0600Z/"
          ],
          "eventEndingTime": [
            "2026-09-29T02:00:00-04:00"
          ]
        },
        "scope": "Public",
        "code": "IPAWSv1.0",
        "language": "en-US",
        "web": "http://www.weather.gov",
        "eventCode": {
          "SAME": [
            "FFA"
          ],
          "NationalWeatherService": [
            "FAA"
          ]
        }
      }
    },
    {
      "id": "https://api.weather.gov/alerts/urn:oid:2.49.0.1.840.0.89eedc9093bcf2ce61490466c05983c4bc2e8748.001.1",
      "type": "Feature",
      "geometry": null,
      "properties": {
        "@id": "https://api.weather.gov/alerts/urn:oid:2.49.0.1.840.0.89eedc9093bcf2ce61490466c05983c4bc2e8748.001.1",
        "@type": "wx:Alert",
        "id": "urn:oid:2.49.0.1.840.0.89eedc9093bcf2ce61490466c05983c4bc2e8748.001.1",
        "areaDesc": "Lanai Mauka; Kahoolawe; Maui Windward West; Maui Leeward West; Haleakala Summit; Kona; Kohala; Big Island Interior; Big Island Summit; Molokai Windward; Molokai Southeast; Molokai North; Molokai West; Molokai Leeward South; Lanai Windward; Lanai Leeward; Lanai South; Maui Central Valley North; Maui Central Valley South; Windward Haleakala; Kipahulu; South Maui/Upcountry; South Haleakala; Big Island South; Big Island Southeast; Big Island East; Big Island North",
        "geocode": {
          "SAME": [
            "015009",
            "015001"
          ],
          "UGC": [
            "HIZ015",
            "HIZ016",
            "HIZ017",
            "HIZ018",
            "HIZ022",
            "HIZ023",
            "HIZ026",
            "HIZ027",
            "HIZ028",
            "HIZ037",
            "HIZ038",
            "HIZ039",
            "HIZ040",
            "HIZ041",
            "HIZ042",
            "HIZ043",
            "HIZ044",
            "HIZ045",
            "HIZ046",
            "HIZ047",
            "HIZ048",
            "HIZ049",
            "HIZ050",
            "HIZ051",
            "HIZ052",
            "HIZ053",
            "HIZ054"
          ]
        },
        "affectedZones": [
          "https://api.weather.gov/zones/forecast/HIZ015",
          "https://api.weather.gov/zones/forecast/HIZ016",
          "https://api.weather.gov/zones/forecast/HIZ017",
          "https://api.weather.gov/zones/forecast/HIZ018",
          "https://api.weather.gov/zones/forecast/HIZ022",
          "https://api.weather.gov/zones/forecast/HIZ023",
          "https://api.weather.gov/zones/forecast/HIZ026",
          "https://api.weather.gov/zones/forecast/HIZ027",
          "https://api.weather.gov/zones/forecast/HIZ028",
          "https://api.weather.gov/zones/forecast/HIZ037",
          "https://api.weather.gov/zones/forecast/HIZ038",
          "https://api.weather.gov/zones/forecast/HIZ039",
          "https://api.weather.gov/zones/forecast/HIZ040",
          "https://api.weather.gov/zones/forecast/HIZ041",
          "https://api.weather.gov/zones/forecast/HIZ042",
          "https://api.weather.gov/zones/forecast/HIZ043",
          "https://api.weather.gov/zones/forecast/HIZ044",
          "https://api.weather.gov/zones/forecast/HIZ045",
          "https://api.weather.gov/zones/forecast/HIZ046",
          "https://api.weather.gov/zones/forecast/HIZ047",
          "https://api.weather.gov/zones/forecast/HIZ048",
          "https://api.weather.gov/zones/forecast/HIZ049",
          "https://api.weather.gov/zones/forecast/HIZ050",
          "https://api.weather.gov/zones/forecast/HIZ051",
          "https://api.weather.gov/zones/forecast/HIZ052",
          "https://api.weather.gov/zones/forecast/HIZ053",
          "https://api.weather.gov/zones/forecast/HIZ054"
        ],
        "references": [],
        "sent": "2026-09-26T05:16:00-10:00",
        "effective": "2026-09-26T05:16:00-10:00",
        "onset": "2026-09-26T05:16:00-10:00",
        "expires": "2026-09-26T13:30:00-10:00",
        "ends": null,
        "status": "Actual",
        "messageType": "Alert",
        "category": "Met",
        "severity": "Moderate",
        "certainty": "Likely",
        "urgency": "Expected",
        "event": "Tropical Cyclone Local Statement",
        "sender": "w-nws.webmaster@noaa.gov",
        "senderName": "NWS Honolulu HI",
        "headline": "Tropical Cyclone Local Statement issued September 26 at 5:16AM HST by NWS Honolulu HI",
        "description": "HLSHFO\n\nThis product covers the Hawaiian islands\n\n**NOLO REMAINS NEARLY STATIONARY SOUTH OF THE BIG ISLAND**\n\n\nNEW INFORMATION\n---------------\n\n* CHANGES TO WATCHES AND WARNINGS:\n- None\n\n* CURRENT WATCHES AND WARNINGS:\n- A Tropical Storm Warning and Hurricane Watch are in effect for\nBig Island East, Big Island Interior, Big Island North, Big\nIsland South, Big Island Southeast, Big Island Summits, Kohala,\nand Kona\n- A Tropical Storm Watch is in effect for Haleakala Summit,\nKahoolawe, Kipahulu, Lanai Leeward, Lanai Mauka, Lanai South,\nLanai Windward, Maui Central Valley North, Maui Central Valley\nSouth, Maui Leeward West, Maui Windward West, Molokai Leeward\nSouth, Molokai North, Molokai Southeast, Molokai West, Molokai\nWindward, South Haleakala, South Maui/Upcountry, and Windward\nHaleakala\n\n* STORM INFORMATION:\n- About 340 miles south-southeast of Honolulu or about 200 miles\nsouth of Hilo\n- 16.9N 155.5W\n- Storm Intensity 105 mph\n- Movement Stationary\n\nSITUATION OVERVIEW\n------------------\n\nNearly stationary, Hurricane Nolo is expected to strengthen into a\nmajor hurricane as it turns westward and accelerates later today and\nSunday. Nolo is forecast to track northward early next week and weaken.\nWhile the center will stay well south and west of the state, impacts\nwill extend far outside the center of Nolo.\n\nBands of intense showers and thunderstorms will bring an additional\n6 to 8 inches of rainfall with localized higher amounts of 10 inches\nto windward and southeast portions of the Big Island. This heavy\nrainfall will cause significant, life-threatening flash flooding and\nmudslides, particularly in areas of steep terrain. Isolated heavy rain\nwill spread to Maui, bringing an additional 1 to 2 inches of rainfall\nwith locally higher amounts of 4 inches possible, especially over\nsteep terrain. Terrain-enhanced rainfall from outer rain bands may\nalso reach the rest of the state.\n\nTropical storm force winds and gusts continue across the Big Island,\nand may reach hurricane strength today, especially over complex\nterrain. A Tropical Storm Watch is in effect for Maui County, where\ntropical storm force winds and gusts are occurring due to terrain\nenhancements. Strong, gusty winds will affect all Hawaiian Islands\nthrough the weekend, and a Wind Advisory is now in effect for the\nremaining Hawaiian Islands.\n\nSwells generated by Nolo will bring dangerously large, rough surf and\nsevere rip currents, especially for southeast and east facing shores\nof Big Island and Maui. A High Surf Advisory remains in effect for\nsoutheast and east facing shores of Big Island and Maui as well as\neast facing shores of Molokai, Kauai and Oahu.\n\nTornadoes and waterspouts are possible near and over the Big Island,\nprimarily to the right of the track of Nolo.\n\nPOTENTIAL IMPACTS\n-----------------\n\n* FLOODING RAIN:\nPotential impacts from the flooding rain are still unfolding across\nwindward and southeast Big Island. Remain well guarded against\ndangerous flood waters having possible significant impacts. If\nrealized, these impacts include:\n- Moderate rainfall flooding may prompt several evacuations and\nrescues.\n- Rivers and tributaries may quickly become swollen with swifter\ncurrents and overspill their banks in a few places, especially\nin usually vulnerable spots. Small streams, creeks, canals,\narroyos, and ditches overflow.\n- Flood waters can enter some structures or weaken foundations.\nSeveral places may experience expanded areas of rapid\ninundation at underpasses, low-lying spots, and poor drainage\nareas. Some streets and parking lots take on moving water as\nstorm drains and retention ponds overflow. Driving conditions\nbecome hazardous. Some road and bridge closures.\n\nPotential impacts from the flooding rain are still unfolding across\nwindward and southeast Big Island and portions of Maui. Remain well\nguarded against locally hazardous flood waters having possible limited\nimpacts.\n\n* WIND:\nPotential impacts from the main wind event are now unfolding across Big\nIsland and Maui. Remain well sheltered from dangerous wind having\npossible significant impacts. If realized, these impacts include:\n- Some damage to roofing and siding materials, along with damage\nto porches, awnings, carports, and sheds. A few buildings\nexperiencing window, door, and garage door failures. Mobile\nhomes damaged, especially if unanchored. Unsecured lightweight\nobjects become dangerous projectiles.\n- Several large trees snapped or uprooted, but with greater\nnumbers in places where trees are shallow rooted. Several\nfences and roadway signs blown over.\n- Some roads impassable from large debris, and more within urban\nor heavily wooded places. A few bridges, causeways, and access\nroutes impassable.\n- Scattered power and communications outages, but more prevalent\nin areas with above ground lines.\n\nPotential indirect impacts from the main wind event are also now\nunfolding across the rest of the state. Remain well sheltered from\nhazardous wind having possible limited impacts.\n\n\n* SURGE:\nPotential impacts from the main surge event are now unfolding across\nsoutheast Big Island. Remain well away from locally hazardous surge\nhaving possible limited impacts. If realized, these impacts include:\n- Localized inundation with storm surge flooding mainly along\nimmediate shorelines and in low-lying spots, or in areas\nfarther inland near where higher surge waters move ashore.\n- Sections of near-shore roads and parking lots become overspread\nwith surge water. Driving conditions dangerous in places where\nsurge water covers the road.\n- Moderate beach erosion. Heavy surf also breaching dunes, mainly\nin usually vulnerable locations. Strong rip currents.\n- Minor to locally moderate damage to marinas, docks, boardwalks,\nand piers. A few small craft broken away from moorings.\n\nElsewhere across the Hawaiian islands, little to no impact is\nanticipated.\n\n* TORNADOES:\nPotential impacts from tornadoes are still unfolding across Big Island.\nRemain well braced against a tornado event having possible limited\nimpacts. If realized, these impacts include:\n- The occurrence of isolated tornadoes can hinder the execution\nof emergency plans during tropical events.\n- A few places may experience tornado damage, along with power\nand communications disruptions.\n- Locations could realize roofs peeled off buildings, chimneys\ntoppled, mobile homes pushed off foundations or overturned,\nlarge tree tops and branches snapped off, shallow-rooted trees\nknocked over, moving vehicles blown off roads, and small boats\npulled from moorings.\n\nPRECAUTIONARY/PREPAREDNESS ACTIONS\n----------------------------------\n\n* EVACUATIONS:\nFollow the advice of local officials\n\n* OTHER PREPAREDNESS INFORMATION:\nNow is the time to stay inside and away from windows. Listen for\nupdates and be ready in case you lose electrical power. Keep a battery-\npowered radio, charged cell phone and flashlight handy.\n\nDuring the peak of the storm be ready to move quickly. Keep your\nshoes on and rain gear handy. Boots and athletic shoes offer the best\nfoot protection if you become unexpectedly exposed to the weather.\n\nKeep your cell phone charged and in power-saving mode. If you lose\npower, use it sparingly and mainly for personal emergencies and\ncheck-ins.\n\nDo not venture outside while in the eye of a hurricane as any\nimprovement in weather will only be temporary. Once the eye passes,\nconditions will become life threatening as winds immediately return\nto dangerous speeds, so remain safely sheltered from the storm.\n\nDo not be a thrill seeker or risk your life for senseless photos or\nvideos.\n\nQuickly move to the safest place within your shelter if it begins to\nfail, preferably an interior room on the lowest floor as long as\nflooding is not a concern.\n\nIf you are prone to flooding or in an area under a storm surge watch\nor warning, be prepared for the possibility of a quick and dramatic\nrise in water levels.\n\nIf a tornado warning is issued for your area, quickly move to the\nsafest place within your shelter. Protect your head and body.\n\nIf an Extreme Wind Warning is issued for your area, move to the\nsafest place within your shelter. Take the same life-saving actions\nas if it were a violent tornado.\n\n* ADDITIONAL SOURCES OF INFORMATION:\n- For information on appropriate preparations see ready.gov\n- For information on creating an emergency plan see getagameplan.org\n- For additional disaster preparedness information see redcross.org\n\nNEXT UPDATE\n-----------\n\nThe next local statement will be issued by the National Weather\nService in Honolulu HI around 11 AM HST, or sooner if conditions\nwarrant.",
        "instruction": null,
        "response": "Monitor",
        "note": null,
        "parameters": {
          "AWIPSidentifier": [
            "HLSHFO"
          ],
          "WMOidentifier": [
            "WTHW80 PHFO 261516"
          ],
          "NWSheadline": [
            "NOLO REMAINS NEARLY STATIONARY SOUTH OF THE BIG ISLAND"
          ],
          "BLOCKCHANNEL": [
            "EAS",
            "NWEM",
            "CMAS"
          ],
          "EAS-ORG": [
            "WXR"
          ]
        },
        "scope": "Public",
        "code": "IPAWSv1.0",
        "language": "en-US",
        "web": "http://www.weather.gov",
        "eventCode": {
          "SAME": [
            "HLS"
          ],
          "NationalWeatherService": [
            "HLS"
          ]
        }
      }
    },
    {
      "id": "https://api.weather.gov/alerts/urn:oid:2.49.0.1.840.0.ef23a71edbdb44af30e5d2c1972e8db004f12e9b.010.1",
      "type": "Feature",
      "geometry": null,
      "properties": {
        "@id": "https://api.weather.gov/alerts/urn:oid:2.49.0.1.840.0.ef23a71edbdb44af30e5d2c1972e8db004f12e9b.010.1",
        "@type": "wx:Alert",
        "id": "urn:oid:2.49.0.1.840.0.ef23a71edbdb44af30e5d2c1972e8db004f12e9b.010.1",
        "areaDesc": "Southwest Prince William Sound",
        "geocode": {
          "SAME": [
            "058726"
          ],
          "UGC": [
            "PKZ726"
          ]
        },
        "affectedZones": [
          "https://api.weather.gov/zones/forecast/PKZ726"
        ],
        "references": [],
        "sent": "2026-09-26T06:43:00-08:00",
        "effective": "2026-09-26T06:43:00-08:00",
        "onset": "2026-09-26T06:00:00-08:00",
        "expires": "2026-09-26T19:15:00-08:00",
        "ends": "2026-09-27T05:00:00-08:00",
        "status": "Actual",
        "messageType": "Alert",
        "category": "Met",
        "severity": "Minor",
        "certainty": "Likely",
        "urgency": "Expected",
        "event": "Small Craft Advisory",
        "sender": "w-nws.webmaster@noaa.gov",
        "senderName": "NWS Anchorage AK",
        "headline": "Small Craft Advisory issued September 26 at 6:43AM AKDT until September 27 at 5:00AM AKDT by NWS Anchorage AK",
        "description": "Coastal waters forecast for the Northern Gulf of Alaska Coast\nup to 100 nm out including Kodiak Island and Cook Inlet.\n\nWind forecasts reflect the predominant speed and direction\nexpected. Sea forecasts represent an average of the highest\none-third of the combined wind wave and swell height.\n\n.TODAY...SE wind 30 kt. Seas 6 ft. Rain.\n.TONIGHT...SE wind 25 kt diminishing to 15 kt after midnight.\nSeas 6 ft subsiding to 2 ft after midnight. Rain.\n.SUN...E wind 10 kt increasing to 15 kt in the afternoon. Seas\n2 ft. Rain showers.\n.SUN NIGHT...E wind 15 kt. Seas 3 ft.\n.MON...NE wind 15 kt. Seas 3 ft.\n.TUE...Variable wind less than 10 kt. Seas 2 ft.\n.WED...N wind 10 kt. Seas 2 ft.",
        "instruction": null,
        "response": "Avoid",
        "note": null,
        "parameters": {
          "AWIPSidentifier": [
            "CWFAER"
          ],
          "WMOidentifier": [
            "FZAK51 PAFC 261443"
          ],
          "NWSheadline": [
            "SMALL CRAFT ADVISORY THROUGH TONIGHT"
          ],
          "BLOCKCHANNEL": [
            "EAS",
            "NWEM",
            "CMAS"
          ],
          "VTEC": [
            "/O.NEW.PAFC.SC.Y.1762.260926T1400Z-260927T1300Z/"
          ],
          "eventEndingTime": [
            "2026-09-27T05:00:00-08:00"
          ]
        },
        "scope": "Public",
        "code": "IPAWSv1.0",
        "language": "en-US",
        "web": "http://www.weather.gov",
        "eventCode": {
          "SAME": [
            "NWS"
          ],
          "NationalWeatherService": [
            "SCY"
          ]
        }
      }
    },
    {
      "id": "https://api.weather.gov/alerts/urn:oid:2.49.0.1.840.0.ef23a71edbdb44af30e5d2c1972e8db004f12e9b.022.1",
      "type": "Feature",
      "geometry": null,
      "properties": {
        "@id": "https://api.weather.gov/alerts/urn:oid:2.49.0.1.840.0.ef23a71edbdb44af30e5d2c1972e8db004f12e9b.022.1",
        "@type": "wx:Alert",
        "id": "urn:oid:2.49.0.1.840.0.ef23a71edbdb44af30e5d2c1972e8db004f12e9b.022.1",
        "areaDesc": "Shelikof Strait",
        "geocode": {
          "SAME": [
            "058738"
          ],
          "UGC": [
            "PKZ738"
          ]
        },
        "affectedZones": [
          "https://api.weather.gov/zones/forecast/PKZ738"
        ],
        "references": [],
        "sent": "2026-09-26T06:43:00-08:00",
        "effective": "2026-09-26T06:43:00-08:00",
        "onset": "2026-09-26T06:00:00-08:00",
        "expires": "2026-09-26T19:15:00-08:00",
        "ends": "2026-09-27T05:00:00-08:00",
        "status": "Actual",
        "messageType": "Alert",
        "category": "Met",
        "severity": "Minor",
        "certainty": "Likely",
        "urgency": "Expected",
        "event": "Small Craft Advisory",
        "sender": "w-nws.webmaster@noaa.gov",
        "senderName": "NWS Anchorage AK",
        "headline": "Small Craft Advisory issued September 26 at 6:43AM AKDT until September 27 at 5:00AM AKDT by NWS Anchorage AK",
        "description": "Coastal waters forecast for the Northern Gulf of Alaska Coast\nup to 100 nm out including Kodiak Island and Cook Inlet.\n\nWind forecasts reflect the predominant speed and direction\nexpected. Sea forecasts represent an average of the highest\none-third of the combined wind wave and swell height.\n\n.TODAY...S wind 25 kt. Seas 5 ft.\n.TONIGHT...S wind 25 kt. Seas 5 ft.\n.SUN...SW wind 20 kt. Seas 5 ft.\n.SUN NIGHT...W wind 20 kt. Seas 5 ft.\n.MON THROUGH TUE...W wind 25 kt. Seas 5 ft.\n.WED...Variable wind 10 kt. Seas 3 ft.",
        "instruction": null,
        "response": "Avoid",
        "note": null,
        "parameters": {
          "AWIPSidentifier": [
            "CWFAER"
          ],
          "WMOidentifier": [
            "FZAK51 PAFC 261443"
          ],
          "NWSheadline": [
            "SMALL CRAFT ADVISORY THROUGH TONIGHT"
          ],
          "BLOCKCHANNEL": [
            "EAS",
            "NWEM",
            "CMAS"
          ],
          "VTEC": [
            "/O.NEW.PAFC.SC.Y.1768.260926T1400Z-260927T1300Z/"
          ],
          "eventEndingTime": [
            "2026-09-27T05:00:00-08:00"
          ]
        },
        "scope": "Public",
        "code": "IPAWSv1.0",
        "language": "en-US",
        "web": "http://www.weather.gov",
        "eventCode": {
          "SAME": [
            "NWS"
          ],
          "NationalWeatherService": [
            "SCY"
          ]
        }
      }
    },
    {
      "id": "https://api.weather.gov/alerts/urn:oid:2.49.0.1.840.0.ef23a71edbdb44af30e5d2c1972e8db004f12e9b.008.1",
      "type": "Feature",
      "geometry": null,
      "properties": {
        "@id": "https://api.weather.gov/alerts/urn:oid:2.49.0.1.840.0.ef23a71edbdb44af30e5d2c1972e8db004f12e9b.008.1",
        "@type": "wx:Alert",
        "id": "urn:oid:2.49.0.1.840.0.ef23a71edbdb44af30e5d2c1972e8db004f12e9b.008.1",
        "areaDesc": "Northwest Prince William Sound",
        "geocode": {
          "SAME": [
            "058724"
          ],
          "UGC": [
            "PKZ724"
          ]
        },
        "affectedZones": [
          "https://api.weather.gov/zones/forecast/PKZ724"
        ],
        "references": [],
        "sent": "2026-09-26T06:43:00-08:00",
        "effective": "2026-09-26T06:43:00-08:00",
        "onset": "2026-09-26T06:00:00-08:00",
        "expires": "2026-09-26T19:15:00-08:00",
        "ends": "2026-09-27T05:00:00-08:00",
        "status": "Actual",
        "messageType": "Alert",
        "category": "Met",
        "severity": "Minor",
        "certainty": "Likely",
        "urgency": "Expected",
        "event": "Small Craft Advisory",
        "sender": "w-nws.webmaster@noaa.gov",
        "senderName": "NWS Anchorage AK",
        "headline": "Small Craft Advisory issued September 26 at 6:43AM AKDT until September 27 at 5:00AM AKDT by NWS Anchorage AK",
        "description": "Coastal waters forecast for the Northern Gulf of Alaska Coast\nup to 100 nm out including Kodiak Island and Cook Inlet.\n\nWind forecasts reflect the predominant speed and direction\nexpected. Sea forecasts represent an average of the highest\none-third of the combined wind wave and swell height.\n\n.TODAY...E wind 30 kt. Seas 7 ft. Rain.\n.TONIGHT...E wind 25 kt. Seas 6 ft subsiding to 4 ft after\nmidnight. Widespread rain showers.\n.SUN...E wind 20 kt. Seas 4 ft. Widespread rain showers.\n.SUN NIGHT...NE wind 20 kt. Seas 4 ft.\n.MON...N wind 15 kt. Seas 2 ft.\n.TUE...NW wind 10 kt. Seas 2 ft.\n.WED...NE wind 10 kt. Seas 2 ft.",
        "instruction": null,
        "response": "Avoid",
        "note": null,
        "parameters": {
          "AWIPSidentifier": [
            "CWFAER"
          ],
          "WMOidentifier": [
            "FZAK51 PAFC 261443"
          ],
          "NWSheadline": [
            "SMALL CRAFT ADVISORY THROUGH TONIGHT"
          ],
          "BLOCKCHANNEL": [
            "EAS",
            "NWEM",
            "CMAS"
          ],
          "VTEC": [
            "/O.NEW.PAFC.SC.Y.1760.260926T1400Z-260927T1300Z/"
          ],
          "eventEndingTime": [
            "2026-09-27T05:00:00-08:00"
          ]
        },
        "scope": "Public",
        "code": "IPAWSv1.0",
        "language": "en-US",
        "web": "http://www.weather.gov",
        "eventCode": {
          "SAME": [
            "NWS"
          ],
          "NationalWeatherService": [
            "SCY"
          ]
        }
      }
    },
    {
      "id": "https://api.weather.gov/alerts/urn:oid:2.49.0.1.840.0.ef23a71edbdb44af30e5d2c1972e8db004f12e9b.003.1",
      "type": "Feature",
      "geometry": null,
      "properties": {
        "@id": "https://api.weather.gov/alerts/urn:oid:2.49.0.1.840.0.ef23a71edbdb44af30e5d2c1972e8db004f12e9b.003.1",
        "@type": "wx:Alert",
        "id": "urn:oid:2.49.0.1.840.0.ef23a71edbdb44af30e5d2c1972e8db004f12e9b.003.1",
        "areaDesc": "Gravel Point to Cape Cleare out to 15 NM",
        "geocode": {
          "SAME": [
            "058711"
          ],
          "UGC": [
            "PKZ711"
          ]
        },
        "affectedZones": [
          "https://api.weather.gov/zones/forecast/PKZ711"
        ],
        "references": [],
        "sent": "2026-09-26T06:43:00-08:00",
        "effective": "2026-09-26T06:43:00-08:00",
        "onset": "2026-09-26T06:00:00-08:00",
        "expires": "2026-09-26T19:15:00-08:00",
        "ends": "2026-09-27T17:00:00-08:00",
        "status": "Actual",
        "messageType": "Alert",
        "category": "Met",
        "severity": "Minor",
        "certainty": "Likely",
        "urgency": "Expected",
        "event": "Small Craft Advisory",
        "sender": "w-nws.webmaster@noaa.gov",
        "senderName": "NWS Anchorage AK",
        "headline": "Small Craft Advisory issued September 26 at 6:43AM AKDT until September 27 at 5:00PM AKDT by NWS Anchorage AK",
        "description": "Coastal waters forecast for the Northern Gulf of Alaska Coast\nup to 100 nm out including Kodiak Island and Cook Inlet.\n\nWind forecasts reflect the predominant speed and direction\nexpected. Sea forecasts represent an average of the highest\none-third of the combined wind wave and swell height.\n\n.TODAY...SE wind 30 kt. Seas 12 ft.\n.TONIGHT...SE wind 30 kt becoming S 15 kt after midnight. Seas\n11 ft. Widespread rain showers.\n.SUN...SE wind 20 kt. Seas 8 ft. Rain showers.\n.SUN NIGHT...SE wind 20 kt. Seas 7 ft.\n.MON...E wind 20 kt. Seas 7 ft.\n.TUE THROUGH WED...Variable wind 10 kt. Seas 6 ft.",
        "instruction": null,
        "response": "Avoid",
        "note": null,
        "parameters": {
          "AWIPSidentifier": [
            "CWFAER"
          ],
          "WMOidentifier": [
            "FZAK51 PAFC 261443"
          ],
          "NWSheadline": [
            "SMALL CRAFT ADVISORY THROUGH SUNDAY"
          ],
          "BLOCKCHANNEL": [
            "EAS",
            "NWEM",
            "CMAS"
          ],
          "VTEC": [
            "/O.NEW.PAFC.SC.Y.1756.260926T1400Z-260928T0100Z/"
          ],
          "eventEndingTime": [
            "2026-09-27T17:00:00-08:00"
          ]
        },
        "scope": "Public",
        "code": "IPAWSv1.0",
        "language": "en-US",
        "web": "http://www.weather.gov",
        "eventCode": {
          "SAME": [
            "NWS"
          ],
          "NationalWeatherService": [
            "SCY"
          ]
        }
      }
    },
    {
      "id": "https://api.weather.gov/alerts/urn:oid:2.49.0.1.840.0.ef23a71edbdb44af30e5d2c1972e8db004f12e9b.009.1",
      "type": "Feature",
      "geometry": null,
      "properties": {
        "@id": "https://api.weather.gov/alerts/urn:oid:2.49.0.1.840.0.ef23a71edbdb44af30e5d2c1972e8db004f12e9b.009.1",
        "@type": "wx:Alert",
        "id": "urn:oid:2.49.0.1.840.0.ef23a71edbdb44af30e5d2c1972e8db004f12e9b.009.1",
        "areaDesc": "Central and Eastern Prince William Sound",
        "geocode": {
          "SAME": [
            "058725"
          ],
          "UGC": [
            "PKZ725"
          ]
        },
        "affectedZones": [
          "https://api.weather.gov/zones/forecast/PKZ725"
        ],
        "references": [],
        "sent": "2026-09-26T06:43:00-08:00",
        "effective": "2026-09-26T06:43:00-08:00",
        "onset": "2026-09-26T06:00:00-08:00",
        "expires": "2026-09-26T19:15:00-08:00",
        "ends": "2026-09-27T05:00:00-08:00",
        "status": "Actual",
        "messageType": "Alert",
        "category": "Met",
        "severity": "Minor",
        "certainty": "Likely",
        "urgency": "Expected",
        "event": "Small Craft Advisory",
        "sender": "w-nws.webmaster@noaa.gov",
        "senderName": "NWS Anchorage AK",
        "headline": "Small Craft Advisory issued September 26 at 6:43AM AKDT until September 27 at 5:00AM AKDT by NWS Anchorage AK",
        "description": "Coastal waters forecast for the Northern Gulf of Alaska Coast\nup to 100 nm out including Kodiak Island and Cook Inlet.\n\nWind forecasts reflect the predominant speed and direction\nexpected. Sea forecasts represent an average of the highest\none-third of the combined wind wave and swell height.\n\n.TODAY...E wind 30 kt. Seas 7 ft. Rain.\n.TONIGHT...E wind 30 kt. Seas 7 ft subsiding to 4 ft after\nmidnight. Widespread rain showers.\n.SUN...E wind 20 kt. Seas 3 ft. Widespread rain showers.\n.SUN NIGHT...E wind 20 kt. Seas 4 ft.\n.MON...NE wind 15 kt. Seas 3 ft.\n.TUE THROUGH WED...E wind 10 kt. Seas 2 ft.",
        "instruction": null,
        "response": "Avoid",
        "note": null,
        "parameters": {
          "AWIPSidentifier": [
            "CWFAER"
          ],
          "WMOidentifier": [
            "FZAK51 PAFC 261443"
          ],
          "NWSheadline": [
            "SMALL CRAFT ADVISORY THROUGH TONIGHT"
          ],
          "BLOCKCHANNEL": [
            "EAS",
            "NWEM",
            "CMAS"
          ],
          "VTEC": [
            "/O.NEW.PAFC.SC.Y.1761.260926T1400Z-260927T1300Z/"
          ],
          "eventEndingTime": [
            "2026-09-27T05:00:00-08:00"
          ]
        },
        "scope": "Public",
        "code": "IPAWSv1.0",
        "language": "en-US",
        "web": "http://www.weather.gov",
        "eventCode": {
          "SAME": [
            "NWS"
          ],
          "NationalWeatherService": [
            "SCY"
          ]
        }
      }
    },
    {
      "id": "https://api.weather.gov/alerts/urn:oid:2.49.0.1.840.0.ef23a71edbdb44af30e5d2c1972e8db004f12e9b.006.1",
      "type": "Feature",
      "geometry": null,
      "properties": {
        "@id": "https://api.weather.gov/alerts/urn:oid:2.49.0.1.840.0.ef23a71edbdb44af30e5d2c1972e8db004f12e9b.006.1",
        "@type": "wx:Alert",
        "id": "urn:oid:2.49.0.1.840.0.ef23a71edbdb44af30e5d2c1972e8db004f12e9b.006.1",
        "areaDesc": "Cape Cleare to Gore Point from 15 to 75 NM",
        "geocode": {
          "SAME": [
            "058716"
          ],
          "UGC": [
            "PKZ716"
          ]
        },
        "affectedZones": [
          "https://api.weather.gov/zones/forecast/PKZ716"
        ],
        "references": [],
        "sent": "2026-09-26T06:43:00-08:00",
        "effective": "2026-09-26T06:43:00-08:00",
        "onset": "2026-09-26T06:00:00-08:00",
        "expires": "2026-09-26T19:15:00-08:00",
        "ends": "2026-09-27T17:00:00-08:00",
        "status": "Actual",
        "messageType": "Alert",
        "category": "Met",
        "severity": "Minor",
        "certainty": "Likely",
        "urgency": "Expected",
        "event": "Small Craft Advisory",
        "sender": "w-nws.webmaster@noaa.gov",
        "senderName": "NWS Anchorage AK",
        "headline": "Small Craft Advisory issued September 26 at 6:43AM AKDT until September 27 at 5:00PM AKDT by NWS Anchorage AK",
        "description": "Coastal waters forecast for the Northern Gulf of Alaska Coast\nup to 100 nm out including Kodiak Island and Cook Inlet.\n\nWind forecasts reflect the predominant speed and direction\nexpected. Sea forecasts represent an average of the highest\none-third of the combined wind wave and swell height.\n\n.TODAY...SE wind 20 kt. Seas 9 ft.\n.TONIGHT...S wind 15 kt. Seas 9 ft.\n.SUN...S wind 15 kt. Seas 9 ft.\n.SUN NIGHT...Variable wind 10 kt. Seas 8 ft.\n.MON...NW wind 15 kt. Seas 6 ft.\n.TUE...W wind 15 kt. Seas 5 ft.\n.WED...Variable wind 10 kt. Seas 7 ft.",
        "instruction": null,
        "response": "Avoid",
        "note": null,
        "parameters": {
          "AWIPSidentifier": [
            "CWFAER"
          ],
          "WMOidentifier": [
            "FZAK51 PAFC 261443"
          ],
          "NWSheadline": [
            "SMALL CRAFT ADVISORY THROUGH SUNDAY"
          ],
          "BLOCKCHANNEL": [
            "EAS",
            "NWEM",
            "CMAS"
          ],
          "VTEC": [
            "/O.NEW.PAFC.SC.Y.1759.260926T1400Z-260928T0100Z/"
          ],
          "eventEndingTime": [
            "2026-09-27T17:00:00-08:00"
          ]
        },
        "scope": "Public",
        "code": "IPAWSv1.0",
        "language": "en-US",
        "web": "http://www.weather.gov",
        "eventCode": {
          "SAME": [
            "NWS"
          ],
          "NationalWeatherService": [
            "SCY"
          ]
        }
      }
    },
    {
      "id": "https://api.weather.gov/alerts/urn:oid:2.49.0.1.840.0.ef23a71edbdb44af30e5d2c1972e8db004f12e9b.017.1",
      "type": "Feature",
      "geometry": null,
      "properties": {
        "@id": "https://api.weather.gov/alerts/urn:oid:2.49.0.1.840.0.ef23a71edbdb44af30e5d2c1972e8db004f12e9b.017.1",
        "@type": "wx:Alert",
        "id": "urn:oid:2.49.0.1.840.0.ef23a71edbdb44af30e5d2c1972e8db004f12e9b.017.1",
        "areaDesc": "Gore Point to Marmot Island from 15 to 80 NM",
        "geocode": {
          "SAME": [
            "058733"
          ],
          "UGC": [
            "PKZ733"
          ]
        },
        "affectedZones": [
          "https://api.weather.gov/zones/forecast/PKZ733"
        ],
        "references": [],
        "sent": "2026-09-26T06:43:00-08:00",
        "effective": "2026-09-26T06:43:00-08:00",
        "onset": "2026-09-26T06:00:00-08:00",
        "expires": "2026-09-26T19:15:00-08:00",
        "ends": "2026-09-27T17:00:00-08:00",
        "status": "Actual",
        "messageType": "Alert",
        "category": "Met",
        "severity": "Minor",
        "certainty": "Likely",
        "urgency": "Expected",
        "event": "Small Craft Advisory",
        "sender": "w-nws.webmaster@noaa.gov",
        "senderName": "NWS Anchorage AK",
        "headline": "Small Craft Advisory issued September 26 at 6:43AM AKDT until September 27 at 5:00PM AKDT by NWS Anchorage AK",
        "description": "Coastal waters forecast for the Northern Gulf of Alaska Coast\nup to 100 nm out including Kodiak Island and Cook Inlet.\n\nWind forecasts reflect the predominant speed and direction\nexpected. Sea forecasts represent an average of the highest\none-third of the combined wind wave and swell height.\n\n.TODAY...S wind 20 kt. Seas 10 ft. Widespread rain showers.\n.TONIGHT...S wind 20 kt. Seas 10 ft.\n.SUN...S wind 20 kt. Seas 10 ft.\n.SUN NIGHT...SW wind 20 kt. Seas 8 ft.\n.MON THROUGH TUE...NW wind 25 kt. Seas 7 ft.\n.WED...W wind 15 kt. Seas 8 ft.",
        "instruction": null,
        "response": "Avoid",
        "note": null,
        "parameters": {
          "AWIPSidentifier": [
            "CWFAER"
          ],
          "WMOidentifier": [
            "FZAK51 PAFC 261443"
          ],
          "NWSheadline": [
            "SMALL CRAFT ADVISORY THROUGH SUNDAY"
          ],
          "BLOCKCHANNEL": [
            "EAS",
            "NWEM",
            "CMAS"
          ],
          "VTEC": [
            "/O.NEW.PAFC.SC.Y.1765.260926T1400Z-260928T0100Z/"
          ],
          "eventEndingTime": [
            "2026-09-27T17:00:00-08:00"
          ]
        },
        "scope": "Public",
        "code": "IPAWSv1.0",
        "language": "en-US",
        "web": "http://www.weather.gov",
        "eventCode": {
          "SAME": [
            "NWS"
          ],
          "NationalWeatherService": [
            "SCY"
          ]
        }
      }
    },
    {
      "id": "https://api.weather.gov/alerts/urn:oid:2.49.0.1.840.0.ef23a71edbdb44af30e5d2c1972e8db004f12e9b.016.1",
      "type": "Feature",
      "geometry": null,
      "properties": {
        "@id": "https://api.weather.gov/alerts/urn:oid:2.49.0.1.840.0.ef23a71edbdb44af30e5d2c1972e8db004f12e9b.016.1",
        "@type": "wx:Alert",
        "id": "urn:oid:2.49.0.1.840.0.ef23a71edbdb44af30e5d2c1972e8db004f12e9b.016.1",
        "areaDesc": "Barren Islands East",
        "geocode": {
          "SAME": [
            "058731"
          ],
          "UGC": [
            "PKZ731"
          ]
        },
        "affectedZones": [
          "https://api.weather.gov/zones/forecast/PKZ731"
        ],
        "references": [],
        "sent": "2026-09-26T06:43:00-08:00",
        "effective": "2026-09-26T06:43:00-08:00",
        "onset": "2026-09-26T05:00:00-08:00",
        "expires": "2026-09-26T19:15:00-08:00",
        "ends": "2026-09-26T17:00:00-08:00",
        "status": "Actual",
        "messageType": "Alert",
        "category": "Met",
        "severity": "Minor",
        "certainty": "Likely",
        "urgency": "Expected",
        "event": "Small Craft Advisory",
        "sender": "w-nws.webmaster@noaa.gov",
        "senderName": "NWS Anchorage AK",
        "headline": "Small Craft Advisory issued September 26 at 6:43AM AKDT until September 26 at 5:00PM AKDT by NWS Anchorage AK",
        "description": "Coastal waters forecast for the Northern Gulf of Alaska Coast\nup to 100 nm out including Kodiak Island and Cook Inlet.\n\nWind forecasts reflect the predominant speed and direction\nexpected. Sea forecasts represent an average of the highest\none-third of the combined wind wave and swell height.\n\n.TODAY...SE wind 20 kt. Seas 8 ft.\n.TONIGHT...S wind 20 kt. Seas 7 ft.\n.SUN...S wind 15 kt. Seas 7 ft.\n.SUN NIGHT...Variable wind 10 kt. Seas 4 ft.\n.MON THROUGH TUE...W wind 25 kt. Seas 5 ft.\n.WED...NW wind 15 kt. Seas 5 ft.",
        "instruction": null,
        "response": "Avoid",
        "note": null,
        "parameters": {
          "AWIPSidentifier": [
            "CWFAER"
          ],
          "WMOidentifier": [
            "FZAK51 PAFC 261443"
          ],
          "NWSheadline": [
            "SMALL CRAFT ADVISORY TODAY"
          ],
          "BLOCKCHANNEL": [
            "EAS",
            "NWEM",
            "CMAS"
          ],
          "VTEC": [
            "/O.NEW.PAFC.SC.Y.1764.260926T1300Z-260927T0100Z/"
          ],
          "eventEndingTime": [
            "2026-09-26T17:00:00-08:00"
          ]
        },
        "scope": "Public",
        "code": "IPAWSv1.0",
        "language": "en-US",
        "web": "http://www.weather.gov",
        "eventCode": {
          "SAME": [
            "NWS"
          ],
          "NationalWeatherService": [
            "SCY"
          ]
        }
      }
    },
    {
      "id": "https://api.weather.gov/alerts/urn:oid:2.49.0.1.840.0.ef23a71edbdb44af30e5d2c1972e8db004f12e9b.018.1",
      "type": "Feature",
      "geometry": null,
      "properties": {
        "@id": "https://api.weather.gov/alerts/urn:oid:2.49.0.1.840.0.ef23a71edbdb44af30e5d2c1972e8db004f12e9b.018.1",
        "@type": "wx:Alert",
        "id": "urn:oid:2.49.0.1.840.0.ef23a71edbdb44af30e5d2c1972e8db004f12e9b.018.1",
        "areaDesc": "Marmot Island to Sitkinak out to 15 NM",
        "geocode": {
          "SAME": [
            "058732"
          ],
          "UGC": [
            "PKZ732"
          ]
        },
        "affectedZones": [
          "https://api.weather.gov/zones/forecast/PKZ732"
        ],
        "references": [],
        "sent": "2026-09-26T06:43:00-08:00",
        "effective": "2026-09-26T06:43:00-08:00",
        "onset": "2026-09-26T06:00:00-08:00",
        "expires": "2026-09-26T19:15:00-08:00",
        "ends": "2026-09-27T17:00:00-08:00",
        "status": "Actual",
        "messageType": "Alert",
        "category": "Met",
        "severity": "Minor",
        "certainty": "Likely",
        "urgency": "Expected",
        "event": "Small Craft Advisory",
        "sender": "w-nws.webmaster@noaa.gov",
        "senderName": "NWS Anchorage AK",
        "headline": "Small Craft Advisory issued September 26 at 6:43AM AKDT until September 27 at 5:00PM AKDT by NWS Anchorage AK",
        "description": "Coastal waters forecast for the Northern Gulf of Alaska Coast\nup to 100 nm out including Kodiak Island and Cook Inlet.\n\nWind forecasts reflect the predominant speed and direction\nexpected. Sea forecasts represent an average of the highest\none-third of the combined wind wave and swell height.\n\n.TODAY...S wind 25 kt. Seas 10 ft. Rain showers.\n.TONIGHT...SW wind 25 kt. Seas 10 ft.\n.SUN...SW wind 25 kt. Seas 10 ft.\n.SUN NIGHT...SW wind 20 kt. Seas 8 ft.\n.MON THROUGH TUE...W wind 25 kt. Seas 5 ft.\n.WED...W wind 15 kt. Seas 4 ft.",
        "instruction": null,
        "response": "Avoid",
        "note": null,
        "parameters": {
          "AWIPSidentifier": [
            "CWFAER"
          ],
          "WMOidentifier": [
            "FZAK51 PAFC 261443"
          ],
          "NWSheadline": [
            "SMALL CRAFT ADVISORY THROUGH SUNDAY"
          ],
          "BLOCKCHANNEL": [
            "EAS",
            "NWEM",
            "CMAS"
          ],
          "VTEC": [
            "/O.NEW.PAFC.SC.Y.1766.260926T1400Z-260928T0100Z/"
          ],
          "eventEndingTime": [
            "2026-09-27T17:00:00-08:00"
          ]
        },
        "scope": "Public",
        "code": "IPAWSv1.0",
        "language": "en-US",
        "web": "http://www.weather.gov",
        "eventCode": {
          "SAME": [
            "NWS"
          ],
          "NationalWeatherService": [
            "SCY"
          ]
        }
      }
    },
    {
      "id": "https://api.weather.gov/alerts/urn:oid:2.49.0.1.840.0.ef23a71edbdb44af30e5d2c1972e8db004f12e9b.005.1",
      "type": "Feature",
      "geometry": null,
      "properties": {
        "@id": "https://api.weather.gov/alerts/urn:oid:2.49.0.1.840.0.ef23a71edbdb44af30e5d2c1972e8db004f12e9b.005.1",
        "@type": "wx:Alert",
        "id": "urn:oid:2.49.0.1.840.0.ef23a71edbdb44af30e5d2c1972e8db004f12e9b.005.1",
        "areaDesc": "Cape Cleare to Gore Point out to 15 NM",
        "geocode": {
          "SAME": [
            "058715"
          ],
          "UGC": [
            "PKZ715"
          ]
        },
        "affectedZones": [
          "https://api.weather.gov/zones/forecast/PKZ715"
        ],
        "references": [],
        "sent": "2026-09-26T06:43:00-08:00",
        "effective": "2026-09-26T06:43:00-08:00",
        "onset": "2026-09-26T06:00:00-08:00",
        "expires": "2026-09-26T19:15:00-08:00",
        "ends": "2026-09-27T17:00:00-08:00",
        "status": "Actual",
        "messageType": "Alert",
        "category": "Met",
        "severity": "Minor",
        "certainty": "Likely",
        "urgency": "Expected",
        "event": "Small Craft Advisory",
        "sender": "w-nws.webmaster@noaa.gov",
        "senderName": "NWS Anchorage AK",
        "headline": "Small Craft Advisory issued September 26 at 6:43AM AKDT until September 27 at 5:00PM AKDT by NWS Anchorage AK",
        "description": "Coastal waters forecast for the Northern Gulf of Alaska Coast\nup to 100 nm out including Kodiak Island and Cook Inlet.\n\nWind forecasts reflect the predominant speed and direction\nexpected. Sea forecasts represent an average of the highest\none-third of the combined wind wave and swell height.\n\n.TODAY...SE wind 20 kt. Seas 8 ft. Rain.\n.TONIGHT...S wind 20 kt. Seas 8 ft. Rain.\n.SUN...SE wind 15 kt. Seas 8 ft. Rain showers.\n.SUN NIGHT...Variable wind 10 kt. Seas 5 ft.\n.MON...Variable wind 10 kt. Seas 5 ft.\n.TUE THROUGH WED...Variable wind 10 kt. Seas 4 ft.",
        "instruction": null,
        "response": "Avoid",
        "note": null,
        "parameters": {
          "AWIPSidentifier": [
            "CWFAER"
          ],
          "WMOidentifier": [
            "FZAK51 PAFC 261443"
          ],
          "NWSheadline": [
            "SMALL CRAFT ADVISORY THROUGH SUNDAY"
          ],
          "BLOCKCHANNEL": [
            "EAS",
            "NWEM",
            "CMAS"
          ],
          "VTEC": [
            "/O.NEW.PAFC.SC.Y.1758.260926T1400Z-260928T0100Z/"
          ],
          "eventEndingTime": [
            "2026-09-27T17:00:00-08:00"
          ]
        },
        "scope": "Public",
        "code": "IPAWSv1.0",
        "language": "en-US",
        "web": "http://www.weather.gov",
        "eventCode": {
          "SAME": [
            "NWS"
          ],
          "NationalWeatherService": [
            "SCY"
          ]
        }
      }
    },
    {
      "id": "https://api.weather.gov/alerts/urn:oid:2.49.0.1.840.0.ef23a71edbdb44af30e5d2c1972e8db004f12e9b.004.1",
      "type": "Feature",
      "geometry": null,
      "properties": {
        "@id": "https://api.weather.gov/alerts/urn:oid:2.49.0.1.840.0.ef23a71edbdb44af30e5d2c1972e8db004f12e9b.004.1",
        "@type": "wx:Alert",
        "id": "urn:oid:2.49.0.1.840.0.ef23a71edbdb44af30e5d2c1972e8db004f12e9b.004.1",
        "areaDesc": "Cape Suckling to Cape Cleare from 15 to 75 NM",
        "geocode": {
          "SAME": [
            "058712"
          ],
          "UGC": [
            "PKZ712"
          ]
        },
        "affectedZones": [
          "https://api.weather.gov/zones/forecast/PKZ712"
        ],
        "references": [],
        "sent": "2026-09-26T06:43:00-08:00",
        "effective": "2026-09-26T06:43:00-08:00",
        "onset": "2026-09-26T06:00:00-08:00",
        "expires": "2026-09-26T19:15:00-08:00",
        "ends": "2026-09-27T17:00:00-08:00",
        "status": "Actual",
        "messageType": "Alert",
        "category": "Met",
        "severity": "Minor",
        "certainty": "Likely",
        "urgency": "Expected",
        "event": "Small Craft Advisory",
        "sender": "w-nws.webmaster@noaa.gov",
        "senderName": "NWS Anchorage AK",
        "headline": "Small Craft Advisory issued September 26 at 6:43AM AKDT until September 27 at 5:00PM AKDT by NWS Anchorage AK",
        "description": "Coastal waters forecast for the Northern Gulf of Alaska Coast\nup to 100 nm out including Kodiak Island and Cook Inlet.\n\nWind forecasts reflect the predominant speed and direction\nexpected. Sea forecasts represent an average of the highest\none-third of the combined wind wave and swell height.\n\n.TODAY...SE wind 25 kt. Seas 11 ft.\n.TONIGHT...S wind 25 kt diminishing to 15 kt after midnight. Seas\n11 ft.\n.SUN...S wind 20 kt. Seas 10 ft.\n.SUN NIGHT...S wind 15 kt. Seas 9 ft.\n.MON...SE wind 15 kt. Seas 7 ft.\n.TUE...Variable wind 10 kt. Seas 7 ft.\n.WED...Variable wind 10 kt. Seas 6 ft.",
        "instruction": null,
        "response": "Avoid",
        "note": null,
        "parameters": {
          "AWIPSidentifier": [
            "CWFAER"
          ],
          "WMOidentifier": [
            "FZAK51 PAFC 261443"
          ],
          "NWSheadline": [
            "SMALL CRAFT ADVISORY THROUGH SUNDAY"
          ],
          "BLOCKCHANNEL": [
            "EAS",
            "NWEM",
            "CMAS"
          ],
          "VTEC": [
            "/O.NEW.PAFC.SC.Y.1757.260926T1400Z-260928T0100Z/"
          ],
          "eventEndingTime": [
            "2026-09-27T17:00:00-08:00"
          ]
        },
        "scope": "Public",
        "code": "IPAWSv1.0",
        "language": "en-US",
        "web": "http://www.weather.gov",
        "eventCode": {
          "SAME": [
            "NWS"
          ],
          "NationalWeatherService": [
            "SCY"
          ]
        }
      }
    },
    {
      "id": "https://api.weather.gov/alerts/urn:oid:2.49.0.1.840.0.ef23a71edbdb44af30e5d2c1972e8db004f12e9b.015.1",
      "type": "Feature",
      "geometry": null,
      "properties": {
        "@id": "https://api.weather.gov/alerts/urn:oid:2.49.0.1.840.0.ef23a71edbdb44af30e5d2c1972e8db004f12e9b.015.1",
        "@type": "wx:Alert",
        "id": "urn:oid:2.49.0.1.840.0.ef23a71edbdb44af30e5d2c1972e8db004f12e9b.015.1",
        "areaDesc": "West of Barren Islands Including Kamishak Bay",
        "geocode": {
          "SAME": [
            "058730"
          ],
          "UGC": [
            "PKZ730"
          ]
        },
        "affectedZones": [
          "https://api.weather.gov/zones/forecast/PKZ730"
        ],
        "references": [],
        "sent": "2026-09-26T06:43:00-08:00",
        "effective": "2026-09-26T06:43:00-08:00",
        "onset": "2026-09-26T05:00:00-08:00",
        "expires": "2026-09-26T19:15:00-08:00",
        "ends": "2026-09-26T17:00:00-08:00",
        "status": "Actual",
        "messageType": "Alert",
        "category": "Met",
        "severity": "Minor",
        "certainty": "Likely",
        "urgency": "Expected",
        "event": "Small Craft Advisory",
        "sender": "w-nws.webmaster@noaa.gov",
        "senderName": "NWS Anchorage AK",
        "headline": "Small Craft Advisory issued September 26 at 6:43AM AKDT until September 26 at 5:00PM AKDT by NWS Anchorage AK",
        "description": "Coastal waters forecast for the Northern Gulf of Alaska Coast\nup to 100 nm out including Kodiak Island and Cook Inlet.\n\nWind forecasts reflect the predominant speed and direction\nexpected. Sea forecasts represent an average of the highest\none-third of the combined wind wave and swell height.\n\n.TODAY...SE wind 25 kt. Seas 6 ft.\n.TONIGHT...SE wind 20 kt. Seas 5 ft.\n.SUN...SE wind 15 kt. Seas 4 ft.\n.SUN NIGHT...NE wind 15 kt. Seas 3 ft.\n.MON THROUGH TUE...W wind 30 kt. Seas 8 ft.\n.WED...NW wind 20 kt. Seas 5 ft.",
        "instruction": null,
        "response": "Avoid",
        "note": null,
        "parameters": {
          "AWIPSidentifier": [
            "CWFAER"
          ],
          "WMOidentifier": [
            "FZAK51 PAFC 261443"
          ],
          "NWSheadline": [
            "SMALL CRAFT ADVISORY TODAY"
          ],
          "BLOCKCHANNEL": [
            "EAS",
            "NWEM",
            "CMAS"
          ],
          "VTEC": [
            "/O.NEW.PAFC.SC.Y.1763.260926T1300Z-260927T0100Z/"
          ],
          "eventEndingTime": [
            "2026-09-26T17:00:00-08:00"
          ]
        },
        "scope": "Public",
        "code": "IPAWSv1.0",
        "language": "en-US",
        "web": "http://www.weather.gov",
        "eventCode": {
          "SAME": [
            "NWS"
          ],
          "NationalWeatherService": [
            "SCY"
          ]
        }
      }
    },
    {
      "id": "https://api.weather.gov/alerts/urn:oid:2.49.0.1.840.0.ef23a71edbdb44af30e5d2c1972e8db004f12e9b.002.1",
      "type": "Feature",
      "geometry": null,
      "properties": {
        "@id": "https://api.weather.gov/alerts/urn:oid:2.49.0.1.840.0.ef23a71edbdb44af30e5d2c1972e8db004f12e9b.002.1",
        "@type": "wx:Alert",
        "id": "urn:oid:2.49.0.1.840.0.ef23a71edbdb44af30e5d2c1972e8db004f12e9b.002.1",
        "areaDesc": "Cape Suckling to Gravel Point out to 15 NM",
        "geocode": {
          "SAME": [
            "058710"
          ],
          "UGC": [
            "PKZ710"
          ]
        },
        "affectedZones": [
          "https://api.weather.gov/zones/forecast/PKZ710"
        ],
        "references": [],
        "sent": "2026-09-26T06:43:00-08:00",
        "effective": "2026-09-26T06:43:00-08:00",
        "onset": "2026-09-26T05:00:00-08:00",
        "expires": "2026-09-26T19:15:00-08:00",
        "ends": "2026-09-26T17:00:00-08:00",
        "status": "Actual",
        "messageType": "Alert",
        "category": "Met",
        "severity": "Moderate",
        "certainty": "Likely",
        "urgency": "Expected",
        "event": "Gale Warning",
        "sender": "w-nws.webmaster@noaa.gov",
        "senderName": "NWS Anchorage AK",
        "headline": "Gale Warning issued September 26 at 6:43AM AKDT until September 26 at 5:00PM AKDT by NWS Anchorage AK",
        "description": "Coastal waters forecast for the Northern Gulf of Alaska Coast\nup to 100 nm out including Kodiak Island and Cook Inlet.\n\nWind forecasts reflect the predominant speed and direction\nexpected. Sea forecasts represent an average of the highest\none-third of the combined wind wave and swell height.\n\n.TODAY...E wind 35 kt. Seas 11 ft. Rain.\n.TONIGHT...E wind 30 kt. Seas 11 ft. Widespread rain showers.\n.SUN...SE wind 20 kt. Seas 7 ft. Rain showers.\n.SUN NIGHT...E wind 20 kt. Seas 8 ft.\n.MON...E wind 20 kt. Seas 7 ft.\n.TUE...Variable wind 10 kt. Seas 7 ft.\n.WED...SE wind 15 kt. Seas 5 ft.",
        "instruction": null,
        "response": "Avoid",
        "note": null,
        "parameters": {
          "AWIPSidentifier": [
            "CWFAER"
          ],
          "WMOidentifier": [
            "FZAK51 PAFC 261443"
          ],
          "NWSheadline": [
            "GALE WARNING TODAY"
          ],
          "BLOCKCHANNEL": [
            "EAS",
            "NWEM",
            "CMAS"
          ],
          "VTEC": [
            "/O.NEW.PAFC.GL.W.1755.260926T1300Z-260927T0100Z/"
          ],
          "eventEndingTime": [
            "2026-09-26T17:00:00-08:00"
          ]
        },
        "scope": "Public",
        "code": "IPAWSv1.0",
        "language": "en-US",
        "web": "http://www.weather.gov",
        "eventCode": {
          "SAME": [
            "NWS"
          ],
          "NationalWeatherService": [
            "GLW"
          ]
        }
      }
    },
    {
      "id": "https://api.weather.gov/alerts/urn:oid:2.49.0.1.840.0.ef23a71edbdb44af30e5d2c1972e8db004f12e9b.019.1",
      "type": "Feature",
      "geometry": null,
      "properties": {
        "@id": "https://api.weather.gov/alerts/urn:oid:2.49.0.1.840.0.ef23a71edbdb44af30e5d2c1972e8db004f12e9b.019.1",
        "@type": "wx:Alert",
        "id": "urn:oid:2.49.0.1.840.0.ef23a71edbdb44af30e5d2c1972e8db004f12e9b.019.1",
        "areaDesc": "Marmot Island To Sitkinak from 15 to 85 NM",
        "geocode": {
          "SAME": [
            "058734"
          ],
          "UGC": [
            "PKZ734"
          ]
        },
        "affectedZones": [
          "https://api.weather.gov/zones/forecast/PKZ734"
        ],
        "references": [],
        "sent": "2026-09-26T06:43:00-08:00",
        "effective": "2026-09-26T06:43:00-08:00",
        "onset": "2026-09-26T06:00:00-08:00",
        "expires": "2026-09-26T19:15:00-08:00",
        "ends": "2026-09-27T17:00:00-08:00",
        "status": "Actual",
        "messageType": "Alert",
        "category": "Met",
        "severity": "Minor",
        "certainty": "Likely",
        "urgency": "Expected",
        "event": "Small Craft Advisory",
        "sender": "w-nws.webmaster@noaa.gov",
        "senderName": "NWS Anchorage AK",
        "headline": "Small Craft Advisory issued September 26 at 6:43AM AKDT until September 27 at 5:00PM AKDT by NWS Anchorage AK",
        "description": "Coastal waters forecast for the Northern Gulf of Alaska Coast\nup to 100 nm out including Kodiak Island and Cook Inlet.\n\nWind forecasts reflect the predominant speed and direction\nexpected. Sea forecasts represent an average of the highest\none-third of the combined wind wave and swell height.\n\n.TODAY...S wind 25 kt. Seas 13 ft. Widespread rain showers.\n.TONIGHT...SW wind 30 kt. Seas 15 ft.\n.SUN...SW wind 25 kt. Seas 15 ft.\n.SUN NIGHT...W wind 25 kt. Seas 12 ft.\n.MON...W wind 30 kt. Seas 9 ft.\n.TUE...W wind 25 kt. Seas 8 ft.\n.WED...W wind 15 kt. Seas 8 ft.",
        "instruction": null,
        "response": "Avoid",
        "note": null,
        "parameters": {
          "AWIPSidentifier": [
            "CWFAER"
          ],
          "WMOidentifier": [
            "FZAK51 PAFC 261443"
          ],
          "NWSheadline": [
            "SMALL CRAFT ADVISORY THROUGH SUNDAY"
          ],
          "BLOCKCHANNEL": [
            "EAS",
            "NWEM",
            "CMAS"
          ],
          "VTEC": [
            "/O.NEW.PAFC.SC.Y.1767.260926T1400Z-260928T0100Z/"
          ],
          "eventEndingTime": [
            "2026-09-27T17:00:00-08:00"
          ]
        },
        "scope": "Public",
        "code": "IPAWSv1.0",
        "language": "en-US",
        "web": "http://www.weather.gov",
        "eventCode": {
          "SAME": [
            "NWS"
          ],
          "NationalWeatherService": [
            "SCY"
          ]
        }
      }
    },
    {
      "id": "https://api.weather.gov/alerts/urn:oid:2.49.0.1.840.0.aed8194fca59c4f1573c5bd37881096d45099c9c.015.1",
      "type": "Feature",
      "geometry": null,
      "properties": {
        "@id": "https://api.weather.gov/alerts/urn:oid:2.49.0.1.840.0.aed8194fca59c4f1573c5bd37881096d45099c9c.015.1",
        "@type": "wx:Alert",
        "id": "urn:oid:2.49.0.1.840.0.aed8194fca59c4f1573c5bd37881096d45099c9c.015.1",
        "areaDesc": "Unalaska Bay",
        "geocode": {
          "SAME": [
            "058771"
          ],
          "UGC": [
            "PKZ771"
          ]
        },
        "affectedZones": [
          "https://api.weather.gov/zones/forecast/PKZ771"
        ],
        "references": [],
        "sent": "2026-09-26T05:16:00-08:00",
        "effective": "2026-09-26T05:16:00-08:00",
        "onset": "2026-09-26T05:00:00-08:00",
        "expires": "2026-09-26T18:00:00-08:00",
        "ends": "2026-09-26T17:00:00-08:00",
        "status": "Actual",
        "messageType": "Alert",
        "category": "Met",
        "severity": "Moderate",
        "certainty": "Likely",
        "urgency": "Expected",
        "event": "Gale Warning",
        "sender": "w-nws.webmaster@noaa.gov",
        "senderName": "NWS Anchorage AK",
        "headline": "Gale Warning issued September 26 at 5:16AM AKDT until September 26 at 5:00PM AKDT by NWS Anchorage AK",
        "description": "Coastal Waters Forecast for Southwest Alaska+Bristol Bay+The\nAlaska Peninsula Waters and the Aleutian Islands up to 100 nm out.\n\nWind forecasts reflect the predominant speed and direction\nexpected. Sea forecasts represent an average of the highest\none-third of the combined wind wave and swell height.\n\n.TODAY...SW wind 35 kt. Seas 5 ft. Rain showers.\n.TONIGHT...W wind 30 kt. Seas 5 ft. Rain showers.\n.SUN...W wind 25 kt. Seas 4 ft. Rain showers.\n.SUN NIGHT...NW wind 25 kt. Seas 8 ft.\n.MON...W wind 25 kt. Seas 4 ft.\n.TUE...W wind 15 kt. Seas 2 ft.\n.WED...S wind 20 kt. Seas 2 ft.",
        "instruction": null,
        "response": "Avoid",
        "note": null,
        "parameters": {
          "AWIPSidentifier": [
            "CWFALU"
          ],
          "WMOidentifier": [
            "FZAK52 PAFC 261316"
          ],
          "NWSheadline": [
            "GALE WARNING TODAY"
          ],
          "BLOCKCHANNEL": [
            "EAS",
            "NWEM",
            "CMAS"
          ],
          "VTEC": [
            "/O.NEW.PAFC.GL.W.1474.260926T1300Z-260927T0100Z/"
          ],
          "eventEndingTime": [
            "2026-09-26T17:00:00-08:00"
          ]
        },
        "scope": "Public",
        "code": "IPAWSv1.0",
        "language": "en-US",
        "web": "http://www.weather.gov",
        "eventCode": {
          "SAME": [
            "NWS"
          ],
          "NationalWeatherService": [
            "GLW"
          ]
        }
      }
    },
    {
      "id": "https://api.weather.gov/alerts/urn:oid:2.49.0.1.840.0.aed8194fca59c4f1573c5bd37881096d45099c9c.035.1",
      "type": "Feature",
      "geometry": null,
      "properties": {
        "@id": "https://api.weather.gov/alerts/urn:oid:2.49.0.1.840.0.aed8194fca59c4f1573c5bd37881096d45099c9c.035.1",
        "@type": "wx:Alert",
        "id": "urn:oid:2.49.0.1.840.0.aed8194fca59c4f1573c5bd37881096d45099c9c.035.1",
        "areaDesc": "Kuskokwim Delta from 15 to 80 NM",
        "geocode": {
          "SAME": [
            "058764"
          ],
          "UGC": [
            "PKZ764"
          ]
        },
        "affectedZones": [
          "https://api.weather.gov/zones/forecast/PKZ764"
        ],
        "references": [],
        "sent": "2026-09-26T05:16:00-08:00",
        "effective": "2026-09-26T05:16:00-08:00",
        "onset": "2026-09-26T05:00:00-08:00",
        "expires": "2026-09-26T18:00:00-08:00",
        "ends": "2026-09-27T17:00:00-08:00",
        "status": "Actual",
        "messageType": "Alert",
        "category": "Met",
        "severity": "Minor",
        "certainty": "Likely",
        "urgency": "Expected",
        "event": "Small Craft Advisory",
        "sender": "w-nws.webmaster@noaa.gov",
        "senderName": "NWS Anchorage AK",
        "headline": "Small Craft Advisory issued September 26 at 5:16AM AKDT until September 27 at 5:00PM AKDT by NWS Anchorage AK",
        "description": "Coastal Waters Forecast for Southwest Alaska+Bristol Bay+The\nAlaska Peninsula Waters and the Aleutian Islands up to 100 nm out.\n\nWind forecasts reflect the predominant speed and direction\nexpected. Sea forecasts represent an average of the highest\none-third of the combined wind wave and swell height.\n\n.TODAY...SE wind 25 kt. Seas 12 ft. Rain showers.\n.TONIGHT...NW wind 25 kt. Seas 12 ft.\n.SUN...NW wind 25 kt. Seas 9 ft.\n.SUN NIGHT...NW wind 25 kt. Seas 8 ft.\n.MON...NW wind 25 kt. Seas 9 ft.\n.TUE...NW wind 20 kt. Seas 7 ft.\n.WED...NE wind 20 kt. Seas 4 ft.",
        "instruction": null,
        "response": "Avoid",
        "note": null,
        "parameters": {
          "AWIPSidentifier": [
            "CWFALU"
          ],
          "WMOidentifier": [
            "FZAK52 PAFC 261316"
          ],
          "NWSheadline": [
            "SMALL CRAFT ADVISORY THROUGH SUNDAY"
          ],
          "BLOCKCHANNEL": [
            "EAS",
            "NWEM",
            "CMAS"
          ],
          "VTEC": [
            "/O.NEW.PAFC.SC.Y.1494.260926T1300Z-260928T0100Z/"
          ],
          "eventEndingTime": [
            "2026-09-27T17:00:00-08:00"
          ]
        },
        "scope": "Public",
        "code": "IPAWSv1.0",
        "language": "en-US",
        "web": "http://www.weather.gov",
        "eventCode": {
          "SAME": [
            "NWS"
          ],
          "NationalWeatherService": [
            "SCY"
          ]
        }
      }
    },
    {
      "id": "https://api.weather.gov/alerts/urn:oid:2.49.0.1.840.0.aed8194fca59c4f1573c5bd37881096d45099c9c.037.1",
      "type": "Feature",
      "geometry": null,
      "properties": {
        "@id": "https://api.weather.gov/alerts/urn:oid:2.49.0.1.840.0.aed8194fca59c4f1573c5bd37881096d45099c9c.037.1",
        "@type": "wx:Alert",
        "id": "urn:oid:2.49.0.1.840.0.aed8194fca59c4f1573c5bd37881096d45099c9c.037.1",
        "areaDesc": "Saint Matthew Island Waters",
        "geocode": {
          "SAME": [
            "058767"
          ],
          "UGC": [
            "PKZ767"
          ]
        },
        "affectedZones": [
          "https://api.weather.gov/zones/forecast/PKZ767"
        ],
        "references": [],
        "sent": "2026-09-26T05:16:00-08:00",
        "effective": "2026-09-26T05:16:00-08:00",
        "onset": "2026-09-26T05:00:00-08:00",
        "expires": "2026-09-26T18:00:00-08:00",
        "ends": "2026-09-27T17:00:00-08:00",
        "status": "Actual",
        "messageType": "Alert",
        "category": "Met",
        "severity": "Minor",
        "certainty": "Likely",
        "urgency": "Expected",
        "event": "Small Craft Advisory",
        "sender": "w-nws.webmaster@noaa.gov",
        "senderName": "NWS Anchorage AK",
        "headline": "Small Craft Advisory issued September 26 at 5:16AM AKDT until September 27 at 5:00PM AKDT by NWS Anchorage AK",
        "description": "Coastal Waters Forecast for Southwest Alaska+Bristol Bay+The\nAlaska Peninsula Waters and the Aleutian Islands up to 100 nm out.\n\nWind forecasts reflect the predominant speed and direction\nexpected. Sea forecasts represent an average of the highest\none-third of the combined wind wave and swell height.\n\n.TODAY...N wind 25 kt. Seas 10 ft.\n.TONIGHT...NW wind 25 kt. Seas 8 ft.\n.SUN...NW wind 25 kt. Seas 7 ft.\n.SUN NIGHT...NW wind 20 kt. Seas 6 ft.\n.MON...NW wind 20 kt. Seas 6 ft.\n.TUE THROUGH WED...NE wind 20 kt. Seas 5 ft.",
        "instruction": null,
        "response": "Avoid",
        "note": null,
        "parameters": {
          "AWIPSidentifier": [
            "CWFALU"
          ],
          "WMOidentifier": [
            "FZAK52 PAFC 261316"
          ],
          "NWSheadline": [
            "SMALL CRAFT ADVISORY THROUGH SUNDAY"
          ],
          "BLOCKCHANNEL": [
            "EAS",
            "NWEM",
            "CMAS"
          ],
          "VTEC": [
            "/O.NEW.PAFC.SC.Y.1497.260926T1300Z-260928T0100Z/"
          ],
          "eventEndingTime": [
            "2026-09-27T17:00:00-08:00"
          ]
        },
        "scope": "Public",
        "code": "IPAWSv1.0",
        "language": "en-US",
        "web": "http://www.weather.gov",
        "eventCode": {
          "SAME": [
            "NWS"
          ],
          "NationalWeatherService": [
            "SCY"
          ]
        }
      }
    },
    {
      "id": "https://api.weather.gov/alerts/urn:oid:2.49.0.1.840.0.aed8194fca59c4f1573c5bd37881096d45099c9c.003.1",
      "type": "Feature",
      "geometry": null,
      "properties": {
        "@id": "https://api.weather.gov/alerts/urn:oid:2.49.0.1.840.0.aed8194fca59c4f1573c5bd37881096d45099c9c.003.1",
        "@type": "wx:Alert",
        "id": "urn:oid:2.49.0.1.840.0.aed8194fca59c4f1573c5bd37881096d45099c9c.003.1",
        "areaDesc": "Sitkinak to Castle Cape from 15 to 100 NM",
        "geocode": {
          "SAME": [
            "058751"
          ],
          "UGC": [
            "PKZ751"
          ]
        },
        "affectedZones": [
          "https://api.weather.gov/zones/forecast/PKZ751"
        ],
        "references": [],
        "sent": "2026-09-26T05:16:00-08:00",
        "effective": "2026-09-26T05:16:00-08:00",
        "onset": "2026-09-26T05:00:00-08:00",
        "expires": "2026-09-26T18:00:00-08:00",
        "ends": "2026-09-27T17:00:00-08:00",
        "status": "Actual",
        "messageType": "Alert",
        "category": "Met",
        "severity": "Minor",
        "certainty": "Likely",
        "urgency": "Expected",
        "event": "Small Craft Advisory",
        "sender": "w-nws.webmaster@noaa.gov",
        "senderName": "NWS Anchorage AK",
        "headline": "Small Craft Advisory issued September 26 at 5:16AM AKDT until September 27 at 5:00PM AKDT by NWS Anchorage AK",
        "description": "Coastal Waters Forecast for Southwest Alaska+Bristol Bay+The\nAlaska Peninsula Waters and the Aleutian Islands up to 100 nm out.\n\nWind forecasts reflect the predominant speed and direction\nexpected. Sea forecasts represent an average of the highest\none-third of the combined wind wave and swell height.\n\n.TODAY...SW wind 30 kt. Seas 17 ft. Rain showers.\n.TONIGHT...SW wind 30 kt. Seas 17 ft.\n.SUN...W wind 30 kt. Seas 16 ft.\n.SUN NIGHT...W wind 30 kt. Seas 13 ft.\n.MON THROUGH TUE...NW wind 30 kt. Seas 10 ft.\n.WED...SW wind 15 kt. Seas 6 ft.",
        "instruction": null,
        "response": "Avoid",
        "note": null,
        "parameters": {
          "AWIPSidentifier": [
            "CWFALU"
          ],
          "WMOidentifier": [
            "FZAK52 PAFC 261316"
          ],
          "NWSheadline": [
            "SMALL CRAFT ADVISORY THROUGH SUNDAY"
          ],
          "BLOCKCHANNEL": [
            "EAS",
            "NWEM",
            "CMAS"
          ],
          "VTEC": [
            "/O.NEW.PAFC.SC.Y.1462.260926T1300Z-260928T0100Z/"
          ],
          "eventEndingTime": [
            "2026-09-27T17:00:00-08:00"
          ]
        },
        "scope": "Public",
        "code": "IPAWSv1.0",
        "language": "en-US",
        "web": "http://www.weather.gov",
        "eventCode": {
          "SAME": [
            "NWS"
          ],
          "NationalWeatherService": [
            "SCY"
          ]
        }
      }
    },
    {
      "id": "https://api.weather.gov/alerts/urn:oid:2.49.0.1.840.0.aed8194fca59c4f1573c5bd37881096d45099c9c.002.1",
      "type": "Feature",
      "geometry": null,
      "properties": {
        "@id": "https://api.weather.gov/alerts/urn:oid:2.49.0.1.840.0.aed8194fca59c4f1573c5bd37881096d45099c9c.002.1",
        "@type": "wx:Alert",
        "id": "urn:oid:2.49.0.1.840.0.aed8194fca59c4f1573c5bd37881096d45099c9c.002.1",
        "areaDesc": "Sitkinak to Castle Cape out to 15 NM",
        "geocode": {
          "SAME": [
            "058750"
          ],
          "UGC": [
            "PKZ750"
          ]
        },
        "affectedZones": [
          "https://api.weather.gov/zones/forecast/PKZ750"
        ],
        "references": [],
        "sent": "2026-09-26T05:16:00-08:00",
        "effective": "2026-09-26T05:16:00-08:00",
        "onset": "2026-09-26T05:00:00-08:00",
        "expires": "2026-09-26T18:00:00-08:00",
        "ends": "2026-09-27T17:00:00-08:00",
        "status": "Actual",
        "messageType": "Alert",
        "category": "Met",
        "severity": "Minor",
        "certainty": "Likely",
        "urgency": "Expected",
        "event": "Small Craft Advisory",
        "sender": "w-nws.webmaster@noaa.gov",
        "senderName": "NWS Anchorage AK",
        "headline": "Small Craft Advisory issued September 26 at 5:16AM AKDT until September 27 at 5:00PM AKDT by NWS Anchorage AK",
        "description": "Coastal Waters Forecast for Southwest Alaska+Bristol Bay+The\nAlaska Peninsula Waters and the Aleutian Islands up to 100 nm out.\n\nWind forecasts reflect the predominant speed and direction\nexpected. Sea forecasts represent an average of the highest\none-third of the combined wind wave and swell height.\n\n.TODAY...SW wind 30 kt. Seas 10 ft. Rain showers.\n.TONIGHT...SW wind 30 kt. Seas 11 ft.\n.SUN...SW wind 25 kt. Seas 9 ft.\n.SUN NIGHT...W wind 25 kt. Seas 7 ft.\n.MON THROUGH TUE...NW wind 25 kt. Seas 5 ft.\n.WED...SW wind 15 kt. Seas 4 ft.",
        "instruction": null,
        "response": "Avoid",
        "note": null,
        "parameters": {
          "AWIPSidentifier": [
            "CWFALU"
          ],
          "WMOidentifier": [
            "FZAK52 PAFC 261316"
          ],
          "NWSheadline": [
            "SMALL CRAFT ADVISORY THROUGH SUNDAY"
          ],
          "BLOCKCHANNEL": [
            "EAS",
            "NWEM",
            "CMAS"
          ],
          "VTEC": [
            "/O.NEW.PAFC.SC.Y.1461.260926T1300Z-260928T0100Z/"
          ],
          "eventEndingTime": [
            "2026-09-27T17:00:00-08:00"
          ]
        },
        "scope": "Public",
        "code": "IPAWSv1.0",
        "language": "en-US",
        "web": "http://www.weather.gov",
        "eventCode": {
          "SAME": [
            "NWS"
          ],
          "NationalWeatherService": [
            "SCY"
          ]
        }
      }
    },
    {
      "id": "https://api.weather.gov/alerts/urn:oid:2.49.0.1.840.0.aed8194fca59c4f1573c5bd37881096d45099c9c.032.1",
      "type": "Feature",
      "geometry": null,
      "properties": {
        "@id": "https://api.weather.gov/alerts/urn:oid:2.49.0.1.840.0.aed8194fca59c4f1573c5bd37881096d45099c9c.032.1",
        "@type": "wx:Alert",
        "id": "urn:oid:2.49.0.1.840.0.aed8194fca59c4f1573c5bd37881096d45099c9c.032.1",
        "areaDesc": "Bristol Bay from Port Heiden to Cape Chichagof out to 15 NM",
        "geocode": {
          "SAME": [
            "058761"
          ],
          "UGC": [
            "PKZ761"
          ]
        },
        "affectedZones": [
          "https://api.weather.gov/zones/forecast/PKZ761"
        ],
        "references": [],
        "sent": "2026-09-26T05:16:00-08:00",
        "effective": "2026-09-26T05:16:00-08:00",
        "onset": "2026-09-26T05:00:00-08:00",
        "expires": "2026-09-26T18:00:00-08:00",
        "ends": "2026-09-27T17:00:00-08:00",
        "status": "Actual",
        "messageType": "Alert",
        "category": "Met",
        "severity": "Minor",
        "certainty": "Likely",
        "urgency": "Expected",
        "event": "Small Craft Advisory",
        "sender": "w-nws.webmaster@noaa.gov",
        "senderName": "NWS Anchorage AK",
        "headline": "Small Craft Advisory issued September 26 at 5:16AM AKDT until September 27 at 5:00PM AKDT by NWS Anchorage AK",
        "description": "Coastal Waters Forecast for Southwest Alaska+Bristol Bay+The\nAlaska Peninsula Waters and the Aleutian Islands up to 100 nm out.\n\nWind forecasts reflect the predominant speed and direction\nexpected. Sea forecasts represent an average of the highest\none-third of the combined wind wave and swell height.\n\n.TODAY...SW wind 25 kt. Seas 7 ft. Rain showers.\n.TONIGHT...SW wind 25 kt. Seas 9 ft. Rain showers.\n.SUN...SW wind 30 kt. Seas 9 ft. Rain showers.\n.SUN NIGHT...NW wind 25 kt. Seas 7 ft.\n.MON THROUGH TUE...NW wind 25 kt. Seas 7 ft.\n.WED...N wind 15 kt. Seas 4 ft.",
        "instruction": null,
        "response": "Avoid",
        "note": null,
        "parameters": {
          "AWIPSidentifier": [
            "CWFALU"
          ],
          "WMOidentifier": [
            "FZAK52 PAFC 261316"
          ],
          "NWSheadline": [
            "SMALL CRAFT ADVISORY THROUGH SUNDAY"
          ],
          "BLOCKCHANNEL": [
            "EAS",
            "NWEM",
            "CMAS"
          ],
          "VTEC": [
            "/O.NEW.PAFC.SC.Y.1491.260926T1300Z-260928T0100Z/"
          ],
          "eventEndingTime": [
            "2026-09-27T17:00:00-08:00"
          ]
        },
        "scope": "Public",
        "code": "IPAWSv1.0",
        "language": "en-US",
        "web": "http://www.weather.gov",
        "eventCode": {
          "SAME": [
            "NWS"
          ],
          "NationalWeatherService": [
            "SCY"
          ]
        }
      }
    },
    {
      "id": "https://api.weather.gov/alerts/urn:oid:2.49.0.1.840.0.aed8194fca59c4f1573c5bd37881096d45099c9c.031.1",
      "type": "Feature",
      "geometry": null,
      "properties": {
        "@id": "https://api.weather.gov/alerts/urn:oid:2.49.0.1.840.0.aed8194fca59c4f1573c5bd37881096d45099c9c.031.1",
        "@type": "wx:Alert",
        "id": "urn:oid:2.49.0.1.840.0.aed8194fca59c4f1573c5bd37881096d45099c9c.031.1",
        "areaDesc": "Bristol Bay greater than 15 NM",
        "geocode": {
          "SAME": [
            "058760"
          ],
          "UGC": [
            "PKZ760"
          ]
        },
        "affectedZones": [
          "https://api.weather.gov/zones/forecast/PKZ760"
        ],
        "references": [],
        "sent": "2026-09-26T05:16:00-08:00",
        "effective": "2026-09-26T05:16:00-08:00",
        "onset": "2026-09-26T05:00:00-08:00",
        "expires": "2026-09-26T18:00:00-08:00",
        "ends": "2026-09-27T17:00:00-08:00",
        "status": "Actual",
        "messageType": "Alert",
        "category": "Met",
        "severity": "Minor",
        "certainty": "Likely",
        "urgency": "Expected",
        "event": "Small Craft Advisory",
        "sender": "w-nws.webmaster@noaa.gov",
        "senderName": "NWS Anchorage AK",
        "headline": "Small Craft Advisory issued September 26 at 5:16AM AKDT until September 27 at 5:00PM AKDT by NWS Anchorage AK",
        "description": "Coastal Waters Forecast for Southwest Alaska+Bristol Bay+The\nAlaska Peninsula Waters and the Aleutian Islands up to 100 nm out.\n\nWind forecasts reflect the predominant speed and direction\nexpected. Sea forecasts represent an average of the highest\none-third of the combined wind wave and swell height.\n\n.TODAY...S wind 25 kt. Seas 10 ft. Rain showers.\n.TONIGHT...SW wind 25 kt. Seas 12 ft. Rain showers.\n.SUN...W wind 25 kt. Seas 10 ft. Rain showers.\n.SUN NIGHT...NW wind 25 kt. Seas 8 ft.\n.MON THROUGH TUE...NW wind 25 kt. Seas 8 ft.\n.WED...NE wind 10 kt. Seas 4 ft.",
        "instruction": null,
        "response": "Avoid",
        "note": null,
        "parameters": {
          "AWIPSidentifier": [
            "CWFALU"
          ],
          "WMOidentifier": [
            "FZAK52 PAFC 261316"
          ],
          "NWSheadline": [
            "SMALL CRAFT ADVISORY THROUGH SUNDAY"
          ],
          "BLOCKCHANNEL": [
            "EAS",
            "NWEM",
            "CMAS"
          ],
          "VTEC": [
            "/O.NEW.PAFC.SC.Y.1490.260926T1300Z-260928T0100Z/"
          ],
          "eventEndingTime": [
            "2026-09-27T17:00:00-08:00"
          ]
        },
        "scope": "Public",
        "code": "IPAWSv1.0",
        "language": "en-US",
        "web": "http://www.weather.gov",
        "eventCode": {
          "SAME": [
            "NWS"
          ],
          "NationalWeatherService": [
            "SCY"
          ]
        }
      }
    },
    {
      "id": "https://api.weather.gov/alerts/urn:oid:2.49.0.1.840.0.aed8194fca59c4f1573c5bd37881096d45099c9c.012.1",
      "type": "Feature",
      "geometry": null,
      "properties": {
        "@id": "https://api.weather.gov/alerts/urn:oid:2.49.0.1.840.0.aed8194fca59c4f1573c5bd37881096d45099c9c.012.1",
        "@type": "wx:Alert",
        "id": "urn:oid:2.49.0.1.840.0.aed8194fca59c4f1573c5bd37881096d45099c9c.012.1",
        "areaDesc": "Unimak Pass",
        "geocode": {
          "SAME": [
            "058768"
          ],
          "UGC": [
            "PKZ768"
          ]
        },
        "affectedZones": [
          "https://api.weather.gov/zones/forecast/PKZ768"
        ],
        "references": [],
        "sent": "2026-09-26T05:16:00-08:00",
        "effective": "2026-09-26T05:16:00-08:00",
        "onset": "2026-09-26T05:00:00-08:00",
        "expires": "2026-09-26T18:00:00-08:00",
        "ends": "2026-09-26T17:00:00-08:00",
        "status": "Actual",
        "messageType": "Alert",
        "category": "Met",
        "severity": "Moderate",
        "certainty": "Likely",
        "urgency": "Expected",
        "event": "Gale Warning",
        "sender": "w-nws.webmaster@noaa.gov",
        "senderName": "NWS Anchorage AK",
        "headline": "Gale Warning issued September 26 at 5:16AM AKDT until September 26 at 5:00PM AKDT by NWS Anchorage AK",
        "description": "Coastal Waters Forecast for Southwest Alaska+Bristol Bay+The\nAlaska Peninsula Waters and the Aleutian Islands up to 100 nm out.\n\nWind forecasts reflect the predominant speed and direction\nexpected. Sea forecasts represent an average of the highest\none-third of the combined wind wave and swell height.\n\n.TODAY...SW wind 40 kt. Seas 20 ft.\n.TONIGHT...W wind 30 kt. Seas 16 ft.\n.SUN...W wind 25 kt. Seas 9 ft.\n.SUN NIGHT...NW wind 25 kt. Seas 9 ft.\n.MON...NW wind 25 kt. Seas 8 ft.\n.TUE...W wind 15 kt. Seas 6 ft.\n.WED...S wind 20 kt. Seas 5 ft.",
        "instruction": null,
        "response": "Avoid",
        "note": null,
        "parameters": {
          "AWIPSidentifier": [
            "CWFALU"
          ],
          "WMOidentifier": [
            "FZAK52 PAFC 261316"
          ],
          "NWSheadline": [
            "GALE WARNING TODAY"
          ],
          "BLOCKCHANNEL": [
            "EAS",
            "NWEM",
            "CMAS"
          ],
          "VTEC": [
            "/O.NEW.PAFC.GL.W.1471.260926T1300Z-260927T0100Z/"
          ],
          "eventEndingTime": [
            "2026-09-26T17:00:00-08:00"
          ]
        },
        "scope": "Public",
        "code": "IPAWSv1.0",
        "language": "en-US",
        "web": "http://www.weather.gov",
        "eventCode": {
          "SAME": [
            "NWS"
          ],
          "NationalWeatherService": [
            "GLW"
          ]
        }
      }
    },
    {
      "id": "https://api.weather.gov/alerts/urn:oid:2.49.0.1.840.0.aed8194fca59c4f1573c5bd37881096d45099c9c.009.1",
      "type": "Feature",
      "geometry": null,
      "properties": {
        "@id": "https://api.weather.gov/alerts/urn:oid:2.49.0.1.840.0.aed8194fca59c4f1573c5bd37881096d45099c9c.009.1",
        "@type": "wx:Alert",
        "id": "urn:oid:2.49.0.1.840.0.aed8194fca59c4f1573c5bd37881096d45099c9c.009.1",
        "areaDesc": "Port Heiden to Nelson Lagoon from 15 to 60 NM",
        "geocode": {
          "SAME": [
            "058757"
          ],
          "UGC": [
            "PKZ757"
          ]
        },
        "affectedZones": [
          "https://api.weather.gov/zones/forecast/PKZ757"
        ],
        "references": [],
        "sent": "2026-09-26T05:16:00-08:00",
        "effective": "2026-09-26T05:16:00-08:00",
        "onset": "2026-09-26T05:00:00-08:00",
        "expires": "2026-09-26T18:00:00-08:00",
        "ends": "2026-09-26T17:00:00-08:00",
        "status": "Actual",
        "messageType": "Alert",
        "category": "Met",
        "severity": "Moderate",
        "certainty": "Likely",
        "urgency": "Expected",
        "event": "Gale Warning",
        "sender": "w-nws.webmaster@noaa.gov",
        "senderName": "NWS Anchorage AK",
        "headline": "Gale Warning issued September 26 at 5:16AM AKDT until September 26 at 5:00PM AKDT by NWS Anchorage AK",
        "description": "Coastal Waters Forecast for Southwest Alaska+Bristol Bay+The\nAlaska Peninsula Waters and the Aleutian Islands up to 100 nm out.\n\nWind forecasts reflect the predominant speed and direction\nexpected. Sea forecasts represent an average of the highest\none-third of the combined wind wave and swell height.\n\n.TODAY...SW wind 35 kt. Seas 16 ft. Rain showers.\n.TONIGHT...W wind 30 kt. Seas 15 ft. Rain showers.\n.SUN...W wind 30 kt. Seas 11 ft. Rain showers.\n.SUN NIGHT...NW wind 25 kt. Seas 10 ft.\n.MON THROUGH TUE...W wind 25 kt. Seas 10 ft.\n.WED...SE wind 15 kt. Seas 5 ft.",
        "instruction": null,
        "response": "Avoid",
        "note": null,
        "parameters": {
          "AWIPSidentifier": [
            "CWFALU"
          ],
          "WMOidentifier": [
            "FZAK52 PAFC 261316"
          ],
          "NWSheadline": [
            "GALE WARNING TODAY"
          ],
          "BLOCKCHANNEL": [
            "EAS",
            "NWEM",
            "CMAS"
          ],
          "VTEC": [
            "/O.NEW.PAFC.GL.W.1468.260926T1300Z-260927T0100Z/"
          ],
          "eventEndingTime": [
            "2026-09-26T17:00:00-08:00"
          ]
        },
        "scope": "Public",
        "code": "IPAWSv1.0",
        "language": "en-US",
        "web": "http://www.weather.gov",
        "eventCode": {
          "SAME": [
            "NWS"
          ],
          "NationalWeatherService": [
            "GLW"
          ]
        }
      }
    },
    {
      "id": "https://api.weather.gov/alerts/urn:oid:2.49.0.1.840.0.aed8194fca59c4f1573c5bd37881096d45099c9c.020.1",
      "type": "Feature",
      "geometry": null,
      "properties": {
        "@id": "https://api.weather.gov/alerts/urn:oid:2.49.0.1.840.0.aed8194fca59c4f1573c5bd37881096d45099c9c.020.1",
        "@type": "wx:Alert",
        "id": "urn:oid:2.49.0.1.840.0.aed8194fca59c4f1573c5bd37881096d45099c9c.020.1",
        "areaDesc": "Nikolski to Seguam Pacfic Side out to 15 NM",
        "geocode": {
          "SAME": [
            "058777"
          ],
          "UGC": [
            "PKZ777"
          ]
        },
        "affectedZones": [
          "https://api.weather.gov/zones/forecast/PKZ777"
        ],
        "references": [],
        "sent": "2026-09-26T05:16:00-08:00",
        "effective": "2026-09-26T05:16:00-08:00",
        "onset": "2026-09-26T05:00:00-08:00",
        "expires": "2026-09-26T18:00:00-08:00",
        "ends": "2026-09-26T17:00:00-08:00",
        "status": "Actual",
        "messageType": "Alert",
        "category": "Met",
        "severity": "Moderate",
        "certainty": "Likely",
        "urgency": "Expected",
        "event": "Gale Warning",
        "sender": "w-nws.webmaster@noaa.gov",
        "senderName": "NWS Anchorage AK",
        "headline": "Gale Warning issued September 26 at 5:16AM AKDT until September 26 at 5:00PM AKDT by NWS Anchorage AK",
        "description": "Coastal Waters Forecast for Southwest Alaska+Bristol Bay+The\nAlaska Peninsula Waters and the Aleutian Islands up to 100 nm out.\n\nWind forecasts reflect the predominant speed and direction\nexpected. Sea forecasts represent an average of the highest\none-third of the combined wind wave and swell height.\n\n.TODAY...W wind 40 kt diminishing to 30 kt in the afternoon. Seas\n18 ft subsiding to 13 ft in the afternoon.\n.TONIGHT...W wind 25 kt. Seas 11 ft.\n.SUN...NW wind 20 kt. Seas 7 ft.\n.SUN NIGHT...NW wind 20 kt. Seas 7 ft.\n.MON THROUGH TUE...SW wind 15 kt. Seas 5 ft.\n.WED...S wind 20 kt. Seas 12 ft.",
        "instruction": null,
        "response": "Avoid",
        "note": null,
        "parameters": {
          "AWIPSidentifier": [
            "CWFALU"
          ],
          "WMOidentifier": [
            "FZAK52 PAFC 261316"
          ],
          "NWSheadline": [
            "GALE WARNING TODAY"
          ],
          "BLOCKCHANNEL": [
            "EAS",
            "NWEM",
            "CMAS"
          ],
          "VTEC": [
            "/O.NEW.PAFC.GL.W.1479.260926T1300Z-260927T0100Z/"
          ],
          "eventEndingTime": [
            "2026-09-26T17:00:00-08:00"
          ]
        },
        "scope": "Public",
        "code": "IPAWSv1.0",
        "language": "en-US",
        "web": "http://www.weather.gov",
        "eventCode": {
          "SAME": [
            "NWS"
          ],
          "NationalWeatherService": [
            "GLW"
          ]
        }
      }
    },
    {
      "id": "https://api.weather.gov/alerts/urn:oid:2.49.0.1.840.0.aed8194fca59c4f1573c5bd37881096d45099c9c.008.1",
      "type": "Feature",
      "geometry": null,
      "properties": {
        "@id": "https://api.weather.gov/alerts/urn:oid:2.49.0.1.840.0.aed8194fca59c4f1573c5bd37881096d45099c9c.008.1",
        "@type": "wx:Alert",
        "id": "urn:oid:2.49.0.1.840.0.aed8194fca59c4f1573c5bd37881096d45099c9c.008.1",
        "areaDesc": "Port Heiden to Nelson Lagoon out to 15 NM",
        "geocode": {
          "SAME": [
            "058756"
          ],
          "UGC": [
            "PKZ756"
          ]
        },
        "affectedZones": [
          "https://api.weather.gov/zones/forecast/PKZ756"
        ],
        "references": [],
        "sent": "2026-09-26T05:16:00-08:00",
        "effective": "2026-09-26T05:16:00-08:00",
        "onset": "2026-09-26T05:00:00-08:00",
        "expires": "2026-09-26T18:00:00-08:00",
        "ends": "2026-09-26T17:00:00-08:00",
        "status": "Actual",
        "messageType": "Alert",
        "category": "Met",
        "severity": "Moderate",
        "certainty": "Likely",
        "urgency": "Expected",
        "event": "Gale Warning",
        "sender": "w-nws.webmaster@noaa.gov",
        "senderName": "NWS Anchorage AK",
        "headline": "Gale Warning issued September 26 at 5:16AM AKDT until September 26 at 5:00PM AKDT by NWS Anchorage AK",
        "description": "Coastal Waters Forecast for Southwest Alaska+Bristol Bay+The\nAlaska Peninsula Waters and the Aleutian Islands up to 100 nm out.\n\nWind forecasts reflect the predominant speed and direction\nexpected. Sea forecasts represent an average of the highest\none-third of the combined wind wave and swell height.\n\n.TODAY...SW wind 35 kt. Seas 13 ft. Rain showers.\n.TONIGHT...SW wind 30 kt. Seas 13 ft. Rain showers.\n.SUN...W wind 30 kt. Seas 10 ft. Rain showers.\n.SUN NIGHT...NW wind 25 kt. Seas 8 ft.\n.MON THROUGH TUE...W wind 25 kt. Seas 9 ft.\n.WED...S wind 15 kt. Seas 4 ft.",
        "instruction": null,
        "response": "Avoid",
        "note": null,
        "parameters": {
          "AWIPSidentifier": [
            "CWFALU"
          ],
          "WMOidentifier": [
            "FZAK52 PAFC 261316"
          ],
          "NWSheadline": [
            "GALE WARNING TODAY"
          ],
          "BLOCKCHANNEL": [
            "EAS",
            "NWEM",
            "CMAS"
          ],
          "VTEC": [
            "/O.NEW.PAFC.GL.W.1467.260926T1300Z-260927T0100Z/"
          ],
          "eventEndingTime": [
            "2026-09-26T17:00:00-08:00"
          ]
        },
        "scope": "Public",
        "code": "IPAWSv1.0",
        "language": "en-US",
        "web": "http://www.weather.gov",
        "eventCode": {
          "SAME": [
            "NWS"
          ],
          "NationalWeatherService": [
            "GLW"
          ]
        }
      }
    },
    {
      "id": "https://api.weather.gov/alerts/urn:oid:2.49.0.1.840.0.aed8194fca59c4f1573c5bd37881096d45099c9c.013.1",
      "type": "Feature",
      "geometry": null,
      "properties": {
        "@id": "https://api.weather.gov/alerts/urn:oid:2.49.0.1.840.0.aed8194fca59c4f1573c5bd37881096d45099c9c.013.1",
        "@type": "wx:Alert",
        "id": "urn:oid:2.49.0.1.840.0.aed8194fca59c4f1573c5bd37881096d45099c9c.013.1",
        "areaDesc": "Unalga Pass to Nikolski Bering Side out to 15 NM",
        "geocode": {
          "SAME": [
            "058770"
          ],
          "UGC": [
            "PKZ770"
          ]
        },
        "affectedZones": [
          "https://api.weather.gov/zones/forecast/PKZ770"
        ],
        "references": [],
        "sent": "2026-09-26T05:16:00-08:00",
        "effective": "2026-09-26T05:16:00-08:00",
        "onset": "2026-09-26T05:00:00-08:00",
        "expires": "2026-09-26T18:00:00-08:00",
        "ends": "2026-09-26T17:00:00-08:00",
        "status": "Actual",
        "messageType": "Alert",
        "category": "Met",
        "severity": "Moderate",
        "certainty": "Likely",
        "urgency": "Expected",
        "event": "Gale Warning",
        "sender": "w-nws.webmaster@noaa.gov",
        "senderName": "NWS Anchorage AK",
        "headline": "Gale Warning issued September 26 at 5:16AM AKDT until September 26 at 5:00PM AKDT by NWS Anchorage AK",
        "description": "Coastal Waters Forecast for Southwest Alaska+Bristol Bay+The\nAlaska Peninsula Waters and the Aleutian Islands up to 100 nm out.\n\nWind forecasts reflect the predominant speed and direction\nexpected. Sea forecasts represent an average of the highest\none-third of the combined wind wave and swell height.\n\n.TODAY...W wind 45 kt. Seas 20 ft. Rain showers.\n.TONIGHT...W wind 30 kt. Seas 14 ft.\n.SUN...W wind 25 kt. Seas 8 ft.\n.SUN NIGHT...NW wind 25 kt. Seas 8 ft.\n.MON THROUGH TUE...W wind 20 kt. Seas 6 ft.\n.WED...S wind 20 kt. Seas 5 ft.",
        "instruction": null,
        "response": "Avoid",
        "note": null,
        "parameters": {
          "AWIPSidentifier": [
            "CWFALU"
          ],
          "WMOidentifier": [
            "FZAK52 PAFC 261316"
          ],
          "NWSheadline": [
            "GALE WARNING TODAY"
          ],
          "BLOCKCHANNEL": [
            "EAS",
            "NWEM",
            "CMAS"
          ],
          "VTEC": [
            "/O.NEW.PAFC.GL.W.1472.260926T1300Z-260927T0100Z/"
          ],
          "eventEndingTime": [
            "2026-09-26T17:00:00-08:00"
          ]
        },
        "scope": "Public",
        "code": "IPAWSv1.0",
        "language": "en-US",
        "web": "http://www.weather.gov",
        "eventCode": {
          "SAME": [
            "NWS"
          ],
          "NationalWeatherService": [
            "GLW"
          ]
        }
      }
    },
    {
      "id": "https://api.weather.gov/alerts/urn:oid:2.49.0.1.840.0.aed8194fca59c4f1573c5bd37881096d45099c9c.018.1",
      "type": "Feature",
      "geometry": null,
      "properties": {
        "@id": "https://api.weather.gov/alerts/urn:oid:2.49.0.1.840.0.aed8194fca59c4f1573c5bd37881096d45099c9c.018.1",
        "@type": "wx:Alert",
        "id": "urn:oid:2.49.0.1.840.0.aed8194fca59c4f1573c5bd37881096d45099c9c.018.1",
        "areaDesc": "Nikolski to Seguam Bering Side out to 15 NM",
        "geocode": {
          "SAME": [
            "058775"
          ],
          "UGC": [
            "PKZ775"
          ]
        },
        "affectedZones": [
          "https://api.weather.gov/zones/forecast/PKZ775"
        ],
        "references": [],
        "sent": "2026-09-26T05:16:00-08:00",
        "effective": "2026-09-26T05:16:00-08:00",
        "onset": "2026-09-26T05:00:00-08:00",
        "expires": "2026-09-26T18:00:00-08:00",
        "ends": "2026-09-26T17:00:00-08:00",
        "status": "Actual",
        "messageType": "Alert",
        "category": "Met",
        "severity": "Moderate",
        "certainty": "Likely",
        "urgency": "Expected",
        "event": "Gale Warning",
        "sender": "w-nws.webmaster@noaa.gov",
        "senderName": "NWS Anchorage AK",
        "headline": "Gale Warning issued September 26 at 5:16AM AKDT until September 26 at 5:00PM AKDT by NWS Anchorage AK",
        "description": "Coastal Waters Forecast for Southwest Alaska+Bristol Bay+The\nAlaska Peninsula Waters and the Aleutian Islands up to 100 nm out.\n\nWind forecasts reflect the predominant speed and direction\nexpected. Sea forecasts represent an average of the highest\none-third of the combined wind wave and swell height.\n\n.TODAY...W wind 40 kt diminishing to 30 kt in the afternoon. Seas\n19 ft.\n.TONIGHT...W wind 25 kt. Seas 12 ft.\n.SUN...NW wind 20 kt. Seas 7 ft.\n.SUN NIGHT...NW wind 20 kt. Seas 7 ft.\n.MON THROUGH TUE...SW wind 15 kt. Seas 6 ft.\n.WED...S wind 20 kt. Seas 10 ft.",
        "instruction": null,
        "response": "Avoid",
        "note": null,
        "parameters": {
          "AWIPSidentifier": [
            "CWFALU"
          ],
          "WMOidentifier": [
            "FZAK52 PAFC 261316"
          ],
          "NWSheadline": [
            "GALE WARNING TODAY"
          ],
          "BLOCKCHANNEL": [
            "EAS",
            "NWEM",
            "CMAS"
          ],
          "VTEC": [
            "/O.NEW.PAFC.GL.W.1477.260926T1300Z-260927T0100Z/"
          ],
          "eventEndingTime": [
            "2026-09-26T17:00:00-08:00"
          ]
        },
        "scope": "Public",
        "code": "IPAWSv1.0",
        "language": "en-US",
        "web": "http://www.weather.gov",
        "eventCode": {
          "SAME": [
            "NWS"
          ],
          "NationalWeatherService": [
            "GLW"
          ]
        }
      }
    },
    {
      "id": "https://api.weather.gov/alerts/urn:oid:2.49.0.1.840.0.b5f05a58621a24827204a539bd9ec8b5c2e25d72.005.1",
      "type": "Feature",
      "geometry": null,
      "properties": {
        "@id": "https://api.weather.gov/alerts/urn:oid:2.49.0.1.840.0.b5f05a58621a24827204a539bd9ec8b5c2e25d72.005.1",
        "@type": "wx:Alert",
        "id": "urn:oid:2.49.0.1.840.0.b5f05a58621a24827204a539bd9ec8b5c2e25d72.005.1",
        "areaDesc": "Bering Sea Offshore East of 171W",
        "geocode": {
          "SAME": [
            "058414"
          ],
          "UGC": [
            "PKZ414"
          ]
        },
        "affectedZones": [
          "https://api.weather.gov/zones/forecast/PKZ414"
        ],
        "references": [],
        "sent": "2026-09-26T05:16:00-08:00",
        "effective": "2026-09-26T05:16:00-08:00",
        "onset": "2026-09-26T05:00:00-08:00",
        "expires": "2026-09-26T18:00:00-08:00",
        "ends": "2026-09-26T17:00:00-08:00",
        "status": "Actual",
        "messageType": "Alert",
        "category": "Met",
        "severity": "Moderate",
        "certainty": "Likely",
        "urgency": "Expected",
        "event": "Gale Warning",
        "sender": "w-nws.webmaster@noaa.gov",
        "senderName": "NWS Anchorage AK",
        "headline": "Gale Warning issued September 26 at 5:16AM AKDT until September 26 at 5:00PM AKDT by NWS Anchorage AK",
        "description": "Offshore Waters Forecast for the Bering Sea\n\nWind forecasts reflect the predominant speed and direction\nexpected. Sea forecasts represent an average of the highest\none-third of the combined wind wave and swell height.\n\n.TODAY...W wind 20 to 35 kt. Seas 11 to 19 ft.\n.TONIGHT...NW wind 25 kt. Seas 8 to 13 ft.\n.SUN...NW wind 25 kt. Seas 10 ft.\n.SUN NIGHT...NW wind 25 kt. Seas 7 to 10 ft.\n.MON THROUGH TUE...W wind 10 to 25 kt. Seas 4 to 9 ft.\n.WED...E wind 10 to 20 kt. Seas 3 to 6 ft.",
        "instruction": null,
        "response": "Avoid",
        "note": null,
        "parameters": {
          "AWIPSidentifier": [
            "OFFALU"
          ],
          "WMOidentifier": [
            "FZAK62 PAFC 261316"
          ],
          "NWSheadline": [
            "GALE WARNING TODAY"
          ],
          "BLOCKCHANNEL": [
            "EAS",
            "NWEM",
            "CMAS"
          ],
          "VTEC": [
            "/O.NEW.PAFC.GL.W.9690.260926T1300Z-260927T0100Z/"
          ],
          "eventEndingTime": [
            "2026-09-26T17:00:00-08:00"
          ]
        },
        "scope": "Public",
        "code": "IPAWSv1.0",
        "language": "en-US",
        "web": "http://www.weather.gov",
        "eventCode": {
          "SAME": [
            "NWS"
          ],
          "NationalWeatherService": [
            "GLW"
          ]
        }
      }
    },
    {
      "id": "https://api.weather.gov/alerts/urn:oid:2.49.0.1.840.0.aed8194fca59c4f1573c5bd37881096d45099c9c.016.1",
      "type": "Feature",
      "geometry": null,
      "properties": {
        "@id": "https://api.weather.gov/alerts/urn:oid:2.49.0.1.840.0.aed8194fca59c4f1573c5bd37881096d45099c9c.016.1",
        "@type": "wx:Alert",
        "id": "urn:oid:2.49.0.1.840.0.aed8194fca59c4f1573c5bd37881096d45099c9c.016.1",
        "areaDesc": "Unalga Pass to Nikolski Pacific Side out to 15 NM",
        "geocode": {
          "SAME": [
            "058773"
          ],
          "UGC": [
            "PKZ773"
          ]
        },
        "affectedZones": [
          "https://api.weather.gov/zones/forecast/PKZ773"
        ],
        "references": [],
        "sent": "2026-09-26T05:16:00-08:00",
        "effective": "2026-09-26T05:16:00-08:00",
        "onset": "2026-09-26T05:00:00-08:00",
        "expires": "2026-09-26T18:00:00-08:00",
        "ends": "2026-09-26T17:00:00-08:00",
        "status": "Actual",
        "messageType": "Alert",
        "category": "Met",
        "severity": "Moderate",
        "certainty": "Likely",
        "urgency": "Expected",
        "event": "Gale Warning",
        "sender": "w-nws.webmaster@noaa.gov",
        "senderName": "NWS Anchorage AK",
        "headline": "Gale Warning issued September 26 at 5:16AM AKDT until September 26 at 5:00PM AKDT by NWS Anchorage AK",
        "description": "Coastal Waters Forecast for Southwest Alaska+Bristol Bay+The\nAlaska Peninsula Waters and the Aleutian Islands up to 100 nm out.\n\nWind forecasts reflect the predominant speed and direction\nexpected. Sea forecasts represent an average of the highest\none-third of the combined wind wave and swell height.\n\n.TODAY...SW wind 40 kt. Seas 18 ft.\n.TONIGHT...W wind 30 kt. Seas 11 ft.\n.SUN...W wind 20 kt. Seas 7 ft.\n.SUN NIGHT...NW wind 20 kt. Seas 5 ft.\n.MON...W wind 20 kt. Seas 5 ft.\n.TUE...W wind 15 kt. Seas 4 ft.\n.WED...S wind 20 kt. Seas 5 ft.",
        "instruction": null,
        "response": "Avoid",
        "note": null,
        "parameters": {
          "AWIPSidentifier": [
            "CWFALU"
          ],
          "WMOidentifier": [
            "FZAK52 PAFC 261316"
          ],
          "NWSheadline": [
            "GALE WARNING TODAY"
          ],
          "BLOCKCHANNEL": [
            "EAS",
            "NWEM",
            "CMAS"
          ],
          "VTEC": [
            "/O.NEW.PAFC.GL.W.1475.260926T1300Z-260927T0100Z/"
          ],
          "eventEndingTime": [
            "2026-09-26T17:00:00-08:00"
          ]
        },
        "scope": "Public",
        "code": "IPAWSv1.0",
        "language": "en-US",
        "web": "http://www.weather.gov",
        "eventCode": {
          "SAME": [
            "NWS"
          ],
          "NationalWeatherService": [
            "GLW"
          ]
        }
      }
    },
    {
      "id": "https://api.weather.gov/alerts/urn:oid:2.49.0.1.840.0.aed8194fca59c4f1573c5bd37881096d45099c9c.019.1",
      "type": "Feature",
      "geometry": null,
      "properties": {
        "@id": "https://api.weather.gov/alerts/urn:oid:2.49.0.1.840.0.aed8194fca59c4f1573c5bd37881096d45099c9c.019.1",
        "@type": "wx:Alert",
        "id": "urn:oid:2.49.0.1.840.0.aed8194fca59c4f1573c5bd37881096d45099c9c.019.1",
        "areaDesc": "Nikolski to Seguam Bering Side from 15 to 85 NM",
        "geocode": {
          "SAME": [
            "058776"
          ],
          "UGC": [
            "PKZ776"
          ]
        },
        "affectedZones": [
          "https://api.weather.gov/zones/forecast/PKZ776"
        ],
        "references": [],
        "sent": "2026-09-26T05:16:00-08:00",
        "effective": "2026-09-26T05:16:00-08:00",
        "onset": "2026-09-26T05:00:00-08:00",
        "expires": "2026-09-26T18:00:00-08:00",
        "ends": "2026-09-26T17:00:00-08:00",
        "status": "Actual",
        "messageType": "Alert",
        "category": "Met",
        "severity": "Moderate",
        "certainty": "Likely",
        "urgency": "Expected",
        "event": "Gale Warning",
        "sender": "w-nws.webmaster@noaa.gov",
        "senderName": "NWS Anchorage AK",
        "headline": "Gale Warning issued September 26 at 5:16AM AKDT until September 26 at 5:00PM AKDT by NWS Anchorage AK",
        "description": "Coastal Waters Forecast for Southwest Alaska+Bristol Bay+The\nAlaska Peninsula Waters and the Aleutian Islands up to 100 nm out.\n\nWind forecasts reflect the predominant speed and direction\nexpected. Sea forecasts represent an average of the highest\none-third of the combined wind wave and swell height.\n\n.TODAY...W wind 40 kt diminishing to 30 kt in the afternoon. Seas\n20 ft.\n.TONIGHT...W wind 25 kt. Seas 13 ft.\n.SUN...NW wind 20 kt. Seas 8 ft.\n.SUN NIGHT...NW wind 20 kt. Seas 8 ft.\n.MON...W wind 15 kt. Seas 6 ft.\n.TUE...SW wind 20 kt. Seas 6 ft.\n.WED...S wind 25 kt. Seas 9 ft.",
        "instruction": null,
        "response": "Avoid",
        "note": null,
        "parameters": {
          "AWIPSidentifier": [
            "CWFALU"
          ],
          "WMOidentifier": [
            "FZAK52 PAFC 261316"
          ],
          "NWSheadline": [
            "GALE WARNING TODAY"
          ],
          "BLOCKCHANNEL": [
            "EAS",
            "NWEM",
            "CMAS"
          ],
          "VTEC": [
            "/O.NEW.PAFC.GL.W.1478.260926T1300Z-260927T0100Z/"
          ],
          "eventEndingTime": [
            "2026-09-26T17:00:00-08:00"
          ]
        },
        "scope": "Public",
        "code": "IPAWSv1.0",
        "language": "en-US",
        "web": "http://www.weather.gov",
        "eventCode": {
          "SAME": [
            "NWS"
          ],
          "NationalWeatherService": [
            "GLW"
          ]
        }
      }
    },
    {
      "id": "https://api.weather.gov/alerts/urn:oid:2.49.0.1.840.0.aed8194fca59c4f1573c5bd37881096d45099c9c.021.1",
      "type": "Feature",
      "geometry": null,
      "properties": {
        "@id": "https://api.weather.gov/alerts/urn:oid:2.49.0.1.840.0.aed8194fca59c4f1573c5bd37881096d45099c9c.021.1",
        "@type": "wx:Alert",
        "id": "urn:oid:2.49.0.1.840.0.aed8194fca59c4f1573c5bd37881096d45099c9c.021.1",
        "areaDesc": "Nikolski to Seguam Pacific Side from 15 to 75 NM",
        "geocode": {
          "SAME": [
            "058778"
          ],
          "UGC": [
            "PKZ778"
          ]
        },
        "affectedZones": [
          "https://api.weather.gov/zones/forecast/PKZ778"
        ],
        "references": [],
        "sent": "2026-09-26T05:16:00-08:00",
        "effective": "2026-09-26T05:16:00-08:00",
        "onset": "2026-09-26T05:00:00-08:00",
        "expires": "2026-09-26T18:00:00-08:00",
        "ends": "2026-09-26T17:00:00-08:00",
        "status": "Actual",
        "messageType": "Alert",
        "category": "Met",
        "severity": "Moderate",
        "certainty": "Likely",
        "urgency": "Expected",
        "event": "Gale Warning",
        "sender": "w-nws.webmaster@noaa.gov",
        "senderName": "NWS Anchorage AK",
        "headline": "Gale Warning issued September 26 at 5:16AM AKDT until September 26 at 5:00PM AKDT by NWS Anchorage AK",
        "description": "Coastal Waters Forecast for Southwest Alaska+Bristol Bay+The\nAlaska Peninsula Waters and the Aleutian Islands up to 100 nm out.\n\nWind forecasts reflect the predominant speed and direction\nexpected. Sea forecasts represent an average of the highest\none-third of the combined wind wave and swell height.\n\n.TODAY...W wind 40 kt diminishing to 30 kt in the afternoon. Seas\n19 ft.\n.TONIGHT...W wind 25 kt. Seas 12 ft.\n.SUN...W wind 20 kt. Seas 8 ft.\n.SUN NIGHT...NW wind 20 kt. Seas 7 ft.\n.MON...W wind 20 kt. Seas 7 ft.\n.TUE...W wind 15 kt. Seas 5 ft.\n.WED...S wind 20 kt. Seas 12 ft.",
        "instruction": null,
        "response": "Avoid",
        "note": null,
        "parameters": {
          "AWIPSidentifier": [
            "CWFALU"
          ],
          "WMOidentifier": [
            "FZAK52 PAFC 261316"
          ],
          "NWSheadline": [
            "GALE WARNING TODAY"
          ],
          "BLOCKCHANNEL": [
            "EAS",
            "NWEM",
            "CMAS"
          ],
          "VTEC": [
            "/O.NEW.PAFC.GL.W.1480.260926T1300Z-260927T0100Z/"
          ],
          "eventEndingTime": [
            "2026-09-26T17:00:00-08:00"
          ]
        },
        "scope": "Public",
        "code": "IPAWSv1.0",
        "language": "en-US",
        "web": "http://www.weather.gov",
        "eventCode": {
          "SAME": [
            "NWS"
          ],
          "NationalWeatherService": [
            "GLW"
          ]
        }
      }
    },
    {
      "id": "https://api.weather.gov/alerts/urn:oid:2.49.0.1.840.0.aed8194fca59c4f1573c5bd37881096d45099c9c.014.1",
      "type": "Feature",
      "geometry": null,
      "properties": {
        "@id": "https://api.weather.gov/alerts/urn:oid:2.49.0.1.840.0.aed8194fca59c4f1573c5bd37881096d45099c9c.014.1",
        "@type": "wx:Alert",
        "id": "urn:oid:2.49.0.1.840.0.aed8194fca59c4f1573c5bd37881096d45099c9c.014.1",
        "areaDesc": "Unalga Pass to Nikolski Bering Side from 15 to 85 NM",
        "geocode": {
          "SAME": [
            "058772"
          ],
          "UGC": [
            "PKZ772"
          ]
        },
        "affectedZones": [
          "https://api.weather.gov/zones/forecast/PKZ772"
        ],
        "references": [],
        "sent": "2026-09-26T05:16:00-08:00",
        "effective": "2026-09-26T05:16:00-08:00",
        "onset": "2026-09-26T05:00:00-08:00",
        "expires": "2026-09-26T18:00:00-08:00",
        "ends": "2026-09-26T17:00:00-08:00",
        "status": "Actual",
        "messageType": "Alert",
        "category": "Met",
        "severity": "Moderate",
        "certainty": "Likely",
        "urgency": "Expected",
        "event": "Gale Warning",
        "sender": "w-nws.webmaster@noaa.gov",
        "senderName": "NWS Anchorage AK",
        "headline": "Gale Warning issued September 26 at 5:16AM AKDT until September 26 at 5:00PM AKDT by NWS Anchorage AK",
        "description": "Coastal Waters Forecast for Southwest Alaska+Bristol Bay+The\nAlaska Peninsula Waters and the Aleutian Islands up to 100 nm out.\n\nWind forecasts reflect the predominant speed and direction\nexpected. Sea forecasts represent an average of the highest\none-third of the combined wind wave and swell height.\n\n.TODAY...W wind 40 kt. Seas 23 ft. Rain showers.\n.TONIGHT...W wind 30 kt. Seas 15 ft.\n.SUN...NW wind 25 kt. Seas 10 ft.\n.SUN NIGHT...NW wind 25 kt. Seas 9 ft.\n.MON THROUGH TUE...W wind 20 kt. Seas 7 ft.\n.WED...SE wind 20 kt. Seas 5 ft.",
        "instruction": null,
        "response": "Avoid",
        "note": null,
        "parameters": {
          "AWIPSidentifier": [
            "CWFALU"
          ],
          "WMOidentifier": [
            "FZAK52 PAFC 261316"
          ],
          "NWSheadline": [
            "GALE WARNING TODAY"
          ],
          "BLOCKCHANNEL": [
            "EAS",
            "NWEM",
            "CMAS"
          ],
          "VTEC": [
            "/O.NEW.PAFC.GL.W.1473.260926T1300Z-260927T0100Z/"
          ],
          "eventEndingTime": [
            "2026-09-26T17:00:00-08:00"
          ]
        },
        "scope": "Public",
        "code": "IPAWSv1.0",
        "language": "en-US",
        "web": "http://www.weather.gov",
        "eventCode": {
          "SAME": [
            "NWS"
          ],
          "NationalWeatherService": [
            "GLW"
          ]
        }
      }
    },
    {
      "id": "https://api.weather.gov/alerts/urn:oid:2.49.0.1.840.0.aed8194fca59c4f1573c5bd37881096d45099c9c.010.1",
      "type": "Feature",
      "geometry": null,
      "properties": {
        "@id": "https://api.weather.gov/alerts/urn:oid:2.49.0.1.840.0.aed8194fca59c4f1573c5bd37881096d45099c9c.010.1",
        "@type": "wx:Alert",
        "id": "urn:oid:2.49.0.1.840.0.aed8194fca59c4f1573c5bd37881096d45099c9c.010.1",
        "areaDesc": "Nelson Lagoon to Cape Sarichef out to 15 NM",
        "geocode": {
          "SAME": [
            "058758"
          ],
          "UGC": [
            "PKZ758"
          ]
        },
        "affectedZones": [
          "https://api.weather.gov/zones/forecast/PKZ758"
        ],
        "references": [],
        "sent": "2026-09-26T05:16:00-08:00",
        "effective": "2026-09-26T05:16:00-08:00",
        "onset": "2026-09-26T05:00:00-08:00",
        "expires": "2026-09-26T18:00:00-08:00",
        "ends": "2026-09-26T17:00:00-08:00",
        "status": "Actual",
        "messageType": "Alert",
        "category": "Met",
        "severity": "Moderate",
        "certainty": "Likely",
        "urgency": "Expected",
        "event": "Gale Warning",
        "sender": "w-nws.webmaster@noaa.gov",
        "senderName": "NWS Anchorage AK",
        "headline": "Gale Warning issued September 26 at 5:16AM AKDT until September 26 at 5:00PM AKDT by NWS Anchorage AK",
        "description": "Coastal Waters Forecast for Southwest Alaska+Bristol Bay+The\nAlaska Peninsula Waters and the Aleutian Islands up to 100 nm out.\n\nWind forecasts reflect the predominant speed and direction\nexpected. Sea forecasts represent an average of the highest\none-third of the combined wind wave and swell height.\n\n.TODAY...SW wind 40 kt. Seas 19 ft. Rain showers.\n.TONIGHT...W wind 30 kt. Seas 15 ft. Rain showers.\n.SUN...W wind 30 kt. Seas 10 ft. Rain showers.\n.SUN NIGHT...NW wind 30 kt. Seas 10 ft.\n.MON...NW wind 30 kt. Seas 10 ft.\n.TUE...W wind 20 kt. Seas 8 ft.\n.WED...S wind 20 kt. Seas 6 ft.",
        "instruction": null,
        "response": "Avoid",
        "note": null,
        "parameters": {
          "AWIPSidentifier": [
            "CWFALU"
          ],
          "WMOidentifier": [
            "FZAK52 PAFC 261316"
          ],
          "NWSheadline": [
            "GALE WARNING TODAY"
          ],
          "BLOCKCHANNEL": [
            "EAS",
            "NWEM",
            "CMAS"
          ],
          "VTEC": [
            "/O.NEW.PAFC.GL.W.1469.260926T1300Z-260927T0100Z/"
          ],
          "eventEndingTime": [
            "2026-09-26T17:00:00-08:00"
          ]
        },
        "scope": "Public",
        "code": "IPAWSv1.0",
        "language": "en-US",
        "web": "http://www.weather.gov",
        "eventCode": {
          "SAME": [
            "NWS"
          ],
          "NationalWeatherService": [
            "GLW"
          ]
        }
      }
    },
    {
      "id": "https://api.weather.gov/alerts/urn:oid:2.49.0.1.840.0.aed8194fca59c4f1573c5bd37881096d45099c9c.004.1",
      "type": "Feature",
      "geometry": null,
      "properties": {
        "@id": "https://api.weather.gov/alerts/urn:oid:2.49.0.1.840.0.aed8194fca59c4f1573c5bd37881096d45099c9c.004.1",
        "@type": "wx:Alert",
        "id": "urn:oid:2.49.0.1.840.0.aed8194fca59c4f1573c5bd37881096d45099c9c.004.1",
        "areaDesc": "Castle Cape to Cape Tolstoi out to 15 NM",
        "geocode": {
          "SAME": [
            "058752"
          ],
          "UGC": [
            "PKZ752"
          ]
        },
        "affectedZones": [
          "https://api.weather.gov/zones/forecast/PKZ752"
        ],
        "references": [],
        "sent": "2026-09-26T05:16:00-08:00",
        "effective": "2026-09-26T05:16:00-08:00",
        "onset": "2026-09-26T05:00:00-08:00",
        "expires": "2026-09-26T18:00:00-08:00",
        "ends": "2026-09-26T17:00:00-08:00",
        "status": "Actual",
        "messageType": "Alert",
        "category": "Met",
        "severity": "Moderate",
        "certainty": "Likely",
        "urgency": "Expected",
        "event": "Gale Warning",
        "sender": "w-nws.webmaster@noaa.gov",
        "senderName": "NWS Anchorage AK",
        "headline": "Gale Warning issued September 26 at 5:16AM AKDT until September 26 at 5:00PM AKDT by NWS Anchorage AK",
        "description": "Coastal Waters Forecast for Southwest Alaska+Bristol Bay+The\nAlaska Peninsula Waters and the Aleutian Islands up to 100 nm out.\n\nWind forecasts reflect the predominant speed and direction\nexpected. Sea forecasts represent an average of the highest\none-third of the combined wind wave and swell height.\n\n.TODAY...SW wind 35 kt. Seas 10 ft. Rain showers.\n.TONIGHT...SW wind 30 kt. Seas 10 ft.\n.SUN...W wind 30 kt. Seas 7 ft.\n.SUN NIGHT...W wind 25 kt. Seas 5 ft.\n.MON...NW wind 25 kt. Seas 4 ft.\n.TUE...W wind 20 kt. Seas 3 ft.\n.WED...SW wind 15 kt. Seas 2 ft.",
        "instruction": null,
        "response": "Avoid",
        "note": null,
        "parameters": {
          "AWIPSidentifier": [
            "CWFALU"
          ],
          "WMOidentifier": [
            "FZAK52 PAFC 261316"
          ],
          "NWSheadline": [
            "GALE WARNING TODAY"
          ],
          "BLOCKCHANNEL": [
            "EAS",
            "NWEM",
            "CMAS"
          ],
          "VTEC": [
            "/O.NEW.PAFC.GL.W.1463.260926T1300Z-260927T0100Z/"
          ],
          "eventEndingTime": [
            "2026-09-26T17:00:00-08:00"
          ]
        },
        "scope": "Public",
        "code": "IPAWSv1.0",
        "language": "en-US",
        "web": "http://www.weather.gov",
        "eventCode": {
          "SAME": [
            "NWS"
          ],
          "NationalWeatherService": [
            "GLW"
          ]
        }
      }
    },
    {
      "id": "https://api.weather.gov/alerts/urn:oid:2.49.0.1.840.0.aed8194fca59c4f1573c5bd37881096d45099c9c.017.1",
      "type": "Feature",
      "geometry": null,
      "properties": {
        "@id": "https://api.weather.gov/alerts/urn:oid:2.49.0.1.840.0.aed8194fca59c4f1573c5bd37881096d45099c9c.017.1",
        "@type": "wx:Alert",
        "id": "urn:oid:2.49.0.1.840.0.aed8194fca59c4f1573c5bd37881096d45099c9c.017.1",
        "areaDesc": "Unalga Pass to Nikolski Pacific Side from 15 to 85 NM",
        "geocode": {
          "SAME": [
            "058774"
          ],
          "UGC": [
            "PKZ774"
          ]
        },
        "affectedZones": [
          "https://api.weather.gov/zones/forecast/PKZ774"
        ],
        "references": [],
        "sent": "2026-09-26T05:16:00-08:00",
        "effective": "2026-09-26T05:16:00-08:00",
        "onset": "2026-09-26T05:00:00-08:00",
        "expires": "2026-09-26T18:00:00-08:00",
        "ends": "2026-09-26T17:00:00-08:00",
        "status": "Actual",
        "messageType": "Alert",
        "category": "Met",
        "severity": "Moderate",
        "certainty": "Likely",
        "urgency": "Expected",
        "event": "Gale Warning",
        "sender": "w-nws.webmaster@noaa.gov",
        "senderName": "NWS Anchorage AK",
        "headline": "Gale Warning issued September 26 at 5:16AM AKDT until September 26 at 5:00PM AKDT by NWS Anchorage AK",
        "description": "Coastal Waters Forecast for Southwest Alaska+Bristol Bay+The\nAlaska Peninsula Waters and the Aleutian Islands up to 100 nm out.\n\nWind forecasts reflect the predominant speed and direction\nexpected. Sea forecasts represent an average of the highest\none-third of the combined wind wave and swell height.\n\n.TODAY...W wind 40 kt. Seas 22 ft.\n.TONIGHT...W wind 30 kt. Seas 15 ft.\n.SUN...W wind 25 kt. Seas 10 ft.\n.SUN NIGHT...NW wind 25 kt. Seas 7 ft.\n.MON THROUGH TUE...W wind 20 kt. Seas 6 ft.\n.WED...S wind 20 kt. Seas 6 ft.",
        "instruction": null,
        "response": "Avoid",
        "note": null,
        "parameters": {
          "AWIPSidentifier": [
            "CWFALU"
          ],
          "WMOidentifier": [
            "FZAK52 PAFC 261316"
          ],
          "NWSheadline": [
            "GALE WARNING TODAY"
          ],
          "BLOCKCHANNEL": [
            "EAS",
            "NWEM",
            "CMAS"
          ],
          "VTEC": [
            "/O.NEW.PAFC.GL.W.1476.260926T1300Z-260927T0100Z/"
          ],
          "eventEndingTime": [
            "2026-09-26T17:00:00-08:00"
          ]
        },
        "scope": "Public",
        "code": "IPAWSv1.0",
        "language": "en-US",
        "web": "http://www.weather.gov",
        "eventCode": {
          "SAME": [
            "NWS"
          ],
          "NationalWeatherService": [
            "GLW"
          ]
        }
      }
    },
    {
      "id": "https://api.weather.gov/alerts/urn:oid:2.49.0.1.840.0.aed8194fca59c4f1573c5bd37881096d45099c9c.011.1",
      "type": "Feature",
      "geometry": null,
      "properties": {
        "@id": "https://api.weather.gov/alerts/urn:oid:2.49.0.1.840.0.aed8194fca59c4f1573c5bd37881096d45099c9c.011.1",
        "@type": "wx:Alert",
        "id": "urn:oid:2.49.0.1.840.0.aed8194fca59c4f1573c5bd37881096d45099c9c.011.1",
        "areaDesc": "Nelson Lagoon to Unalga Pass from 15 to 70 NM",
        "geocode": {
          "SAME": [
            "058759"
          ],
          "UGC": [
            "PKZ759"
          ]
        },
        "affectedZones": [
          "https://api.weather.gov/zones/forecast/PKZ759"
        ],
        "references": [],
        "sent": "2026-09-26T05:16:00-08:00",
        "effective": "2026-09-26T05:16:00-08:00",
        "onset": "2026-09-26T05:00:00-08:00",
        "expires": "2026-09-26T18:00:00-08:00",
        "ends": "2026-09-26T17:00:00-08:00",
        "status": "Actual",
        "messageType": "Alert",
        "category": "Met",
        "severity": "Moderate",
        "certainty": "Likely",
        "urgency": "Expected",
        "event": "Gale Warning",
        "sender": "w-nws.webmaster@noaa.gov",
        "senderName": "NWS Anchorage AK",
        "headline": "Gale Warning issued September 26 at 5:16AM AKDT until September 26 at 5:00PM AKDT by NWS Anchorage AK",
        "description": "Coastal Waters Forecast for Southwest Alaska+Bristol Bay+The\nAlaska Peninsula Waters and the Aleutian Islands up to 100 nm out.\n\nWind forecasts reflect the predominant speed and direction\nexpected. Sea forecasts represent an average of the highest\none-third of the combined wind wave and swell height.\n\n.TODAY...SW wind 40 kt. Seas 23 ft. Rain showers.\n.TONIGHT...W wind 30 kt. Seas 17 ft. Rain showers.\n.SUN...W wind 30 kt. Seas 12 ft.\n.SUN NIGHT...NW wind 30 kt. Seas 10 ft.\n.MON...NW wind 25 kt. Seas 10 ft.\n.TUE...W wind 20 kt. Seas 8 ft.\n.WED...SE wind 20 kt. Seas 6 ft.",
        "instruction": null,
        "response": "Avoid",
        "note": null,
        "parameters": {
          "AWIPSidentifier": [
            "CWFALU"
          ],
          "WMOidentifier": [
            "FZAK52 PAFC 261316"
          ],
          "NWSheadline": [
            "GALE WARNING TODAY"
          ],
          "BLOCKCHANNEL": [
            "EAS",
            "NWEM",
            "CMAS"
          ],
          "VTEC": [
            "/O.NEW.PAFC.GL.W.1470.260926T1300Z-260927T0100Z/"
          ],
          "eventEndingTime": [
            "2026-09-26T17:00:00-08:00"
          ]
        },
        "scope": "Public",
        "code": "IPAWSv1.0",
        "language": "en-US",
        "web": "http://www.weather.gov",
        "eventCode": {
          "SAME": [
            "NWS"
          ],
          "NationalWeatherService": [
            "GLW"
          ]
        }
      }
    },
    {
      "id": "https://api.weather.gov/alerts/urn:oid:2.49.0.1.840.0.aed8194fca59c4f1573c5bd37881096d45099c9c.023.1",
      "type": "Feature",
      "geometry": null,
      "properties": {
        "@id": "https://api.weather.gov/alerts/urn:oid:2.49.0.1.840.0.aed8194fca59c4f1573c5bd37881096d45099c9c.023.1",
        "@type": "wx:Alert",
        "id": "urn:oid:2.49.0.1.840.0.aed8194fca59c4f1573c5bd37881096d45099c9c.023.1",
        "areaDesc": "Seguam to Adak Bering Side from 15 to 85 NM",
        "geocode": {
          "SAME": [
            "058781"
          ],
          "UGC": [
            "PKZ781"
          ]
        },
        "affectedZones": [
          "https://api.weather.gov/zones/forecast/PKZ781"
        ],
        "references": [],
        "sent": "2026-09-26T05:16:00-08:00",
        "effective": "2026-09-26T05:16:00-08:00",
        "onset": "2026-09-26T05:00:00-08:00",
        "expires": "2026-09-26T18:00:00-08:00",
        "ends": "2026-09-26T17:00:00-08:00",
        "status": "Actual",
        "messageType": "Alert",
        "category": "Met",
        "severity": "Moderate",
        "certainty": "Likely",
        "urgency": "Expected",
        "event": "Gale Warning",
        "sender": "w-nws.webmaster@noaa.gov",
        "senderName": "NWS Anchorage AK",
        "headline": "Gale Warning issued September 26 at 5:16AM AKDT until September 26 at 5:00PM AKDT by NWS Anchorage AK",
        "description": "Coastal Waters Forecast for Southwest Alaska+Bristol Bay+The\nAlaska Peninsula Waters and the Aleutian Islands up to 100 nm out.\n\nWind forecasts reflect the predominant speed and direction\nexpected. Sea forecasts represent an average of the highest\none-third of the combined wind wave and swell height.\n\n.TODAY...W wind 35 kt. Seas 17 ft subsiding to 12 ft in the\nafternoon.\n.TONIGHT...W wind 25 kt. Seas 9 ft.\n.SUN...NW wind 20 kt. Seas 6 ft.\n.SUN NIGHT...W wind 20 kt. Seas 6 ft.\n.MON...W wind 20 kt. Seas 6 ft.\n.TUE...SW wind 20 kt. Seas 5 ft.\n.WED...SE wind 25 kt. Seas 9 ft.",
        "instruction": null,
        "response": "Avoid",
        "note": null,
        "parameters": {
          "AWIPSidentifier": [
            "CWFALU"
          ],
          "WMOidentifier": [
            "FZAK52 PAFC 261316"
          ],
          "NWSheadline": [
            "GALE WARNING TODAY"
          ],
          "BLOCKCHANNEL": [
            "EAS",
            "NWEM",
            "CMAS"
          ],
          "VTEC": [
            "/O.NEW.PAFC.GL.W.1482.260926T1300Z-260927T0100Z/"
          ],
          "eventEndingTime": [
            "2026-09-26T17:00:00-08:00"
          ]
        },
        "scope": "Public",
        "code": "IPAWSv1.0",
        "language": "en-US",
        "web": "http://www.weather.gov",
        "eventCode": {
          "SAME": [
            "NWS"
          ],
          "NationalWeatherService": [
            "GLW"
          ]
        }
      }
    },
    {
      "id": "https://api.weather.gov/alerts/urn:oid:2.49.0.1.840.0.aed8194fca59c4f1573c5bd37881096d45099c9c.036.1",
      "type": "Feature",
      "geometry": null,
      "properties": {
        "@id": "https://api.weather.gov/alerts/urn:oid:2.49.0.1.840.0.aed8194fca59c4f1573c5bd37881096d45099c9c.036.1",
        "@type": "wx:Alert",
        "id": "urn:oid:2.49.0.1.840.0.aed8194fca59c4f1573c5bd37881096d45099c9c.036.1",
        "areaDesc": "North and West of Nunivak Island",
        "geocode": {
          "SAME": [
            "058765"
          ],
          "UGC": [
            "PKZ765"
          ]
        },
        "affectedZones": [
          "https://api.weather.gov/zones/forecast/PKZ765"
        ],
        "references": [],
        "sent": "2026-09-26T05:16:00-08:00",
        "effective": "2026-09-26T05:16:00-08:00",
        "onset": "2026-09-26T05:00:00-08:00",
        "expires": "2026-09-26T18:00:00-08:00",
        "ends": "2026-09-26T17:00:00-08:00",
        "status": "Actual",
        "messageType": "Alert",
        "category": "Met",
        "severity": "Minor",
        "certainty": "Likely",
        "urgency": "Expected",
        "event": "Small Craft Advisory",
        "sender": "w-nws.webmaster@noaa.gov",
        "senderName": "NWS Anchorage AK",
        "headline": "Small Craft Advisory issued September 26 at 5:16AM AKDT until September 26 at 5:00PM AKDT by NWS Anchorage AK",
        "description": "Coastal Waters Forecast for Southwest Alaska+Bristol Bay+The\nAlaska Peninsula Waters and the Aleutian Islands up to 100 nm out.\n\nWind forecasts reflect the predominant speed and direction\nexpected. Sea forecasts represent an average of the highest\none-third of the combined wind wave and swell height.\n\n.TODAY...NE wind 20 kt. Seas 8 ft.\n.TONIGHT...N wind 20 kt. Seas 7 ft.\n.SUN...NW wind 25 kt. Seas 7 ft.\n.SUN NIGHT...NW wind 25 kt. Seas 9 ft.\n.MON...NW wind 25 kt. Seas 9 ft.\n.TUE THROUGH WED...NE wind 20 kt. Seas 6 ft.",
        "instruction": null,
        "response": "Avoid",
        "note": null,
        "parameters": {
          "AWIPSidentifier": [
            "CWFALU"
          ],
          "WMOidentifier": [
            "FZAK52 PAFC 261316"
          ],
          "NWSheadline": [
            "SMALL CRAFT ADVISORY TODAY AND SUNDAY"
          ],
          "BLOCKCHANNEL": [
            "EAS",
            "NWEM",
            "CMAS"
          ],
          "VTEC": [
            "/O.NEW.PAFC.SC.Y.1495.260926T1300Z-260927T0100Z/"
          ],
          "eventEndingTime": [
            "2026-09-26T17:00:00-08:00"
          ]
        },
        "scope": "Public",
        "code": "IPAWSv1.0",
        "language": "en-US",
        "web": "http://www.weather.gov",
        "eventCode": {
          "SAME": [
            "NWS"
          ],
          "NationalWeatherService": [
            "SCY"
          ]
        }
      }
    },
    {
      "id": "https://api.weather.gov/alerts/urn:oid:2.49.0.1.840.0.aed8194fca59c4f1573c5bd37881096d45099c9c.033.1",
      "type": "Feature",
      "geometry": null,
      "properties": {
        "@id": "https://api.weather.gov/alerts/urn:oid:2.49.0.1.840.0.aed8194fca59c4f1573c5bd37881096d45099c9c.033.1",
        "@type": "wx:Alert",
        "id": "urn:oid:2.49.0.1.840.0.aed8194fca59c4f1573c5bd37881096d45099c9c.033.1",
        "areaDesc": "Bristol Bay from Cape Chichagof to Cape Pierce out to 15 NM",
        "geocode": {
          "SAME": [
            "058762"
          ],
          "UGC": [
            "PKZ762"
          ]
        },
        "affectedZones": [
          "https://api.weather.gov/zones/forecast/PKZ762"
        ],
        "references": [],
        "sent": "2026-09-26T05:16:00-08:00",
        "effective": "2026-09-26T05:16:00-08:00",
        "onset": "2026-09-26T05:00:00-08:00",
        "expires": "2026-09-26T18:00:00-08:00",
        "ends": "2026-09-26T17:00:00-08:00",
        "status": "Actual",
        "messageType": "Alert",
        "category": "Met",
        "severity": "Minor",
        "certainty": "Likely",
        "urgency": "Expected",
        "event": "Small Craft Advisory",
        "sender": "w-nws.webmaster@noaa.gov",
        "senderName": "NWS Anchorage AK",
        "headline": "Small Craft Advisory issued September 26 at 5:16AM AKDT until September 26 at 5:00PM AKDT by NWS Anchorage AK",
        "description": "Coastal Waters Forecast for Southwest Alaska+Bristol Bay+The\nAlaska Peninsula Waters and the Aleutian Islands up to 100 nm out.\n\nWind forecasts reflect the predominant speed and direction\nexpected. Sea forecasts represent an average of the highest\none-third of the combined wind wave and swell height.\n\n.TODAY...S wind 25 kt. Seas 7 ft. Rain showers.\n.TONIGHT...S wind 20 kt. Seas 7 ft. Rain showers.\n.SUN...W wind 20 kt. Seas 6 ft. Rain showers.\n.SUN NIGHT...NW wind 25 kt. Seas 4 ft.\n.MON...NW wind 25 kt. Seas 4 ft.\n.TUE...NW wind 20 kt. Seas 4 ft.\n.WED...NE wind 10 kt. Seas 2 ft.",
        "instruction": null,
        "response": "Avoid",
        "note": null,
        "parameters": {
          "AWIPSidentifier": [
            "CWFALU"
          ],
          "WMOidentifier": [
            "FZAK52 PAFC 261316"
          ],
          "NWSheadline": [
            "SMALL CRAFT ADVISORY TODAY"
          ],
          "BLOCKCHANNEL": [
            "EAS",
            "NWEM",
            "CMAS"
          ],
          "VTEC": [
            "/O.NEW.PAFC.SC.Y.1492.260926T1300Z-260927T0100Z/"
          ],
          "eventEndingTime": [
            "2026-09-26T17:00:00-08:00"
          ]
        },
        "scope": "Public",
        "code": "IPAWSv1.0",
        "language": "en-US",
        "web": "http://www.weather.gov",
        "eventCode": {
          "SAME": [
            "NWS"
          ],
          "NationalWeatherService": [
            "SCY"
          ]
        }
      }
    },
    {
      "id": "https://api.weather.gov/alerts/urn:oid:2.49.0.1.840.0.aed8194fca59c4f1573c5bd37881096d45099c9c.034.1",
      "type": "Feature",
      "geometry": null,
      "properties": {
        "@id": "https://api.weather.gov/alerts/urn:oid:2.49.0.1.840.0.aed8194fca59c4f1573c5bd37881096d45099c9c.034.1",
        "@type": "wx:Alert",
        "id": "urn:oid:2.49.0.1.840.0.aed8194fca59c4f1573c5bd37881096d45099c9c.034.1",
        "areaDesc": "Kuskokwim Delta and Etolin Strait out to 15 NM",
        "geocode": {
          "SAME": [
            "058763"
          ],
          "UGC": [
            "PKZ763"
          ]
        },
        "affectedZones": [
          "https://api.weather.gov/zones/forecast/PKZ763"
        ],
        "references": [],
        "sent": "2026-09-26T05:16:00-08:00",
        "effective": "2026-09-26T05:16:00-08:00",
        "onset": "2026-09-26T05:00:00-08:00",
        "expires": "2026-09-26T18:00:00-08:00",
        "ends": "2026-09-26T17:00:00-08:00",
        "status": "Actual",
        "messageType": "Alert",
        "category": "Met",
        "severity": "Minor",
        "certainty": "Likely",
        "urgency": "Expected",
        "event": "Small Craft Advisory",
        "sender": "w-nws.webmaster@noaa.gov",
        "senderName": "NWS Anchorage AK",
        "headline": "Small Craft Advisory issued September 26 at 5:16AM AKDT until September 26 at 5:00PM AKDT by NWS Anchorage AK",
        "description": "Coastal Waters Forecast for Southwest Alaska+Bristol Bay+The\nAlaska Peninsula Waters and the Aleutian Islands up to 100 nm out.\n\nWind forecasts reflect the predominant speed and direction\nexpected. Sea forecasts represent an average of the highest\none-third of the combined wind wave and swell height.\n\n.TODAY...SE wind 25 kt. Seas 7 ft. Rain showers.\n.TONIGHT...N wind 20 kt. Seas 5 ft.\n.SUN...N wind 20 kt. Seas 4 ft.\n.SUN NIGHT...NW wind 25 kt. Seas 5 ft.\n.MON...NW wind 25 kt. Seas 6 ft.\n.TUE...NW wind 20 kt. Seas 4 ft.\n.WED...NE wind 20 kt. Seas 3 ft.",
        "instruction": null,
        "response": "Avoid",
        "note": null,
        "parameters": {
          "AWIPSidentifier": [
            "CWFALU"
          ],
          "WMOidentifier": [
            "FZAK52 PAFC 261316"
          ],
          "NWSheadline": [
            "SMALL CRAFT ADVISORY TODAY"
          ],
          "BLOCKCHANNEL": [
            "EAS",
            "NWEM",
            "CMAS"
          ],
          "VTEC": [
            "/O.NEW.PAFC.SC.Y.1493.260926T1300Z-260927T0100Z/"
          ],
          "eventEndingTime": [
            "2026-09-26T17:00:00-08:00"
          ]
        },
        "scope": "Public",
        "code": "IPAWSv1.0",
        "language": "en-US",
        "web": "http://www.weather.gov",
        "eventCode": {
          "SAME": [
            "NWS"
          ],
          "NationalWeatherService": [
            "SCY"
          ]
        }
      }
    },
    {
      "id": "https://api.weather.gov/alerts/urn:oid:2.49.0.1.840.0.aed8194fca59c4f1573c5bd37881096d45099c9c.036.2",
      "type": "Feature",
      "geometry": null,
      "properties": {
        "@id": "https://api.weather.gov/alerts/urn:oid:2.49.0.1.840.0.aed8194fca59c4f1573c5bd37881096d45099c9c.036.2",
        "@type": "wx:Alert",
        "id": "urn:oid:2.49.0.1.840.0.aed8194fca59c4f1573c5bd37881096d45099c9c.036.2",
        "areaDesc": "North and West of Nunivak Island",
        "geocode": {
          "SAME": [
            "058765"
          ],
          "UGC": [
            "PKZ765"
          ]
        },
        "affectedZones": [
          "https://api.weather.gov/zones/forecast/PKZ765"
        ],
        "references": [],
        "sent": "2026-09-26T05:16:00-08:00",
        "effective": "2026-09-26T05:16:00-08:00",
        "onset": "2026-09-27T05:00:00-08:00",
        "expires": "2026-09-26T18:00:00-08:00",
        "ends": "2026-09-27T17:00:00-08:00",
        "status": "Actual",
        "messageType": "Alert",
        "category": "Met",
        "severity": "Minor",
        "certainty": "Likely",
        "urgency": "Expected",
        "event": "Small Craft Advisory",
        "sender": "w-nws.webmaster@noaa.gov",
        "senderName": "NWS Anchorage AK",
        "headline": "Small Craft Advisory issued September 26 at 5:16AM AKDT until September 27 at 5:00PM AKDT by NWS Anchorage AK",
        "description": "Coastal Waters Forecast for Southwest Alaska+Bristol Bay+The\nAlaska Peninsula Waters and the Aleutian Islands up to 100 nm out.\n\nWind forecasts reflect the predominant speed and direction\nexpected. Sea forecasts represent an average of the highest\none-third of the combined wind wave and swell height.\n\n.TODAY...NE wind 20 kt. Seas 8 ft.\n.TONIGHT...N wind 20 kt. Seas 7 ft.\n.SUN...NW wind 25 kt. Seas 7 ft.\n.SUN NIGHT...NW wind 25 kt. Seas 9 ft.\n.MON...NW wind 25 kt. Seas 9 ft.\n.TUE THROUGH WED...NE wind 20 kt. Seas 6 ft.",
        "instruction": null,
        "response": "Avoid",
        "note": null,
        "parameters": {
          "AWIPSidentifier": [
            "CWFALU"
          ],
          "WMOidentifier": [
            "FZAK52 PAFC 261316"
          ],
          "NWSheadline": [
            "SMALL CRAFT ADVISORY TODAY AND SUNDAY"
          ],
          "BLOCKCHANNEL": [
            "EAS",
            "NWEM",
            "CMAS"
          ],
          "VTEC": [
            "/O.NEW.PAFC.SC.Y.1497.260927T1300Z-260928T0100Z/"
          ],
          "eventEndingTime": [
            "2026-09-27T17:00:00-08:00"
          ]
        },
        "scope": "Public",
        "code": "IPAWSv1.0",
        "language": "en-US",
        "web": "http://www.weather.gov",
        "eventCode": {
          "SAME": [
            "NWS"
          ],
          "NationalWeatherService": [
            "SCY"
          ]
        }
      }
    },
    {
      "id": "https://api.weather.gov/alerts/urn:oid:2.49.0.1.840.0.aed8194fca59c4f1573c5bd37881096d45099c9c.029.1",
      "type": "Feature",
      "geometry": null,
      "properties": {
        "@id": "https://api.weather.gov/alerts/urn:oid:2.49.0.1.840.0.aed8194fca59c4f1573c5bd37881096d45099c9c.029.1",
        "@type": "wx:Alert",
        "id": "urn:oid:2.49.0.1.840.0.aed8194fca59c4f1573c5bd37881096d45099c9c.029.1",
        "areaDesc": "Kiska to Attu Pacific Side",
        "geocode": {
          "SAME": [
            "058787"
          ],
          "UGC": [
            "PKZ787"
          ]
        },
        "affectedZones": [
          "https://api.weather.gov/zones/forecast/PKZ787"
        ],
        "references": [],
        "sent": "2026-09-26T05:16:00-08:00",
        "effective": "2026-09-26T05:16:00-08:00",
        "onset": "2026-09-26T05:00:00-08:00",
        "expires": "2026-09-26T18:00:00-08:00",
        "ends": "2026-09-27T05:00:00-08:00",
        "status": "Actual",
        "messageType": "Alert",
        "category": "Met",
        "severity": "Minor",
        "certainty": "Likely",
        "urgency": "Expected",
        "event": "Small Craft Advisory",
        "sender": "w-nws.webmaster@noaa.gov",
        "senderName": "NWS Anchorage AK",
        "headline": "Small Craft Advisory issued September 26 at 5:16AM AKDT until September 27 at 5:00AM AKDT by NWS Anchorage AK",
        "description": "Coastal Waters Forecast for Southwest Alaska+Bristol Bay+The\nAlaska Peninsula Waters and the Aleutian Islands up to 100 nm out.\n\nWind forecasts reflect the predominant speed and direction\nexpected. Sea forecasts represent an average of the highest\none-third of the combined wind wave and swell height.\n\n.TODAY...W wind 20 kt. Seas 11 ft.\n.TONIGHT...NW wind 15 kt. Seas 9 ft.\n.SUN...Variable wind 10 kt. Seas 7 ft.\n.SUN NIGHT...W wind 15 kt. Seas 5 ft.\n.MON...SW wind 15 kt. Seas 5 ft.\n.TUE THROUGH WED...SE wind 30 kt. Seas 13 ft.",
        "instruction": null,
        "response": "Avoid",
        "note": null,
        "parameters": {
          "AWIPSidentifier": [
            "CWFALU"
          ],
          "WMOidentifier": [
            "FZAK52 PAFC 261316"
          ],
          "NWSheadline": [
            "SMALL CRAFT ADVISORY THROUGH TONIGHT"
          ],
          "BLOCKCHANNEL": [
            "EAS",
            "NWEM",
            "CMAS"
          ],
          "VTEC": [
            "/O.NEW.PAFC.SC.Y.1488.260926T1300Z-260927T1300Z/"
          ],
          "eventEndingTime": [
            "2026-09-27T05:00:00-08:00"
          ]
        },
        "scope": "Public",
        "code": "IPAWSv1.0",
        "language": "en-US",
        "web": "http://www.weather.gov",
        "eventCode": {
          "SAME": [
            "NWS"
          ],
          "NationalWeatherService": [
            "SCY"
          ]
        }
      }
    },
    {
      "id": "https://api.weather.gov/alerts/urn:oid:2.49.0.1.840.0.aed8194fca59c4f1573c5bd37881096d45099c9c.030.1",
      "type": "Feature",
      "geometry": null,
      "properties": {
        "@id": "https://api.weather.gov/alerts/urn:oid:2.49.0.1.840.0.aed8194fca59c4f1573c5bd37881096d45099c9c.030.1",
        "@type": "wx:Alert",
        "id": "urn:oid:2.49.0.1.840.0.aed8194fca59c4f1573c5bd37881096d45099c9c.030.1",
        "areaDesc": "Pribilof Islands Nearshore Waters",
        "geocode": {
          "SAME": [
            "058766"
          ],
          "UGC": [
            "PKZ766"
          ]
        },
        "affectedZones": [
          "https://api.weather.gov/zones/forecast/PKZ766"
        ],
        "references": [],
        "sent": "2026-09-26T05:16:00-08:00",
        "effective": "2026-09-26T05:16:00-08:00",
        "onset": "2026-09-26T05:00:00-08:00",
        "expires": "2026-09-26T18:00:00-08:00",
        "ends": "2026-09-27T17:00:00-08:00",
        "status": "Actual",
        "messageType": "Alert",
        "category": "Met",
        "severity": "Minor",
        "certainty": "Likely",
        "urgency": "Expected",
        "event": "Small Craft Advisory",
        "sender": "w-nws.webmaster@noaa.gov",
        "senderName": "NWS Anchorage AK",
        "headline": "Small Craft Advisory issued September 26 at 5:16AM AKDT until September 27 at 5:00PM AKDT by NWS Anchorage AK",
        "description": "Coastal Waters Forecast for Southwest Alaska+Bristol Bay+The\nAlaska Peninsula Waters and the Aleutian Islands up to 100 nm out.\n\nWind forecasts reflect the predominant speed and direction\nexpected. Sea forecasts represent an average of the highest\none-third of the combined wind wave and swell height.\n\n.TODAY...NW wind 25 kt. Seas 14 ft.\n.TONIGHT...NW wind 25 kt. Seas 10 ft.\n.SUN...NW wind 25 kt. Seas 9 ft.\n.SUN NIGHT...NW wind 25 kt. Seas 8 ft.\n.MON...NW wind 20 kt. Seas 6 ft.\n.TUE...W wind 15 kt. Seas 5 ft.\n.WED...E wind 20 kt. Seas 6 ft.",
        "instruction": null,
        "response": "Avoid",
        "note": null,
        "parameters": {
          "AWIPSidentifier": [
            "CWFALU"
          ],
          "WMOidentifier": [
            "FZAK52 PAFC 261316"
          ],
          "NWSheadline": [
            "SMALL CRAFT ADVISORY THROUGH SUNDAY"
          ],
          "BLOCKCHANNEL": [
            "EAS",
            "NWEM",
            "CMAS"
          ],
          "VTEC": [
            "/O.NEW.PAFC.SC.Y.1489.260926T1300Z-260928T0100Z/"
          ],
          "eventEndingTime": [
            "2026-09-27T17:00:00-08:00"
          ]
        },
        "scope": "Public",
        "code": "IPAWSv1.0",
        "language": "en-US",
        "web": "http://www.weather.gov",
        "eventCode": {
          "SAME": [
            "NWS"
          ],
          "NationalWeatherService": [
            "SCY"
          ]
        }
      }
    },
    {
      "id": "https://api.weather.gov/alerts/urn:oid:2.49.0.1.840.0.aed8194fca59c4f1573c5bd37881096d45099c9c.024.1",
      "type": "Feature",
      "geometry": null,
      "properties": {
        "@id": "https://api.weather.gov/alerts/urn:oid:2.49.0.1.840.0.aed8194fca59c4f1573c5bd37881096d45099c9c.024.1",
        "@type": "wx:Alert",
        "id": "urn:oid:2.49.0.1.840.0.aed8194fca59c4f1573c5bd37881096d45099c9c.024.1",
        "areaDesc": "Seguam to Adak Pacific Side out to 15 NM",
        "geocode": {
          "SAME": [
            "058782"
          ],
          "UGC": [
            "PKZ782"
          ]
        },
        "affectedZones": [
          "https://api.weather.gov/zones/forecast/PKZ782"
        ],
        "references": [],
        "sent": "2026-09-26T05:16:00-08:00",
        "effective": "2026-09-26T05:16:00-08:00",
        "onset": "2026-09-26T05:00:00-08:00",
        "expires": "2026-09-26T18:00:00-08:00",
        "ends": "2026-09-27T05:00:00-08:00",
        "status": "Actual",
        "messageType": "Alert",
        "category": "Met",
        "severity": "Minor",
        "certainty": "Likely",
        "urgency": "Expected",
        "event": "Small Craft Advisory",
        "sender": "w-nws.webmaster@noaa.gov",
        "senderName": "NWS Anchorage AK",
        "headline": "Small Craft Advisory issued September 26 at 5:16AM AKDT until September 27 at 5:00AM AKDT by NWS Anchorage AK",
        "description": "Coastal Waters Forecast for Southwest Alaska+Bristol Bay+The\nAlaska Peninsula Waters and the Aleutian Islands up to 100 nm out.\n\nWind forecasts reflect the predominant speed and direction\nexpected. Sea forecasts represent an average of the highest\none-third of the combined wind wave and swell height.\n\n.TODAY...W wind 30 kt. Seas 13 ft.\n.TONIGHT...W wind 25 kt. Seas 9 ft.\n.SUN...NW wind 20 kt. Seas 6 ft.\n.SUN NIGHT...W wind 20 kt. Seas 5 ft.\n.MON...W wind 15 kt. Seas 5 ft.\n.TUE...SW wind 20 kt. Seas 4 ft.\n.WED...SW wind 25 kt. Seas 11 ft.",
        "instruction": null,
        "response": "Avoid",
        "note": null,
        "parameters": {
          "AWIPSidentifier": [
            "CWFALU"
          ],
          "WMOidentifier": [
            "FZAK52 PAFC 261316"
          ],
          "NWSheadline": [
            "SMALL CRAFT ADVISORY THROUGH TONIGHT"
          ],
          "BLOCKCHANNEL": [
            "EAS",
            "NWEM",
            "CMAS"
          ],
          "VTEC": [
            "/O.NEW.PAFC.SC.Y.1483.260926T1300Z-260927T1300Z/"
          ],
          "eventEndingTime": [
            "2026-09-27T05:00:00-08:00"
          ]
        },
        "scope": "Public",
        "code": "IPAWSv1.0",
        "language": "en-US",
        "web": "http://www.weather.gov",
        "eventCode": {
          "SAME": [
            "NWS"
          ],
          "NationalWeatherService": [
            "SCY"
          ]
        }
      }
    },
    {
      "id": "https://api.weather.gov/alerts/urn:oid:2.49.0.1.840.0.aed8194fca59c4f1573c5bd37881096d45099c9c.028.1",
      "type": "Feature",
      "geometry": null,
      "properties": {
        "@id": "https://api.weather.gov/alerts/urn:oid:2.49.0.1.840.0.aed8194fca59c4f1573c5bd37881096d45099c9c.028.1",
        "@type": "wx:Alert",
        "id": "urn:oid:2.49.0.1.840.0.aed8194fca59c4f1573c5bd37881096d45099c9c.028.1",
        "areaDesc": "Kiska to Attu Bering Side",
        "geocode": {
          "SAME": [
            "058786"
          ],
          "UGC": [
            "PKZ786"
          ]
        },
        "affectedZones": [
          "https://api.weather.gov/zones/forecast/PKZ786"
        ],
        "references": [],
        "sent": "2026-09-26T05:16:00-08:00",
        "effective": "2026-09-26T05:16:00-08:00",
        "onset": "2026-09-26T05:00:00-08:00",
        "expires": "2026-09-26T18:00:00-08:00",
        "ends": "2026-09-27T05:00:00-08:00",
        "status": "Actual",
        "messageType": "Alert",
        "category": "Met",
        "severity": "Minor",
        "certainty": "Likely",
        "urgency": "Expected",
        "event": "Small Craft Advisory",
        "sender": "w-nws.webmaster@noaa.gov",
        "senderName": "NWS Anchorage AK",
        "headline": "Small Craft Advisory issued September 26 at 5:16AM AKDT until September 27 at 5:00AM AKDT by NWS Anchorage AK",
        "description": "Coastal Waters Forecast for Southwest Alaska+Bristol Bay+The\nAlaska Peninsula Waters and the Aleutian Islands up to 100 nm out.\n\nWind forecasts reflect the predominant speed and direction\nexpected. Sea forecasts represent an average of the highest\none-third of the combined wind wave and swell height.\n\n.TODAY...NW wind 20 kt. Seas 10 ft.\n.TONIGHT...NW wind 15 kt. Seas 8 ft.\n.SUN...W wind 15 kt. Seas 6 ft.\n.SUN NIGHT...W wind 15 kt. Seas 5 ft.\n.MON...SW wind 15 kt. Seas 5 ft.\n.TUE...S wind 30 kt. Seas 6 ft.\n.WED...E wind 30 kt. Seas 12 ft.",
        "instruction": null,
        "response": "Avoid",
        "note": null,
        "parameters": {
          "AWIPSidentifier": [
            "CWFALU"
          ],
          "WMOidentifier": [
            "FZAK52 PAFC 261316"
          ],
          "NWSheadline": [
            "SMALL CRAFT ADVISORY THROUGH TONIGHT"
          ],
          "BLOCKCHANNEL": [
            "EAS",
            "NWEM",
            "CMAS"
          ],
          "VTEC": [
            "/O.NEW.PAFC.SC.Y.1487.260926T1300Z-260927T1300Z/"
          ],
          "eventEndingTime": [
            "2026-09-27T05:00:00-08:00"
          ]
        },
        "scope": "Public",
        "code": "IPAWSv1.0",
        "language": "en-US",
        "web": "http://www.weather.gov",
        "eventCode": {
          "SAME": [
            "NWS"
          ],
          "NationalWeatherService": [
            "SCY"
          ]
        }
      }
    },
    {
      "id": "https://api.weather.gov/alerts/urn:oid:2.49.0.1.840.0.aed8194fca59c4f1573c5bd37881096d45099c9c.025.1",
      "type": "Feature",
      "geometry": null,
      "properties": {
        "@id": "https://api.weather.gov/alerts/urn:oid:2.49.0.1.840.0.aed8194fca59c4f1573c5bd37881096d45099c9c.025.1",
        "@type": "wx:Alert",
        "id": "urn:oid:2.49.0.1.840.0.aed8194fca59c4f1573c5bd37881096d45099c9c.025.1",
        "areaDesc": "Seguam to Adak Pacific Side from 15 to 75 NM",
        "geocode": {
          "SAME": [
            "058783"
          ],
          "UGC": [
            "PKZ783"
          ]
        },
        "affectedZones": [
          "https://api.weather.gov/zones/forecast/PKZ783"
        ],
        "references": [],
        "sent": "2026-09-26T05:16:00-08:00",
        "effective": "2026-09-26T05:16:00-08:00",
        "onset": "2026-09-26T05:00:00-08:00",
        "expires": "2026-09-26T18:00:00-08:00",
        "ends": "2026-09-27T05:00:00-08:00",
        "status": "Actual",
        "messageType": "Alert",
        "category": "Met",
        "severity": "Minor",
        "certainty": "Likely",
        "urgency": "Expected",
        "event": "Small Craft Advisory",
        "sender": "w-nws.webmaster@noaa.gov",
        "senderName": "NWS Anchorage AK",
        "headline": "Small Craft Advisory issued September 26 at 5:16AM AKDT until September 27 at 5:00AM AKDT by NWS Anchorage AK",
        "description": "Coastal Waters Forecast for Southwest Alaska+Bristol Bay+The\nAlaska Peninsula Waters and the Aleutian Islands up to 100 nm out.\n\nWind forecasts reflect the predominant speed and direction\nexpected. Sea forecasts represent an average of the highest\none-third of the combined wind wave and swell height.\n\n.TODAY...W wind 30 kt. Seas 14 ft.\n.TONIGHT...W wind 25 kt. Seas 10 ft.\n.SUN...NW wind 15 kt. Seas 7 ft.\n.SUN NIGHT...NW wind 20 kt. Seas 6 ft.\n.MON...W wind 20 kt. Seas 6 ft.\n.TUE...SW wind 20 kt. Seas 5 ft.\n.WED...SW wind 25 kt. Seas 13 ft.",
        "instruction": null,
        "response": "Avoid",
        "note": null,
        "parameters": {
          "AWIPSidentifier": [
            "CWFALU"
          ],
          "WMOidentifier": [
            "FZAK52 PAFC 261316"
          ],
          "NWSheadline": [
            "SMALL CRAFT ADVISORY THROUGH TONIGHT"
          ],
          "BLOCKCHANNEL": [
            "EAS",
            "NWEM",
            "CMAS"
          ],
          "VTEC": [
            "/O.NEW.PAFC.SC.Y.1484.260926T1300Z-260927T1300Z/"
          ],
          "eventEndingTime": [
            "2026-09-27T05:00:00-08:00"
          ]
        },
        "scope": "Public",
        "code": "IPAWSv1.0",
        "language": "en-US",
        "web": "http://www.weather.gov",
        "eventCode": {
          "SAME": [
            "NWS"
          ],
          "NationalWeatherService": [
            "SCY"
          ]
        }
      }
    },
    {
      "id": "https://api.weather.gov/alerts/urn:oid:2.49.0.1.840.0.aed8194fca59c4f1573c5bd37881096d45099c9c.027.1",
      "type": "Feature",
      "geometry": null,
      "properties": {
        "@id": "https://api.weather.gov/alerts/urn:oid:2.49.0.1.840.0.aed8194fca59c4f1573c5bd37881096d45099c9c.027.1",
        "@type": "wx:Alert",
        "id": "urn:oid:2.49.0.1.840.0.aed8194fca59c4f1573c5bd37881096d45099c9c.027.1",
        "areaDesc": "Adak to Kiska Pacific Side",
        "geocode": {
          "SAME": [
            "058785"
          ],
          "UGC": [
            "PKZ785"
          ]
        },
        "affectedZones": [
          "https://api.weather.gov/zones/forecast/PKZ785"
        ],
        "references": [],
        "sent": "2026-09-26T05:16:00-08:00",
        "effective": "2026-09-26T05:16:00-08:00",
        "onset": "2026-09-26T05:00:00-08:00",
        "expires": "2026-09-26T18:00:00-08:00",
        "ends": "2026-09-27T05:00:00-08:00",
        "status": "Actual",
        "messageType": "Alert",
        "category": "Met",
        "severity": "Minor",
        "certainty": "Likely",
        "urgency": "Expected",
        "event": "Small Craft Advisory",
        "sender": "w-nws.webmaster@noaa.gov",
        "senderName": "NWS Anchorage AK",
        "headline": "Small Craft Advisory issued September 26 at 5:16AM AKDT until September 27 at 5:00AM AKDT by NWS Anchorage AK",
        "description": "Coastal Waters Forecast for Southwest Alaska+Bristol Bay+The\nAlaska Peninsula Waters and the Aleutian Islands up to 100 nm out.\n\nWind forecasts reflect the predominant speed and direction\nexpected. Sea forecasts represent an average of the highest\none-third of the combined wind wave and swell height.\n\n.TODAY...W wind 25 kt. Seas 11 ft.\n.TONIGHT...W wind 20 kt. Seas 8 ft.\n.SUN...NW wind 15 kt. Seas 7 ft.\n.SUN NIGHT...W wind 15 kt. Seas 6 ft.\n.MON...W wind 15 kt. Seas 5 ft.\n.TUE...S wind 25 kt. Seas 6 ft.\n.WED...S wind 25 kt. Seas 13 ft.",
        "instruction": null,
        "response": "Avoid",
        "note": null,
        "parameters": {
          "AWIPSidentifier": [
            "CWFALU"
          ],
          "WMOidentifier": [
            "FZAK52 PAFC 261316"
          ],
          "NWSheadline": [
            "SMALL CRAFT ADVISORY THROUGH TONIGHT"
          ],
          "BLOCKCHANNEL": [
            "EAS",
            "NWEM",
            "CMAS"
          ],
          "VTEC": [
            "/O.NEW.PAFC.SC.Y.1486.260926T1300Z-260927T1300Z/"
          ],
          "eventEndingTime": [
            "2026-09-27T05:00:00-08:00"
          ]
        },
        "scope": "Public",
        "code": "IPAWSv1.0",
        "language": "en-US",
        "web": "http://www.weather.gov",
        "eventCode": {
          "SAME": [
            "NWS"
          ],
          "NationalWeatherService": [
            "SCY"
          ]
        }
      }
    },
    {
      "id": "https://api.weather.gov/alerts/urn:oid:2.49.0.1.840.0.aed8194fca59c4f1573c5bd37881096d45099c9c.026.1",
      "type": "Feature",
      "geometry": null,
      "properties": {
        "@id": "https://api.weather.gov/alerts/urn:oid:2.49.0.1.840.0.aed8194fca59c4f1573c5bd37881096d45099c9c.026.1",
        "@type": "wx:Alert",
        "id": "urn:oid:2.49.0.1.840.0.aed8194fca59c4f1573c5bd37881096d45099c9c.026.1",
        "areaDesc": "Adak to Kiska Bering Side",
        "geocode": {
          "SAME": [
            "058784"
          ],
          "UGC": [
            "PKZ784"
          ]
        },
        "affectedZones": [
          "https://api.weather.gov/zones/forecast/PKZ784"
        ],
        "references": [],
        "sent": "2026-09-26T05:16:00-08:00",
        "effective": "2026-09-26T05:16:00-08:00",
        "onset": "2026-09-26T05:00:00-08:00",
        "expires": "2026-09-26T18:00:00-08:00",
        "ends": "2026-09-27T05:00:00-08:00",
        "status": "Actual",
        "messageType": "Alert",
        "category": "Met",
        "severity": "Minor",
        "certainty": "Likely",
        "urgency": "Expected",
        "event": "Small Craft Advisory",
        "sender": "w-nws.webmaster@noaa.gov",
        "senderName": "NWS Anchorage AK",
        "headline": "Small Craft Advisory issued September 26 at 5:16AM AKDT until September 27 at 5:00AM AKDT by NWS Anchorage AK",
        "description": "Coastal Waters Forecast for Southwest Alaska+Bristol Bay+The\nAlaska Peninsula Waters and the Aleutian Islands up to 100 nm out.\n\nWind forecasts reflect the predominant speed and direction\nexpected. Sea forecasts represent an average of the highest\none-third of the combined wind wave and swell height.\n\n.TODAY...W wind 30 kt diminishing to 20 kt in the afternoon. Seas\n11 ft.\n.TONIGHT...NW wind 15 kt. Seas 8 ft.\n.SUN...NW wind 15 kt. Seas 6 ft.\n.SUN NIGHT...W wind 15 kt. Seas 5 ft.\n.MON...W wind 20 kt. Seas 5 ft.\n.TUE...S wind 25 kt. Seas 5 ft.\n.WED...SE wind 30 kt. Seas 9 ft.",
        "instruction": null,
        "response": "Avoid",
        "note": null,
        "parameters": {
          "AWIPSidentifier": [
            "CWFALU"
          ],
          "WMOidentifier": [
            "FZAK52 PAFC 261316"
          ],
          "NWSheadline": [
            "SMALL CRAFT ADVISORY THROUGH TONIGHT"
          ],
          "BLOCKCHANNEL": [
            "EAS",
            "NWEM",
            "CMAS"
          ],
          "VTEC": [
            "/O.NEW.PAFC.SC.Y.1485.260926T1300Z-260927T1300Z/"
          ],
          "eventEndingTime": [
            "2026-09-27T05:00:00-08:00"
          ]
        },
        "scope": "Public",
        "code": "IPAWSv1.0",
        "language": "en-US",
        "web": "http://www.weather.gov",
        "eventCode": {
          "SAME": [
            "NWS"
          ],
          "NationalWeatherService": [
            "SCY"
          ]
        }
      }
    },
    {
      "id": "https://api.weather.gov/alerts/urn:oid:2.49.0.1.840.0.aed8194fca59c4f1573c5bd37881096d45099c9c.005.1",
      "type": "Feature",
      "geometry": null,
      "properties": {
        "@id": "https://api.weather.gov/alerts/urn:oid:2.49.0.1.840.0.aed8194fca59c4f1573c5bd37881096d45099c9c.005.1",
        "@type": "wx:Alert",
        "id": "urn:oid:2.49.0.1.840.0.aed8194fca59c4f1573c5bd37881096d45099c9c.005.1",
        "areaDesc": "Castle Cape to Cape Tolstoi from 15 to 100 NM",
        "geocode": {
          "SAME": [
            "058753"
          ],
          "UGC": [
            "PKZ753"
          ]
        },
        "affectedZones": [
          "https://api.weather.gov/zones/forecast/PKZ753"
        ],
        "references": [],
        "sent": "2026-09-26T05:16:00-08:00",
        "effective": "2026-09-26T05:16:00-08:00",
        "onset": "2026-09-26T05:00:00-08:00",
        "expires": "2026-09-26T18:00:00-08:00",
        "ends": "2026-09-27T05:00:00-08:00",
        "status": "Actual",
        "messageType": "Alert",
        "category": "Met",
        "severity": "Moderate",
        "certainty": "Likely",
        "urgency": "Expected",
        "event": "Gale Warning",
        "sender": "w-nws.webmaster@noaa.gov",
        "senderName": "NWS Anchorage AK",
        "headline": "Gale Warning issued September 26 at 5:16AM AKDT until September 27 at 5:00AM AKDT by NWS Anchorage AK",
        "description": "Coastal Waters Forecast for Southwest Alaska+Bristol Bay+The\nAlaska Peninsula Waters and the Aleutian Islands up to 100 nm out.\n\nWind forecasts reflect the predominant speed and direction\nexpected. Sea forecasts represent an average of the highest\none-third of the combined wind wave and swell height.\n\n.TODAY...SW wind 35 kt. Seas 20 ft. Rain showers.\n.TONIGHT...SW wind 35 kt. Seas 19 ft.\n.SUN...W wind 30 kt. Seas 16 ft.\n.SUN NIGHT...W wind 30 kt. Seas 12 ft.\n.MON...NW wind 30 kt. Seas 11 ft.\n.TUE...W wind 25 kt. Seas 9 ft.\n.WED...SW wind 15 kt. Seas 5 ft.",
        "instruction": null,
        "response": "Avoid",
        "note": null,
        "parameters": {
          "AWIPSidentifier": [
            "CWFALU"
          ],
          "WMOidentifier": [
            "FZAK52 PAFC 261316"
          ],
          "NWSheadline": [
            "GALE WARNING THROUGH TONIGHT"
          ],
          "BLOCKCHANNEL": [
            "EAS",
            "NWEM",
            "CMAS"
          ],
          "VTEC": [
            "/O.NEW.PAFC.GL.W.1464.260926T1300Z-260927T1300Z/"
          ],
          "eventEndingTime": [
            "2026-09-27T05:00:00-08:00"
          ]
        },
        "scope": "Public",
        "code": "IPAWSv1.0",
        "language": "en-US",
        "web": "http://www.weather.gov",
        "eventCode": {
          "SAME": [
            "NWS"
          ],
          "NationalWeatherService": [
            "GLW"
          ]
        }
      }
    },
    {
      "id": "https://api.weather.gov/alerts/urn:oid:2.49.0.1.840.0.aed8194fca59c4f1573c5bd37881096d45099c9c.006.1",
      "type": "Feature",
      "geometry": null,
      "properties": {
        "@id": "https://api.weather.gov/alerts/urn:oid:2.49.0.1.840.0.aed8194fca59c4f1573c5bd37881096d45099c9c.006.1",
        "@type": "wx:Alert",
        "id": "urn:oid:2.49.0.1.840.0.aed8194fca59c4f1573c5bd37881096d45099c9c.006.1",
        "areaDesc": "Cape Tolstoi to Cape Sarichef out to 15 NM",
        "geocode": {
          "SAME": [
            "058754"
          ],
          "UGC": [
            "PKZ754"
          ]
        },
        "affectedZones": [
          "https://api.weather.gov/zones/forecast/PKZ754"
        ],
        "references": [],
        "sent": "2026-09-26T05:16:00-08:00",
        "effective": "2026-09-26T05:16:00-08:00",
        "onset": "2026-09-26T05:00:00-08:00",
        "expires": "2026-09-26T18:00:00-08:00",
        "ends": "2026-09-27T05:00:00-08:00",
        "status": "Actual",
        "messageType": "Alert",
        "category": "Met",
        "severity": "Moderate",
        "certainty": "Likely",
        "urgency": "Expected",
        "event": "Gale Warning",
        "sender": "w-nws.webmaster@noaa.gov",
        "senderName": "NWS Anchorage AK",
        "headline": "Gale Warning issued September 26 at 5:16AM AKDT until September 27 at 5:00AM AKDT by NWS Anchorage AK",
        "description": "Coastal Waters Forecast for Southwest Alaska+Bristol Bay+The\nAlaska Peninsula Waters and the Aleutian Islands up to 100 nm out.\n\nWind forecasts reflect the predominant speed and direction\nexpected. Sea forecasts represent an average of the highest\none-third of the combined wind wave and swell height.\n\n.TODAY...SW wind 40 kt. Seas 16 ft. Rain showers.\n.TONIGHT...W wind 35 kt. Seas 13 ft.\n.SUN...W wind 25 kt. Seas 8 ft.\n.SUN NIGHT...NW wind 25 kt. Seas 5 ft.\n.MON...NW wind 25 kt. Seas 4 ft.\n.TUE...W wind 15 kt. Seas 3 ft.\n.WED...S wind 15 kt. Seas 3 ft.",
        "instruction": null,
        "response": "Avoid",
        "note": null,
        "parameters": {
          "AWIPSidentifier": [
            "CWFALU"
          ],
          "WMOidentifier": [
            "FZAK52 PAFC 261316"
          ],
          "NWSheadline": [
            "GALE WARNING THROUGH TONIGHT"
          ],
          "BLOCKCHANNEL": [
            "EAS",
            "NWEM",
            "CMAS"
          ],
          "VTEC": [
            "/O.NEW.PAFC.GL.W.1465.260926T1300Z-260927T1300Z/"
          ],
          "eventEndingTime": [
            "2026-09-27T05:00:00-08:00"
          ]
        },
        "scope": "Public",
        "code": "IPAWSv1.0",
        "language": "en-US",
        "web": "http://www.weather.gov",
        "eventCode": {
          "SAME": [
            "NWS"
          ],
          "NationalWeatherService": [
            "GLW"
          ]
        }
      }
    },
    {
      "id": "https://api.weather.gov/alerts/urn:oid:2.49.0.1.840.0.aed8194fca59c4f1573c5bd37881096d45099c9c.007.1",
      "type": "Feature",
      "geometry": null,
      "properties": {
        "@id": "https://api.weather.gov/alerts/urn:oid:2.49.0.1.840.0.aed8194fca59c4f1573c5bd37881096d45099c9c.007.1",
        "@type": "wx:Alert",
        "id": "urn:oid:2.49.0.1.840.0.aed8194fca59c4f1573c5bd37881096d45099c9c.007.1",
        "areaDesc": "Cape Tolstoi to Unalga Pass from 15 to 100 NM",
        "geocode": {
          "SAME": [
            "058755"
          ],
          "UGC": [
            "PKZ755"
          ]
        },
        "affectedZones": [
          "https://api.weather.gov/zones/forecast/PKZ755"
        ],
        "references": [],
        "sent": "2026-09-26T05:16:00-08:00",
        "effective": "2026-09-26T05:16:00-08:00",
        "onset": "2026-09-26T05:00:00-08:00",
        "expires": "2026-09-26T18:00:00-08:00",
        "ends": "2026-09-27T05:00:00-08:00",
        "status": "Actual",
        "messageType": "Alert",
        "category": "Met",
        "severity": "Moderate",
        "certainty": "Likely",
        "urgency": "Expected",
        "event": "Gale Warning",
        "sender": "w-nws.webmaster@noaa.gov",
        "senderName": "NWS Anchorage AK",
        "headline": "Gale Warning issued September 26 at 5:16AM AKDT until September 27 at 5:00AM AKDT by NWS Anchorage AK",
        "description": "Coastal Waters Forecast for Southwest Alaska+Bristol Bay+The\nAlaska Peninsula Waters and the Aleutian Islands up to 100 nm out.\n\nWind forecasts reflect the predominant speed and direction\nexpected. Sea forecasts represent an average of the highest\none-third of the combined wind wave and swell height.\n\n.TODAY...SW wind 40 kt. Seas 21 ft.\n.TONIGHT...W wind 35 kt. Seas 19 ft.\n.SUN...W wind 30 kt. Seas 14 ft.\n.SUN NIGHT...NW wind 30 kt. Seas 10 ft.\n.MON...NW wind 30 kt. Seas 10 ft.\n.TUE...W wind 20 kt. Seas 7 ft.\n.WED...SW wind 20 kt. Seas 5 ft.",
        "instruction": null,
        "response": "Avoid",
        "note": null,
        "parameters": {
          "AWIPSidentifier": [
            "CWFALU"
          ],
          "WMOidentifier": [
            "FZAK52 PAFC 261316"
          ],
          "NWSheadline": [
            "GALE WARNING THROUGH TONIGHT"
          ],
          "BLOCKCHANNEL": [
            "EAS",
            "NWEM",
            "CMAS"
          ],
          "VTEC": [
            "/O.NEW.PAFC.GL.W.1466.260926T1300Z-260927T1300Z/"
          ],
          "eventEndingTime": [
            "2026-09-27T05:00:00-08:00"
          ]
        },
        "scope": "Public",
        "code": "IPAWSv1.0",
        "language": "en-US",
        "web": "http://www.weather.gov",
        "eventCode": {
          "SAME": [
            "NWS"
          ],
          "NationalWeatherService": [
            "GLW"
          ]
        }
      }
    },
    {
      "id": "https://api.weather.gov/alerts/urn:oid:2.49.0.1.840.0.aed8194fca59c4f1573c5bd37881096d45099c9c.022.1",
      "type": "Feature",
      "geometry": null,
      "properties": {
        "@id": "https://api.weather.gov/alerts/urn:oid:2.49.0.1.840.0.aed8194fca59c4f1573c5bd37881096d45099c9c.022.1",
        "@type": "wx:Alert",
        "id": "urn:oid:2.49.0.1.840.0.aed8194fca59c4f1573c5bd37881096d45099c9c.022.1",
        "areaDesc": "Seguam to Adak Bering Side out to 15 NM",
        "geocode": {
          "SAME": [
            "058780"
          ],
          "UGC": [
            "PKZ780"
          ]
        },
        "affectedZones": [
          "https://api.weather.gov/zones/forecast/PKZ780"
        ],
        "references": [],
        "sent": "2026-09-26T05:16:00-08:00",
        "effective": "2026-09-26T05:16:00-08:00",
        "onset": "2026-09-26T05:00:00-08:00",
        "expires": "2026-09-26T18:00:00-08:00",
        "ends": "2026-09-27T05:00:00-08:00",
        "status": "Actual",
        "messageType": "Alert",
        "category": "Met",
        "severity": "Minor",
        "certainty": "Likely",
        "urgency": "Expected",
        "event": "Small Craft Advisory",
        "sender": "w-nws.webmaster@noaa.gov",
        "senderName": "NWS Anchorage AK",
        "headline": "Small Craft Advisory issued September 26 at 5:16AM AKDT until September 27 at 5:00AM AKDT by NWS Anchorage AK",
        "description": "Coastal Waters Forecast for Southwest Alaska+Bristol Bay+The\nAlaska Peninsula Waters and the Aleutian Islands up to 100 nm out.\n\nWind forecasts reflect the predominant speed and direction\nexpected. Sea forecasts represent an average of the highest\none-third of the combined wind wave and swell height.\n\n.TODAY...W wind 30 kt. Seas 13 ft.\n.TONIGHT...W wind 25 kt diminishing to 15 kt after midnight. Seas\n8 ft.\n.SUN...NW wind 20 kt. Seas 5 ft.\n.SUN NIGHT...W wind 20 kt. Seas 6 ft.\n.MON...W wind 15 kt. Seas 5 ft.\n.TUE...SW wind 15 kt. Seas 4 ft.\n.WED...S wind 25 kt. Seas 8 ft.",
        "instruction": null,
        "response": "Avoid",
        "note": null,
        "parameters": {
          "AWIPSidentifier": [
            "CWFALU"
          ],
          "WMOidentifier": [
            "FZAK52 PAFC 261316"
          ],
          "NWSheadline": [
            "SMALL CRAFT ADVISORY THROUGH TONIGHT"
          ],
          "BLOCKCHANNEL": [
            "EAS",
            "NWEM",
            "CMAS"
          ],
          "VTEC": [
            "/O.NEW.PAFC.SC.Y.1481.260926T1300Z-260927T1300Z/"
          ],
          "eventEndingTime": [
            "2026-09-27T05:00:00-08:00"
          ]
        },
        "scope": "Public",
        "code": "IPAWSv1.0",
        "language": "en-US",
        "web": "http://www.weather.gov",
        "eventCode": {
          "SAME": [
            "NWS"
          ],
          "NationalWeatherService": [
            "SCY"
          ]
        }
      }
    },
    {
      "id": "https://api.weather.gov/alerts/urn:oid:2.49.0.1.840.0.3b9b26f6b9b31008b5d344b631ac11f572d1bc57.003.1",
      "type": "Feature",
      "geometry": null,
      "properties": {
        "@id": "https://api.weather.gov/alerts/urn:oid:2.49.0.1.840.0.3b9b26f6b9b31008b5d344b631ac11f572d1bc57.003.1",
        "@type": "wx:Alert",
        "id": "urn:oid:2.49.0.1.840.0.3b9b26f6b9b31008b5d344b631ac11f572d1bc57.003.1",
        "areaDesc": "Gravel Point to Cape Cleare out to 15 NM",
        "geocode": {
          "SAME": [
            "058711"
          ],
          "UGC": [
            "PKZ711"
          ]
        },
        "affectedZones": [
          "https://api.weather.gov/zones/forecast/PKZ711"
        ],
        "references": [],
        "sent": "2026-09-26T04:18:00-08:00",
        "effective": "2026-09-26T04:18:00-08:00",
        "onset": "2026-09-26T04:00:00-08:00",
        "expires": "2026-09-26T16:45:00-08:00",
        "ends": "2026-09-27T17:00:00-08:00",
        "status": "Actual",
        "messageType": "Alert",
        "category": "Met",
        "severity": "Minor",
        "certainty": "Likely",
        "urgency": "Expected",
        "event": "Small Craft Advisory",
        "sender": "w-nws.webmaster@noaa.gov",
        "senderName": "NWS Anchorage AK",
        "headline": "Small Craft Advisory issued September 26 at 4:18AM AKDT until September 27 at 5:00PM AKDT by NWS Anchorage AK",
        "description": "Coastal Waters Forecast for the Northern Gulf of Alaska Coast\nup to 100 nm out including Kodiak Island and Cook Inlet.\n\nWind forecasts reflect the predominant speed and direction\nexpected. Sea forecasts represent an average of the highest\none-third of the combined wind wave and swell height.\n\n.TODAY...SE wind 30 kt. Seas 12 ft.\n.TONIGHT...SE wind 30 kt becoming S 15 kt after midnight. Seas\n11 ft. Widespread rain showers.\n.SUN...SE wind 20 kt. Seas 8 ft. Rain showers.\n.SUN NIGHT...SE wind 20 kt. Seas 7 ft.\n.MON...E wind 20 kt. Seas 7 ft.\n.TUE THROUGH WED...Variable wind 10 kt. Seas 6 ft.",
        "instruction": null,
        "response": "Avoid",
        "note": null,
        "parameters": {
          "AWIPSidentifier": [
            "CWFAER"
          ],
          "WMOidentifier": [
            "FZAK51 PAFC 261218"
          ],
          "NWSheadline": [
            "SMALL CRAFT ADVISORY THROUGH SUNDAY"
          ],
          "BLOCKCHANNEL": [
            "EAS",
            "NWEM",
            "CMAS"
          ],
          "VTEC": [
            "/O.NEW.PAFC.SC.Y.3178.260926T1200Z-260928T0100Z/"
          ],
          "eventEndingTime": [
            "2026-09-27T17:00:00-08:00"
          ]
        },
        "scope": "Public",
        "code": "IPAWSv1.0",
        "language": "en-US",
        "web": "http://www.weather.gov",
        "eventCode": {
          "SAME": [
            "NWS"
          ],
          "NationalWeatherService": [
            "SCY"
          ]
        }
      }
    },
    {
      "id": "https://api.weather.gov/alerts/urn:oid:2.49.0.1.840.0.3b9b26f6b9b31008b5d344b631ac11f572d1bc57.006.1",
      "type": "Feature",
      "geometry": null,
      "properties": {
        "@id": "https://api.weather.gov/alerts/urn:oid:2.49.0.1.840.0.3b9b26f6b9b31008b5d344b631ac11f572d1bc57.006.1",
        "@type": "wx:Alert",
        "id": "urn:oid:2.49.0.1.840.0.3b9b26f6b9b31008b5d344b631ac11f572d1bc57.006.1",
        "areaDesc": "Cape Cleare to Gore Point from 15 to 75 NM",
        "geocode": {
          "SAME": [
            "058716"
          ],
          "UGC": [
            "PKZ716"
          ]
        },
        "affectedZones": [
          "https://api.weather.gov/zones/forecast/PKZ716"
        ],
        "references": [],
        "sent": "2026-09-26T04:18:00-08:00",
        "effective": "2026-09-26T04:18:00-08:00",
        "onset": "2026-09-26T04:00:00-08:00",
        "expires": "2026-09-26T16:45:00-08:00",
        "ends": "2026-09-27T17:00:00-08:00",
        "status": "Actual",
        "messageType": "Alert",
        "category": "Met",
        "severity": "Minor",
        "certainty": "Likely",
        "urgency": "Expected",
        "event": "Small Craft Advisory",
        "sender": "w-nws.webmaster@noaa.gov",
        "senderName": "NWS Anchorage AK",
        "headline": "Small Craft Advisory issued September 26 at 4:18AM AKDT until September 27 at 5:00PM AKDT by NWS Anchorage AK",
        "description": "Coastal Waters Forecast for the Northern Gulf of Alaska Coast\nup to 100 nm out including Kodiak Island and Cook Inlet.\n\nWind forecasts reflect the predominant speed and direction\nexpected. Sea forecasts represent an average of the highest\none-third of the combined wind wave and swell height.\n\n.TODAY...SE wind 20 kt. Seas 9 ft.\n.TONIGHT...S wind 15 kt. Seas 9 ft.\n.SUN...S wind 15 kt. Seas 9 ft.\n.SUN NIGHT...Variable wind 10 kt. Seas 8 ft.\n.MON...NW wind 15 kt. Seas 6 ft.\n.TUE...W wind 15 kt. Seas 5 ft.\n.WED...Variable wind 10 kt. Seas 7 ft.",
        "instruction": null,
        "response": "Avoid",
        "note": null,
        "parameters": {
          "AWIPSidentifier": [
            "CWFAER"
          ],
          "WMOidentifier": [
            "FZAK51 PAFC 261218"
          ],
          "NWSheadline": [
            "SMALL CRAFT ADVISORY THROUGH SUNDAY"
          ],
          "BLOCKCHANNEL": [
            "EAS",
            "NWEM",
            "CMAS"
          ],
          "VTEC": [
            "/O.NEW.PAFC.SC.Y.3181.260926T1200Z-260928T0100Z/"
          ],
          "eventEndingTime": [
            "2026-09-27T17:00:00-08:00"
          ]
        },
        "scope": "Public",
        "code": "IPAWSv1.0",
        "language": "en-US",
        "web": "http://www.weather.gov",
        "eventCode": {
          "SAME": [
            "NWS"
          ],
          "NationalWeatherService": [
            "SCY"
          ]
        }
      }
    },
    {
      "id": "https://api.weather.gov/alerts/urn:oid:2.49.0.1.840.0.3b9b26f6b9b31008b5d344b631ac11f572d1bc57.022.1",
      "type": "Feature",
      "geometry": null,
      "properties": {
        "@id": "https://api.weather.gov/alerts/urn:oid:2.49.0.1.840.0.3b9b26f6b9b31008b5d344b631ac11f572d1bc57.022.1",
        "@type": "wx:Alert",
        "id": "urn:oid:2.49.0.1.840.0.3b9b26f6b9b31008b5d344b631ac11f572d1bc57.022.1",
        "areaDesc": "Shelikof Strait",
        "geocode": {
          "SAME": [
            "058738"
          ],
          "UGC": [
            "PKZ738"
          ]
        },
        "affectedZones": [
          "https://api.weather.gov/zones/forecast/PKZ738"
        ],
        "references": [],
        "sent": "2026-09-26T04:18:00-08:00",
        "effective": "2026-09-26T04:18:00-08:00",
        "onset": "2026-09-26T04:00:00-08:00",
        "expires": "2026-09-26T16:45:00-08:00",
        "ends": "2026-09-27T05:00:00-08:00",
        "status": "Actual",
        "messageType": "Alert",
        "category": "Met",
        "severity": "Minor",
        "certainty": "Likely",
        "urgency": "Expected",
        "event": "Small Craft Advisory",
        "sender": "w-nws.webmaster@noaa.gov",
        "senderName": "NWS Anchorage AK",
        "headline": "Small Craft Advisory issued September 26 at 4:18AM AKDT until September 27 at 5:00AM AKDT by NWS Anchorage AK",
        "description": "Coastal Waters Forecast for the Northern Gulf of Alaska Coast\nup to 100 nm out including Kodiak Island and Cook Inlet.\n\nWind forecasts reflect the predominant speed and direction\nexpected. Sea forecasts represent an average of the highest\none-third of the combined wind wave and swell height.\n\n.TODAY...S wind 25 kt. Seas 5 ft.\n.TONIGHT...S wind 25 kt. Seas 5 ft.\n.SUN...SW wind 20 kt. Seas 5 ft.\n.SUN NIGHT...W wind 20 kt. Seas 5 ft.\n.MON THROUGH TUE...W wind 25 kt. Seas 5 ft.\n.WED...Variable wind 10 kt. Seas 3 ft.",
        "instruction": null,
        "response": "Avoid",
        "note": null,
        "parameters": {
          "AWIPSidentifier": [
            "CWFAER"
          ],
          "WMOidentifier": [
            "FZAK51 PAFC 261218"
          ],
          "NWSheadline": [
            "SMALL CRAFT ADVISORY THROUGH TONIGHT"
          ],
          "BLOCKCHANNEL": [
            "EAS",
            "NWEM",
            "CMAS"
          ],
          "VTEC": [
            "/O.NEW.PAFC.SC.Y.3190.260926T1200Z-260927T1300Z/"
          ],
          "eventEndingTime": [
            "2026-09-27T05:00:00-08:00"
          ]
        },
        "scope": "Public",
        "code": "IPAWSv1.0",
        "language": "en-US",
        "web": "http://www.weather.gov",
        "eventCode": {
          "SAME": [
            "NWS"
          ],
          "NationalWeatherService": [
            "SCY"
          ]
        }
      }
    },
    {
      "id": "https://api.weather.gov/alerts/urn:oid:2.49.0.1.840.0.3b9b26f6b9b31008b5d344b631ac11f572d1bc57.008.1",
      "type": "Feature",
      "geometry": null,
      "properties": {
        "@id": "https://api.weather.gov/alerts/urn:oid:2.49.0.1.840.0.3b9b26f6b9b31008b5d344b631ac11f572d1bc57.008.1",
        "@type": "wx:Alert",
        "id": "urn:oid:2.49.0.1.840.0.3b9b26f6b9b31008b5d344b631ac11f572d1bc57.008.1",
        "areaDesc": "Northwest Prince William Sound",
        "geocode": {
          "SAME": [
            "058724"
          ],
          "UGC": [
            "PKZ724"
          ]
        },
        "affectedZones": [
          "https://api.weather.gov/zones/forecast/PKZ724"
        ],
        "references": [],
        "sent": "2026-09-26T04:18:00-08:00",
        "effective": "2026-09-26T04:18:00-08:00",
        "onset": "2026-09-26T04:00:00-08:00",
        "expires": "2026-09-26T16:45:00-08:00",
        "ends": "2026-09-27T05:00:00-08:00",
        "status": "Actual",
        "messageType": "Alert",
        "category": "Met",
        "severity": "Minor",
        "certainty": "Likely",
        "urgency": "Expected",
        "event": "Small Craft Advisory",
        "sender": "w-nws.webmaster@noaa.gov",
        "senderName": "NWS Anchorage AK",
        "headline": "Small Craft Advisory issued September 26 at 4:18AM AKDT until September 27 at 5:00AM AKDT by NWS Anchorage AK",
        "description": "Coastal Waters Forecast for the Northern Gulf of Alaska Coast\nup to 100 nm out including Kodiak Island and Cook Inlet.\n\nWind forecasts reflect the predominant speed and direction\nexpected. Sea forecasts represent an average of the highest\none-third of the combined wind wave and swell height.\n\n.TODAY...E wind 30 kt. Seas 7 ft. Rain.\n.TONIGHT...E wind 25 kt. Seas 6 ft subsiding to 4 ft after\nmidnight.\nWidespread rain showers.\n.SUN...E wind 20 kt. Seas 4 ft. Widespread rain showers.\n.SUN NIGHT...NE wind 20 kt. Seas 4 ft.\n.MON...N wind 15 kt. Seas 2 ft.\n.TUE...NW wind 10 kt. Seas 2 ft.\n.WED...NE wind 10 kt. Seas 2 ft.",
        "instruction": null,
        "response": "Avoid",
        "note": null,
        "parameters": {
          "AWIPSidentifier": [
            "CWFAER"
          ],
          "WMOidentifier": [
            "FZAK51 PAFC 261218"
          ],
          "NWSheadline": [
            "SMALL CRAFT ADVISORY THROUGH TONIGHT"
          ],
          "BLOCKCHANNEL": [
            "EAS",
            "NWEM",
            "CMAS"
          ],
          "VTEC": [
            "/O.NEW.PAFC.SC.Y.3182.260926T1200Z-260927T1300Z/"
          ],
          "eventEndingTime": [
            "2026-09-27T05:00:00-08:00"
          ]
        },
        "scope": "Public",
        "code": "IPAWSv1.0",
        "language": "en-US",
        "web": "http://www.weather.gov",
        "eventCode": {
          "SAME": [
            "NWS"
          ],
          "NationalWeatherService": [
            "SCY"
          ]
        }
      }
    },
    {
      "id": "https://api.weather.gov/alerts/urn:oid:2.49.0.1.840.0.3b9b26f6b9b31008b5d344b631ac11f572d1bc57.015.1",
      "type": "Feature",
      "geometry": null,
      "properties": {
        "@id": "https://api.weather.gov/alerts/urn:oid:2.49.0.1.840.0.3b9b26f6b9b31008b5d344b631ac11f572d1bc57.015.1",
        "@type": "wx:Alert",
        "id": "urn:oid:2.49.0.1.840.0.3b9b26f6b9b31008b5d344b631ac11f572d1bc57.015.1",
        "areaDesc": "West of Barren Islands Including Kamishak Bay",
        "geocode": {
          "SAME": [
            "058730"
          ],
          "UGC": [
            "PKZ730"
          ]
        },
        "affectedZones": [
          "https://api.weather.gov/zones/forecast/PKZ730"
        ],
        "references": [],
        "sent": "2026-09-26T04:18:00-08:00",
        "effective": "2026-09-26T04:18:00-08:00",
        "onset": "2026-09-26T05:00:00-08:00",
        "expires": "2026-09-26T16:45:00-08:00",
        "ends": "2026-09-26T17:00:00-08:00",
        "status": "Actual",
        "messageType": "Alert",
        "category": "Met",
        "severity": "Minor",
        "certainty": "Likely",
        "urgency": "Expected",
        "event": "Small Craft Advisory",
        "sender": "w-nws.webmaster@noaa.gov",
        "senderName": "NWS Anchorage AK",
        "headline": "Small Craft Advisory issued September 26 at 4:18AM AKDT until September 26 at 5:00PM AKDT by NWS Anchorage AK",
        "description": "Coastal Waters Forecast for the Northern Gulf of Alaska Coast\nup to 100 nm out including Kodiak Island and Cook Inlet.\n\nWind forecasts reflect the predominant speed and direction\nexpected. Sea forecasts represent an average of the highest\none-third of the combined wind wave and swell height.\n\n.TODAY...SE wind 25 kt. Seas 6 ft.\n.TONIGHT...SE wind 20 kt. Seas 5 ft.\n.SUN...SE wind 15 kt. Seas 4 ft.\n.SUN NIGHT...NE wind 15 kt. Seas 3 ft.\n.MON THROUGH TUE...W wind 30 kt. Seas 8 ft.\n.WED...NW wind 20 kt. Seas 5 ft.",
        "instruction": null,
        "response": "Avoid",
        "note": null,
        "parameters": {
          "AWIPSidentifier": [
            "CWFAER"
          ],
          "WMOidentifier": [
            "FZAK51 PAFC 261218"
          ],
          "NWSheadline": [
            "SMALL CRAFT ADVISORY TODAY"
          ],
          "BLOCKCHANNEL": [
            "EAS",
            "NWEM",
            "CMAS"
          ],
          "VTEC": [
            "/O.NEW.PAFC.SC.Y.3185.260926T1300Z-260927T0100Z/"
          ],
          "eventEndingTime": [
            "2026-09-26T17:00:00-08:00"
          ]
        },
        "scope": "Public",
        "code": "IPAWSv1.0",
        "language": "en-US",
        "web": "http://www.weather.gov",
        "eventCode": {
          "SAME": [
            "NWS"
          ],
          "NationalWeatherService": [
            "SCY"
          ]
        }
      }
    },
    {
      "id": "https://api.weather.gov/alerts/urn:oid:2.49.0.1.840.0.3b9b26f6b9b31008b5d344b631ac11f572d1bc57.016.1",
      "type": "Feature",
      "geometry": null,
      "properties": {
        "@id": "https://api.weather.gov/alerts/urn:oid:2.49.0.1.840.0.3b9b26f6b9b31008b5d344b631ac11f572d1bc57.016.1",
        "@type": "wx:Alert",
        "id": "urn:oid:2.49.0.1.840.0.3b9b26f6b9b31008b5d344b631ac11f572d1bc57.016.1",
        "areaDesc": "Barren Islands East",
        "geocode": {
          "SAME": [
            "058731"
          ],
          "UGC": [
            "PKZ731"
          ]
        },
        "affectedZones": [
          "https://api.weather.gov/zones/forecast/PKZ731"
        ],
        "references": [],
        "sent": "2026-09-26T04:18:00-08:00",
        "effective": "2026-09-26T04:18:00-08:00",
        "onset": "2026-09-26T05:00:00-08:00",
        "expires": "2026-09-26T16:45:00-08:00",
        "ends": "2026-09-26T17:00:00-08:00",
        "status": "Actual",
        "messageType": "Alert",
        "category": "Met",
        "severity": "Minor",
        "certainty": "Likely",
        "urgency": "Expected",
        "event": "Small Craft Advisory",
        "sender": "w-nws.webmaster@noaa.gov",
        "senderName": "NWS Anchorage AK",
        "headline": "Small Craft Advisory issued September 26 at 4:18AM AKDT until September 26 at 5:00PM AKDT by NWS Anchorage AK",
        "description": "Coastal Waters Forecast for the Northern Gulf of Alaska Coast\nup to 100 nm out including Kodiak Island and Cook Inlet.\n\nWind forecasts reflect the predominant speed and direction\nexpected. Sea forecasts represent an average of the highest\none-third of the combined wind wave and swell height.\n\n.TODAY...SE wind 20 kt. Seas 8 ft.\n.TONIGHT...S wind 20 kt. Seas 7 ft.\n.SUN...S wind 15 kt. Seas 7 ft.\n.SUN NIGHT...Variable wind 10 kt. Seas 4 ft.\n.MON THROUGH TUE...W wind 25 kt. Seas 5 ft.\n.WED...NW wind 15 kt. Seas 5 ft.",
        "instruction": null,
        "response": "Avoid",
        "note": null,
        "parameters": {
          "AWIPSidentifier": [
            "CWFAER"
          ],
          "WMOidentifier": [
            "FZAK51 PAFC 261218"
          ],
          "NWSheadline": [
            "SMALL CRAFT ADVISORY TODAY"
          ],
          "BLOCKCHANNEL": [
            "EAS",
            "NWEM",
            "CMAS"
          ],
          "VTEC": [
            "/O.NEW.PAFC.SC.Y.3186.260926T1300Z-260927T0100Z/"
          ],
          "eventEndingTime": [
            "2026-09-26T17:00:00-08:00"
          ]
        },
        "scope": "Public",
        "code": "IPAWSv1.0",
        "language": "en-US",
        "web": "http://www.weather.gov",
        "eventCode": {
          "SAME": [
            "NWS"
          ],
          "NationalWeatherService": [
            "SCY"
          ]
        }
      }
    },
    {
      "id": "https://api.weather.gov/alerts/urn:oid:2.49.0.1.840.0.3b9b26f6b9b31008b5d344b631ac11f572d1bc57.002.1",
      "type": "Feature",
      "geometry": null,
      "properties": {
        "@id": "https://api.weather.gov/alerts/urn:oid:2.49.0.1.840.0.3b9b26f6b9b31008b5d344b631ac11f572d1bc57.002.1",
        "@type": "wx:Alert",
        "id": "urn:oid:2.49.0.1.840.0.3b9b26f6b9b31008b5d344b631ac11f572d1bc57.002.1",
        "areaDesc": "Cape Suckling to Gravel Point out to 15 NM",
        "geocode": {
          "SAME": [
            "058710"
          ],
          "UGC": [
            "PKZ710"
          ]
        },
        "affectedZones": [
          "https://api.weather.gov/zones/forecast/PKZ710"
        ],
        "references": [],
        "sent": "2026-09-26T04:18:00-08:00",
        "effective": "2026-09-26T04:18:00-08:00",
        "onset": "2026-09-26T05:00:00-08:00",
        "expires": "2026-09-26T16:45:00-08:00",
        "ends": "2026-09-26T17:00:00-08:00",
        "status": "Actual",
        "messageType": "Alert",
        "category": "Met",
        "severity": "Moderate",
        "certainty": "Likely",
        "urgency": "Expected",
        "event": "Gale Warning",
        "sender": "w-nws.webmaster@noaa.gov",
        "senderName": "NWS Anchorage AK",
        "headline": "Gale Warning issued September 26 at 4:18AM AKDT until September 26 at 5:00PM AKDT by NWS Anchorage AK",
        "description": "Coastal Waters Forecast for the Northern Gulf of Alaska Coast\nup to 100 nm out including Kodiak Island and Cook Inlet.\n\nWind forecasts reflect the predominant speed and direction\nexpected. Sea forecasts represent an average of the highest\none-third of the combined wind wave and swell height.\n\n.TODAY...E wind 35 kt. Seas 11 ft. Rain.\n.TONIGHT...E wind 30 kt. Seas 11 ft. Widespread rain showers.\n.SUN...SE wind 20 kt. Seas 7 ft. Rain showers.\n.SUN NIGHT...E wind 20 kt. Seas 8 ft.\n.MON...E wind 20 kt. Seas 7 ft.\n.TUE...Variable wind 10 kt. Seas 7 ft.\n.WED...SE wind 15 kt. Seas 5 ft.",
        "instruction": null,
        "response": "Avoid",
        "note": null,
        "parameters": {
          "AWIPSidentifier": [
            "CWFAER"
          ],
          "WMOidentifier": [
            "FZAK51 PAFC 261218"
          ],
          "NWSheadline": [
            "GALE WARNING TODAY"
          ],
          "BLOCKCHANNEL": [
            "EAS",
            "NWEM",
            "CMAS"
          ],
          "VTEC": [
            "/O.NEW.PAFC.GL.W.3177.260926T1300Z-260927T0100Z/"
          ],
          "eventEndingTime": [
            "2026-09-26T17:00:00-08:00"
          ]
        },
        "scope": "Public",
        "code": "IPAWSv1.0",
        "language": "en-US",
        "web": "http://www.weather.gov",
        "eventCode": {
          "SAME": [
            "NWS"
          ],
          "NationalWeatherService": [
            "GLW"
          ]
        }
      }
    },
    {
      "id": "https://api.weather.gov/alerts/urn:oid:2.49.0.1.840.0.3b9b26f6b9b31008b5d344b631ac11f572d1bc57.009.1",
      "type": "Feature",
      "geometry": null,
      "properties": {
        "@id": "https://api.weather.gov/alerts/urn:oid:2.49.0.1.840.0.3b9b26f6b9b31008b5d344b631ac11f572d1bc57.009.1",
        "@type": "wx:Alert",
        "id": "urn:oid:2.49.0.1.840.0.3b9b26f6b9b31008b5d344b631ac11f572d1bc57.009.1",
        "areaDesc": "Central and Eastern Prince William Sound",
        "geocode": {
          "SAME": [
            "058725"
          ],
          "UGC": [
            "PKZ725"
          ]
        },
        "affectedZones": [
          "https://api.weather.gov/zones/forecast/PKZ725"
        ],
        "references": [],
        "sent": "2026-09-26T04:18:00-08:00",
        "effective": "2026-09-26T04:18:00-08:00",
        "onset": "2026-09-26T04:00:00-08:00",
        "expires": "2026-09-26T16:45:00-08:00",
        "ends": "2026-09-27T05:00:00-08:00",
        "status": "Actual",
        "messageType": "Alert",
        "category": "Met",
        "severity": "Minor",
        "certainty": "Likely",
        "urgency": "Expected",
        "event": "Small Craft Advisory",
        "sender": "w-nws.webmaster@noaa.gov",
        "senderName": "NWS Anchorage AK",
        "headline": "Small Craft Advisory issued September 26 at 4:18AM AKDT until September 27 at 5:00AM AKDT by NWS Anchorage AK",
        "description": "Coastal Waters Forecast for the Northern Gulf of Alaska Coast\nup to 100 nm out including Kodiak Island and Cook Inlet.\n\nWind forecasts reflect the predominant speed and direction\nexpected. Sea forecasts represent an average of the highest\none-third of the combined wind wave and swell height.\n\n.TODAY...E wind 30 kt. Seas 7 ft. Rain.\n.TONIGHT...E wind 30 kt. Seas 7 ft subsiding to 4 ft after\nmidnight.\nWidespread rain showers.\n.SUN...E wind 20 kt. Seas 3 ft. Widespread rain showers.\n.SUN NIGHT...E wind 20 kt. Seas 4 ft.\n.MON...NE wind 15 kt. Seas 3 ft.\n.TUE THROUGH WED...E wind 10 kt. Seas 2 ft.",
        "instruction": null,
        "response": "Avoid",
        "note": null,
        "parameters": {
          "AWIPSidentifier": [
            "CWFAER"
          ],
          "WMOidentifier": [
            "FZAK51 PAFC 261218"
          ],
          "NWSheadline": [
            "SMALL CRAFT ADVISORY THROUGH TONIGHT"
          ],
          "BLOCKCHANNEL": [
            "EAS",
            "NWEM",
            "CMAS"
          ],
          "VTEC": [
            "/O.NEW.PAFC.SC.Y.3183.260926T1200Z-260927T1300Z/"
          ],
          "eventEndingTime": [
            "2026-09-27T05:00:00-08:00"
          ]
        },
        "scope": "Public",
        "code": "IPAWSv1.0",
        "language": "en-US",
        "web": "http://www.weather.gov",
        "eventCode": {
          "SAME": [
            "NWS"
          ],
          "NationalWeatherService": [
            "SCY"
          ]
        }
      }
    },
    {
      "id": "https://api.weather.gov/alerts/urn:oid:2.49.0.1.840.0.3b9b26f6b9b31008b5d344b631ac11f572d1bc57.010.1",
      "type": "Feature",
      "geometry": null,
      "properties": {
        "@id": "https://api.weather.gov/alerts/urn:oid:2.49.0.1.840.0.3b9b26f6b9b31008b5d344b631ac11f572d1bc57.010.1",
        "@type": "wx:Alert",
        "id": "urn:oid:2.49.0.1.840.0.3b9b26f6b9b31008b5d344b631ac11f572d1bc57.010.1",
        "areaDesc": "Southwest Prince William Sound",
        "geocode": {
          "SAME": [
            "058726"
          ],
          "UGC": [
            "PKZ726"
          ]
        },
        "affectedZones": [
          "https://api.weather.gov/zones/forecast/PKZ726"
        ],
        "references": [],
        "sent": "2026-09-26T04:18:00-08:00",
        "effective": "2026-09-26T04:18:00-08:00",
        "onset": "2026-09-26T04:00:00-08:00",
        "expires": "2026-09-26T16:45:00-08:00",
        "ends": "2026-09-27T05:00:00-08:00",
        "status": "Actual",
        "messageType": "Alert",
        "category": "Met",
        "severity": "Minor",
        "certainty": "Likely",
        "urgency": "Expected",
        "event": "Small Craft Advisory",
        "sender": "w-nws.webmaster@noaa.gov",
        "senderName": "NWS Anchorage AK",
        "headline": "Small Craft Advisory issued September 26 at 4:18AM AKDT until September 27 at 5:00AM AKDT by NWS Anchorage AK",
        "description": "Coastal Waters Forecast for the Northern Gulf of Alaska Coast\nup to 100 nm out including Kodiak Island and Cook Inlet.\n\nWind forecasts reflect the predominant speed and direction\nexpected. Sea forecasts represent an average of the highest\none-third of the combined wind wave and swell height.\n\n.TODAY...SE wind 30 kt. Seas 6 ft. Rain.\n.TONIGHT...SE wind 25 kt diminishing to 15 kt after midnight. Seas\n6 ft subsiding to 2 ft after midnight. Rain.\n.SUN...E wind 10 kt increasing to 15 kt in the afternoon. Seas 2\nft.\nRain showers.\n.SUN NIGHT...E wind 15 kt. Seas 3 ft.\n.MON...NE wind 15 kt. Seas 3 ft.\n.TUE...Variable wind less than 10 kt. Seas 2 ft.\n.WED...N wind 10 kt. Seas 2 ft.",
        "instruction": null,
        "response": "Avoid",
        "note": null,
        "parameters": {
          "AWIPSidentifier": [
            "CWFAER"
          ],
          "WMOidentifier": [
            "FZAK51 PAFC 261218"
          ],
          "NWSheadline": [
            "SMALL CRAFT ADVISORY THROUGH TONIGHT"
          ],
          "BLOCKCHANNEL": [
            "EAS",
            "NWEM",
            "CMAS"
          ],
          "VTEC": [
            "/O.NEW.PAFC.SC.Y.3184.260926T1200Z-260927T1300Z/"
          ],
          "eventEndingTime": [
            "2026-09-27T05:00:00-08:00"
          ]
        },
        "scope": "Public",
        "code": "IPAWSv1.0",
        "language": "en-US",
        "web": "http://www.weather.gov",
        "eventCode": {
          "SAME": [
            "NWS"
          ],
          "NationalWeatherService": [
            "SCY"
          ]
        }
      }
    },
    {
      "id": "https://api.weather.gov/alerts/urn:oid:2.49.0.1.840.0.3b9b26f6b9b31008b5d344b631ac11f572d1bc57.017.1",
      "type": "Feature",
      "geometry": null,
      "properties": {
        "@id": "https://api.weather.gov/alerts/urn:oid:2.49.0.1.840.0.3b9b26f6b9b31008b5d344b631ac11f572d1bc57.017.1",
        "@type": "wx:Alert",
        "id": "urn:oid:2.49.0.1.840.0.3b9b26f6b9b31008b5d344b631ac11f572d1bc57.017.1",
        "areaDesc": "Gore Point to Marmot Island from 15 to 80 NM",
        "geocode": {
          "SAME": [
            "058733"
          ],
          "UGC": [
            "PKZ733"
          ]
        },
        "affectedZones": [
          "https://api.weather.gov/zones/forecast/PKZ733"
        ],
        "references": [],
        "sent": "2026-09-26T04:18:00-08:00",
        "effective": "2026-09-26T04:18:00-08:00",
        "onset": "2026-09-26T04:00:00-08:00",
        "expires": "2026-09-26T16:45:00-08:00",
        "ends": "2026-09-27T17:00:00-08:00",
        "status": "Actual",
        "messageType": "Alert",
        "category": "Met",
        "severity": "Minor",
        "certainty": "Likely",
        "urgency": "Expected",
        "event": "Small Craft Advisory",
        "sender": "w-nws.webmaster@noaa.gov",
        "senderName": "NWS Anchorage AK",
        "headline": "Small Craft Advisory issued September 26 at 4:18AM AKDT until September 27 at 5:00PM AKDT by NWS Anchorage AK",
        "description": "Coastal Waters Forecast for the Northern Gulf of Alaska Coast\nup to 100 nm out including Kodiak Island and Cook Inlet.\n\nWind forecasts reflect the predominant speed and direction\nexpected. Sea forecasts represent an average of the highest\none-third of the combined wind wave and swell height.\n\n.TODAY...S wind 20 kt. Seas 10 ft. Widespread rain showers.\n.TONIGHT...S wind 20 kt. Seas 10 ft.\n.SUN...S wind 20 kt. Seas 10 ft.\n.SUN NIGHT...SW wind 20 kt. Seas 8 ft.\n.MON THROUGH TUE...NW wind 25 kt. Seas 7 ft.\n.WED...W wind 15 kt. Seas 8 ft.",
        "instruction": null,
        "response": "Avoid",
        "note": null,
        "parameters": {
          "AWIPSidentifier": [
            "CWFAER"
          ],
          "WMOidentifier": [
            "FZAK51 PAFC 261218"
          ],
          "NWSheadline": [
            "SMALL CRAFT ADVISORY THROUGH SUNDAY"
          ],
          "BLOCKCHANNEL": [
            "EAS",
            "NWEM",
            "CMAS"
          ],
          "VTEC": [
            "/O.NEW.PAFC.SC.Y.3187.260926T1200Z-260928T0100Z/"
          ],
          "eventEndingTime": [
            "2026-09-27T17:00:00-08:00"
          ]
        },
        "scope": "Public",
        "code": "IPAWSv1.0",
        "language": "en-US",
        "web": "http://www.weather.gov",
        "eventCode": {
          "SAME": [
            "NWS"
          ],
          "NationalWeatherService": [
            "SCY"
          ]
        }
      }
    },
    {
      "id": "https://api.weather.gov/alerts/urn:oid:2.49.0.1.840.0.3b9b26f6b9b31008b5d344b631ac11f572d1bc57.018.1",
      "type": "Feature",
      "geometry": null,
      "properties": {
        "@id": "https://api.weather.gov/alerts/urn:oid:2.49.0.1.840.0.3b9b26f6b9b31008b5d344b631ac11f572d1bc57.018.1",
        "@type": "wx:Alert",
        "id": "urn:oid:2.49.0.1.840.0.3b9b26f6b9b31008b5d344b631ac11f572d1bc57.018.1",
        "areaDesc": "Marmot Island to Sitkinak out to 15 NM",
        "geocode": {
          "SAME": [
            "058732"
          ],
          "UGC": [
            "PKZ732"
          ]
        },
        "affectedZones": [
          "https://api.weather.gov/zones/forecast/PKZ732"
        ],
        "references": [],
        "sent": "2026-09-26T04:18:00-08:00",
        "effective": "2026-09-26T04:18:00-08:00",
        "onset": "2026-09-26T04:00:00-08:00",
        "expires": "2026-09-26T16:45:00-08:00",
        "ends": "2026-09-27T17:00:00-08:00",
        "status": "Actual",
        "messageType": "Alert",
        "category": "Met",
        "severity": "Minor",
        "certainty": "Likely",
        "urgency": "Expected",
        "event": "Small Craft Advisory",
        "sender": "w-nws.webmaster@noaa.gov",
        "senderName": "NWS Anchorage AK",
        "headline": "Small Craft Advisory issued September 26 at 4:18AM AKDT until September 27 at 5:00PM AKDT by NWS Anchorage AK",
        "description": "Coastal Waters Forecast for the Northern Gulf of Alaska Coast\nup to 100 nm out including Kodiak Island and Cook Inlet.\n\nWind forecasts reflect the predominant speed and direction\nexpected. Sea forecasts represent an average of the highest\none-third of the combined wind wave and swell height.\n\n.TODAY...S wind 25 kt. Seas 10 ft. Rain showers.\n.TONIGHT...SW wind 25 kt. Seas 10 ft.\n.SUN...SW wind 25 kt. Seas 10 ft.\n.SUN NIGHT...SW wind 20 kt. Seas 8 ft.\n.MON THROUGH TUE...W wind 25 kt. Seas 5 ft.\n.WED...W wind 15 kt. Seas 4 ft.",
        "instruction": null,
        "response": "Avoid",
        "note": null,
        "parameters": {
          "AWIPSidentifier": [
            "CWFAER"
          ],
          "WMOidentifier": [
            "FZAK51 PAFC 261218"
          ],
          "NWSheadline": [
            "SMALL CRAFT ADVISORY THROUGH SUNDAY"
          ],
          "BLOCKCHANNEL": [
            "EAS",
            "NWEM",
            "CMAS"
          ],
          "VTEC": [
            "/O.NEW.PAFC.SC.Y.3188.260926T1200Z-260928T0100Z/"
          ],
          "eventEndingTime": [
            "2026-09-27T17:00:00-08:00"
          ]
        },
        "scope": "Public",
        "code": "IPAWSv1.0",
        "language": "en-US",
        "web": "http://www.weather.gov",
        "eventCode": {
          "SAME": [
            "NWS"
          ],
          "NationalWeatherService": [
            "SCY"
          ]
        }
      }
    },
    {
      "id": "https://api.weather.gov/alerts/urn:oid:2.49.0.1.840.0.3b9b26f6b9b31008b5d344b631ac11f572d1bc57.005.1",
      "type": "Feature",
      "geometry": null,
      "properties": {
        "@id": "https://api.weather.gov/alerts/urn:oid:2.49.0.1.840.0.3b9b26f6b9b31008b5d344b631ac11f572d1bc57.005.1",
        "@type": "wx:Alert",
        "id": "urn:oid:2.49.0.1.840.0.3b9b26f6b9b31008b5d344b631ac11f572d1bc57.005.1",
        "areaDesc": "Cape Cleare to Gore Point out to 15 NM",
        "geocode": {
          "SAME": [
            "058715"
          ],
          "UGC": [
            "PKZ715"
          ]
        },
        "affectedZones": [
          "https://api.weather.gov/zones/forecast/PKZ715"
        ],
        "references": [],
        "sent": "2026-09-26T04:18:00-08:00",
        "effective": "2026-09-26T04:18:00-08:00",
        "onset": "2026-09-26T04:00:00-08:00",
        "expires": "2026-09-26T16:45:00-08:00",
        "ends": "2026-09-27T17:00:00-08:00",
        "status": "Actual",
        "messageType": "Alert",
        "category": "Met",
        "severity": "Minor",
        "certainty": "Likely",
        "urgency": "Expected",
        "event": "Small Craft Advisory",
        "sender": "w-nws.webmaster@noaa.gov",
        "senderName": "NWS Anchorage AK",
        "headline": "Small Craft Advisory issued September 26 at 4:18AM AKDT until September 27 at 5:00PM AKDT by NWS Anchorage AK",
        "description": "Coastal Waters Forecast for the Northern Gulf of Alaska Coast\nup to 100 nm out including Kodiak Island and Cook Inlet.\n\nWind forecasts reflect the predominant speed and direction\nexpected. Sea forecasts represent an average of the highest\none-third of the combined wind wave and swell height.\n\n.TODAY...SE wind 20 kt. Seas 8 ft. Rain.\n.TONIGHT...S wind 20 kt. Seas 8 ft. Rain.\n.SUN...SE wind 15 kt. Seas 8 ft. Rain showers.\n.SUN NIGHT...Variable wind 10 kt. Seas 5 ft.\n.MON...Variable wind 10 kt. Seas 5 ft.\n.TUE THROUGH WED...Variable wind 10 kt. Seas 4 ft.",
        "instruction": null,
        "response": "Avoid",
        "note": null,
        "parameters": {
          "AWIPSidentifier": [
            "CWFAER"
          ],
          "WMOidentifier": [
            "FZAK51 PAFC 261218"
          ],
          "NWSheadline": [
            "SMALL CRAFT ADVISORY THROUGH SUNDAY"
          ],
          "BLOCKCHANNEL": [
            "EAS",
            "NWEM",
            "CMAS"
          ],
          "VTEC": [
            "/O.NEW.PAFC.SC.Y.3180.260926T1200Z-260928T0100Z/"
          ],
          "eventEndingTime": [
            "2026-09-27T17:00:00-08:00"
          ]
        },
        "scope": "Public",
        "code": "IPAWSv1.0",
        "language": "en-US",
        "web": "http://www.weather.gov",
        "eventCode": {
          "SAME": [
            "NWS"
          ],
          "NationalWeatherService": [
            "SCY"
          ]
        }
      }
    },
    {
      "id": "https://api.weather.gov/alerts/urn:oid:2.49.0.1.840.0.3b9b26f6b9b31008b5d344b631ac11f572d1bc57.019.1",
      "type": "Feature",
      "geometry": null,
      "properties": {
        "@id": "https://api.weather.gov/alerts/urn:oid:2.49.0.1.840.0.3b9b26f6b9b31008b5d344b631ac11f572d1bc57.019.1",
        "@type": "wx:Alert",
        "id": "urn:oid:2.49.0.1.840.0.3b9b26f6b9b31008b5d344b631ac11f572d1bc57.019.1",
        "areaDesc": "Marmot Island To Sitkinak from 15 to 85 NM",
        "geocode": {
          "SAME": [
            "058734"
          ],
          "UGC": [
            "PKZ734"
          ]
        },
        "affectedZones": [
          "https://api.weather.gov/zones/forecast/PKZ734"
        ],
        "references": [],
        "sent": "2026-09-26T04:18:00-08:00",
        "effective": "2026-09-26T04:18:00-08:00",
        "onset": "2026-09-26T04:00:00-08:00",
        "expires": "2026-09-26T16:45:00-08:00",
        "ends": "2026-09-27T17:00:00-08:00",
        "status": "Actual",
        "messageType": "Alert",
        "category": "Met",
        "severity": "Minor",
        "certainty": "Likely",
        "urgency": "Expected",
        "event": "Small Craft Advisory",
        "sender": "w-nws.webmaster@noaa.gov",
        "senderName": "NWS Anchorage AK",
        "headline": "Small Craft Advisory issued September 26 at 4:18AM AKDT until September 27 at 5:00PM AKDT by NWS Anchorage AK",
        "description": "Coastal Waters Forecast for the Northern Gulf of Alaska Coast\nup to 100 nm out including Kodiak Island and Cook Inlet.\n\nWind forecasts reflect the predominant speed and direction\nexpected. Sea forecasts represent an average of the highest\none-third of the combined wind wave and swell height.\n\n.TODAY...S wind 25 kt. Seas 13 ft. Widespread rain showers.\n.TONIGHT...SW wind 30 kt. Seas 15 ft.\n.SUN...SW wind 25 kt. Seas 15 ft.\n.SUN NIGHT...W wind 25 kt. Seas 12 ft.\n.MON...W wind 30 kt. Seas 9 ft.\n.TUE...W wind 25 kt. Seas 8 ft.\n.WED...W wind 15 kt. Seas 8 ft.",
        "instruction": null,
        "response": "Avoid",
        "note": null,
        "parameters": {
          "AWIPSidentifier": [
            "CWFAER"
          ],
          "WMOidentifier": [
            "FZAK51 PAFC 261218"
          ],
          "NWSheadline": [
            "SMALL CRAFT ADVISORY THROUGH SUNDAY"
          ],
          "BLOCKCHANNEL": [
            "EAS",
            "NWEM",
            "CMAS"
          ],
          "VTEC": [
            "/O.NEW.PAFC.SC.Y.3189.260926T1200Z-260928T0100Z/"
          ],
          "eventEndingTime": [
            "2026-09-27T17:00:00-08:00"
          ]
        },
        "scope": "Public",
        "code": "IPAWSv1.0",
        "language": "en-US",
        "web": "http://www.weather.gov",
        "eventCode": {
          "SAME": [
            "NWS"
          ],
          "NationalWeatherService": [
            "SCY"
          ]
        }
      }
    },
    {
      "id": "https://api.weather.gov/alerts/urn:oid:2.49.0.1.840.0.3b9b26f6b9b31008b5d344b631ac11f572d1bc57.004.1",
      "type": "Feature",
      "geometry": null,
      "properties": {
        "@id": "https://api.weather.gov/alerts/urn:oid:2.49.0.1.840.0.3b9b26f6b9b31008b5d344b631ac11f572d1bc57.004.1",
        "@type": "wx:Alert",
        "id": "urn:oid:2.49.0.1.840.0.3b9b26f6b9b31008b5d344b631ac11f572d1bc57.004.1",
        "areaDesc": "Cape Suckling to Cape Cleare from 15 to 75 NM",
        "geocode": {
          "SAME": [
            "058712"
          ],
          "UGC": [
            "PKZ712"
          ]
        },
        "affectedZones": [
          "https://api.weather.gov/zones/forecast/PKZ712"
        ],
        "references": [],
        "sent": "2026-09-26T04:18:00-08:00",
        "effective": "2026-09-26T04:18:00-08:00",
        "onset": "2026-09-26T04:00:00-08:00",
        "expires": "2026-09-26T16:45:00-08:00",
        "ends": "2026-09-27T17:00:00-08:00",
        "status": "Actual",
        "messageType": "Alert",
        "category": "Met",
        "severity": "Minor",
        "certainty": "Likely",
        "urgency": "Expected",
        "event": "Small Craft Advisory",
        "sender": "w-nws.webmaster@noaa.gov",
        "senderName": "NWS Anchorage AK",
        "headline": "Small Craft Advisory issued September 26 at 4:18AM AKDT until September 27 at 5:00PM AKDT by NWS Anchorage AK",
        "description": "Coastal Waters Forecast for the Northern Gulf of Alaska Coast\nup to 100 nm out including Kodiak Island and Cook Inlet.\n\nWind forecasts reflect the predominant speed and direction\nexpected. Sea forecasts represent an average of the highest\none-third of the combined wind wave and swell height.\n\n.TODAY...SE wind 25 kt. Seas 11 ft.\n.TONIGHT...S wind 25 kt diminishing to 15 kt after midnight. Seas\n11 ft.\n.SUN...S wind 20 kt. Seas 10 ft.\n.SUN NIGHT...S wind 15 kt. Seas 9 ft.\n.MON...SE wind 15 kt. Seas 7 ft.\n.TUE...Variable wind 10 kt. Seas 7 ft.\n.WED...Variable wind 10 kt. Seas 6 ft.",
        "instruction": null,
        "response": "Avoid",
        "note": null,
        "parameters": {
          "AWIPSidentifier": [
            "CWFAER"
          ],
          "WMOidentifier": [
            "FZAK51 PAFC 261218"
          ],
          "NWSheadline": [
            "SMALL CRAFT ADVISORY THROUGH SUNDAY"
          ],
          "BLOCKCHANNEL": [
            "EAS",
            "NWEM",
            "CMAS"
          ],
          "VTEC": [
            "/O.NEW.PAFC.SC.Y.3179.260926T1200Z-260928T0100Z/"
          ],
          "eventEndingTime": [
            "2026-09-27T17:00:00-08:00"
          ]
        },
        "scope": "Public",
        "code": "IPAWSv1.0",
        "language": "en-US",
        "web": "http://www.weather.gov",
        "eventCode": {
          "SAME": [
            "NWS"
          ],
          "NationalWeatherService": [
            "SCY"
          ]
        }
      }
    },
    {
      "id": "https://api.weather.gov/alerts/urn:oid:2.49.0.1.840.0.ff2206e5a370305a9e21b4ffe5e3cd484bc3b706.001.1",
      "type": "Feature",
      "geometry": null,
      "properties": {
        "@id": "https://api.weather.gov/alerts/urn:oid:2.49.0.1.840.0.ff2206e5a370305a9e21b4ffe5e3cd484bc3b706.001.1",
        "@type": "wx:Alert",
        "id": "urn:oid:2.49.0.1.840.0.ff2206e5a370305a9e21b4ffe5e3cd484bc3b706.001.1",
        "areaDesc": "Yakutat Bay",
        "geocode": {
          "SAME": [
            "058053"
          ],
          "UGC": [
            "PKZ053"
          ]
        },
        "affectedZones": [
          "https://api.weather.gov/zones/forecast/PKZ053"
        ],
        "references": [],
        "sent": "2026-09-26T02:59:00-08:00",
        "effective": "2026-09-26T02:59:00-08:00",
        "onset": "2026-09-26T02:00:00-08:00",
        "expires": "2026-09-26T21:00:00-08:00",
        "ends": "2026-09-27T05:00:00-08:00",
        "status": "Actual",
        "messageType": "Alert",
        "category": "Met",
        "severity": "Minor",
        "certainty": "Likely",
        "urgency": "Expected",
        "event": "Small Craft Advisory",
        "sender": "w-nws.webmaster@noaa.gov",
        "senderName": "NWS Juneau AK",
        "headline": "Small Craft Advisory issued September 26 at 2:59AM AKDT until September 27 at 5:00AM AKDT by NWS Juneau AK",
        "description": "Coastal Waters Forecast for Yakutat Bay\n\nWind forecasts reflect the predominant speed and direction\nexpected. Sea forecasts represent the average of the highest\none-third of the combined windwave and swell height.\n\n.TODAY...E wind 20 kt. Seas 10 ft. Rain.\n.TONIGHT...E wind 20 kt. Seas 9 ft. Rain.\n.SUN...E wind 25 kt. Seas 8 ft. Rain.\n.SUN NIGHT...E wind 20 kt. Seas 8 ft. Rain.\n.MON...E wind 20 kt. Seas 7 ft.\n.TUE...E wind 10 kt. Seas 6 ft.\n.WED...E wind 15 kt. Seas 5 ft.",
        "instruction": null,
        "response": "Avoid",
        "note": null,
        "parameters": {
          "AWIPSidentifier": [
            "CWFYAK"
          ],
          "WMOidentifier": [
            "FZAK53 PAJK 261059"
          ],
          "NWSheadline": [
            "SMALL CRAFT ADVISORY THROUGH LATE TONIGHT"
          ],
          "BLOCKCHANNEL": [
            "EAS",
            "NWEM",
            "CMAS"
          ],
          "VTEC": [
            "/O.NEW.PAJK.SC.Y.1683.260926T1000Z-260927T1300Z/"
          ],
          "eventEndingTime": [
            "2026-09-27T05:00:00-08:00"
          ]
        },
        "scope": "Public",
        "code": "IPAWSv1.0",
        "language": "en-US",
        "web": "http://www.weather.gov",
        "eventCode": {
          "SAME": [
            "NWS"
          ],
          "NationalWeatherService": [
            "SCY"
          ]
        }
      }
    },
    {
      "id": "https://api.weather.gov/alerts/urn:oid:2.49.0.1.840.0.2fefa1f46e4b170b32ea52e5ae7c8ae47b5b48fa.010.1",
      "type": "Feature",
      "geometry": null,
      "properties": {
        "@id": "https://api.weather.gov/alerts/urn:oid:2.49.0.1.840.0.2fefa1f46e4b170b32ea52e5ae7c8ae47b5b48fa.010.1",
        "@type": "wx:Alert",
        "id": "urn:oid:2.49.0.1.840.0.2fefa1f46e4b170b32ea52e5ae7c8ae47b5b48fa.010.1",
        "areaDesc": "Cape Fairweather to Icy Cape out to 15 NM",
        "geocode": {
          "SAME": [
            "058651"
          ],
          "UGC": [
            "PKZ651"
          ]
        },
        "affectedZones": [
          "https://api.weather.gov/zones/forecast/PKZ651"
        ],
        "references": [],
        "sent": "2026-09-26T02:58:00-08:00",
        "effective": "2026-09-26T02:58:00-08:00",
        "onset": "2026-09-26T02:00:00-08:00",
        "expires": "2026-09-26T21:00:00-08:00",
        "ends": "2026-09-27T05:00:00-08:00",
        "status": "Actual",
        "messageType": "Alert",
        "category": "Met",
        "severity": "Minor",
        "certainty": "Likely",
        "urgency": "Expected",
        "event": "Small Craft Advisory",
        "sender": "w-nws.webmaster@noaa.gov",
        "senderName": "NWS Juneau AK",
        "headline": "Small Craft Advisory issued September 26 at 2:58AM AKDT until September 27 at 5:00AM AKDT by NWS Juneau AK",
        "description": "Southeast Alaska Coastal Waters from Dixon Entrance to\nCape Suckling out 100 NM\n\nWind forecasts reflect the predominant speed and direction\nexpected. Seas forecasts represent the average of the highest\none-third of the combined windwave and swell height.\n\n.TODAY...SE wind 25 kt. Seas 13 ft. Rain.\n.TONIGHT...SE wind 25 kt. Seas 11 ft. Rain.\n.SUN...SE wind 20 kt. Seas 9 ft. Rain.\n.SUN NIGHT...SE wind 15 kt. Seas 9 ft. Rain.\n.MON...SE wind 20 kt. Seas 8 ft.\n.TUE...E wind 15 kt. Seas 6 ft.\n.WED...E wind 15 kt. Seas 6 ft.",
        "instruction": null,
        "response": "Avoid",
        "note": null,
        "parameters": {
          "AWIPSidentifier": [
            "CWFAEG"
          ],
          "WMOidentifier": [
            "FZAK52 PAJK 261058"
          ],
          "NWSheadline": [
            "SMALL CRAFT ADVISORY THROUGH LATE TONIGHT"
          ],
          "BLOCKCHANNEL": [
            "EAS",
            "NWEM",
            "CMAS"
          ],
          "VTEC": [
            "/O.NEW.PAJK.SC.Y.2756.260926T1000Z-260927T1300Z/"
          ],
          "eventEndingTime": [
            "2026-09-27T05:00:00-08:00"
          ]
        },
        "scope": "Public",
        "code": "IPAWSv1.0",
        "language": "en-US",
        "web": "http://www.weather.gov",
        "eventCode": {
          "SAME": [
            "NWS"
          ],
          "NationalWeatherService": [
            "SCY"
          ]
        }
      }
    },
    {
      "id": "https://api.weather.gov/alerts/urn:oid:2.49.0.1.840.0.2fefa1f46e4b170b32ea52e5ae7c8ae47b5b48fa.011.1",
      "type": "Feature",
      "geometry": null,
      "properties": {
        "@id": "https://api.weather.gov/alerts/urn:oid:2.49.0.1.840.0.2fefa1f46e4b170b32ea52e5ae7c8ae47b5b48fa.011.1",
        "@type": "wx:Alert",
        "id": "urn:oid:2.49.0.1.840.0.2fefa1f46e4b170b32ea52e5ae7c8ae47b5b48fa.011.1",
        "areaDesc": "Cape Fairweather to Icy Cape from 15 to 80 NM",
        "geocode": {
          "SAME": [
            "058671"
          ],
          "UGC": [
            "PKZ671"
          ]
        },
        "affectedZones": [
          "https://api.weather.gov/zones/forecast/PKZ671"
        ],
        "references": [],
        "sent": "2026-09-26T02:58:00-08:00",
        "effective": "2026-09-26T02:58:00-08:00",
        "onset": "2026-09-26T02:00:00-08:00",
        "expires": "2026-09-26T21:00:00-08:00",
        "ends": "2026-09-27T05:00:00-08:00",
        "status": "Actual",
        "messageType": "Alert",
        "category": "Met",
        "severity": "Minor",
        "certainty": "Likely",
        "urgency": "Expected",
        "event": "Small Craft Advisory",
        "sender": "w-nws.webmaster@noaa.gov",
        "senderName": "NWS Juneau AK",
        "headline": "Small Craft Advisory issued September 26 at 2:58AM AKDT until September 27 at 5:00AM AKDT by NWS Juneau AK",
        "description": "Southeast Alaska Coastal Waters from Dixon Entrance to\nCape Suckling out 100 NM\n\nWind forecasts reflect the predominant speed and direction\nexpected. Seas forecasts represent the average of the highest\none-third of the combined windwave and swell height.\n\n.TODAY...SE wind 30 kt. Seas 13 ft. Rain.\n.TONIGHT...S wind 25 kt. Seas 10 ft. Rain.\n.SUN...S wind 15 kt. Seas 9 ft. Rain in the morning.\n.SUN NIGHT...S wind 15 kt. Seas 9 ft. Rain.\n.MON...S wind 15 kt. Seas 9 ft.\n.TUE...SE wind 10 kt. Seas 6 ft.\n.WED...S wind 10 kt. Seas 7 ft.",
        "instruction": null,
        "response": "Avoid",
        "note": null,
        "parameters": {
          "AWIPSidentifier": [
            "CWFAEG"
          ],
          "WMOidentifier": [
            "FZAK52 PAJK 261058"
          ],
          "NWSheadline": [
            "SMALL CRAFT ADVISORY THROUGH LATE TONIGHT"
          ],
          "BLOCKCHANNEL": [
            "EAS",
            "NWEM",
            "CMAS"
          ],
          "VTEC": [
            "/O.NEW.PAJK.SC.Y.2757.260926T1000Z-260927T1300Z/"
          ],
          "eventEndingTime": [
            "2026-09-27T05:00:00-08:00"
          ]
        },
        "scope": "Public",
        "code": "IPAWSv1.0",
        "language": "en-US",
        "web": "http://www.weather.gov",
        "eventCode": {
          "SAME": [
            "NWS"
          ],
          "NationalWeatherService": [
            "SCY"
          ]
        }
      }
    },
    {
      "id": "https://api.weather.gov/alerts/urn:oid:2.49.0.1.840.0.8017c5714eda13b84a381b9d6adf464e9a441b5f.007.1",
      "type": "Feature",
      "geometry": null,
      "properties": {
        "@id": "https://api.weather.gov/alerts/urn:oid:2.49.0.1.840.0.8017c5714eda13b84a381b9d6adf464e9a441b5f.007.1",
        "@type": "wx:Alert",
        "id": "urn:oid:2.49.0.1.840.0.8017c5714eda13b84a381b9d6adf464e9a441b5f.007.1",
        "areaDesc": "Stephens Passage",
        "geocode": {
          "SAME": [
            "058031"
          ],
          "UGC": [
            "PKZ031"
          ]
        },
        "affectedZones": [
          "https://api.weather.gov/zones/forecast/PKZ031"
        ],
        "references": [],
        "sent": "2026-09-26T02:58:00-08:00",
        "effective": "2026-09-26T02:58:00-08:00",
        "onset": "2026-09-26T02:00:00-08:00",
        "expires": "2026-09-26T18:30:00-08:00",
        "ends": "2026-09-27T05:00:00-08:00",
        "status": "Actual",
        "messageType": "Alert",
        "category": "Met",
        "severity": "Minor",
        "certainty": "Likely",
        "urgency": "Expected",
        "event": "Small Craft Advisory",
        "sender": "w-nws.webmaster@noaa.gov",
        "senderName": "NWS Juneau AK",
        "headline": "Small Craft Advisory issued September 26 at 2:58AM AKDT until September 27 at 5:00AM AKDT by NWS Juneau AK",
        "description": "Southeast Alaska Inside Waters from Dixon Entrance to Skagway\n\nWind forecasts reflect the predominant speed and direction\nexpected. Sea forecasts represent the average of the highest\none-third of the combined windwave and swell height.\n\n.TODAY...SE wind 15 kt. Seas building to 4 ft. Rain.\n.TONIGHT...SE wind 25 kt. Seas 5 ft. Rain.\n.SUN...SE wind 25 kt. Seas 5 ft. Rain.\n.SUN NIGHT...SE wind 25 kt. Seas 5 ft. Rain.\n.MON...SE wind 20 kt. Seas 4 ft.\n.TUE...SE wind 20 kt. Seas 4 ft.\n.WED...SE wind 15 kt. Seas 2 ft or less.",
        "instruction": null,
        "response": "Avoid",
        "note": null,
        "parameters": {
          "AWIPSidentifier": [
            "CWFAJK"
          ],
          "WMOidentifier": [
            "FZAK51 PAJK 261058"
          ],
          "NWSheadline": [
            "SMALL CRAFT ADVISORY THIS EVENING THROUGH LATE TONIGHT"
          ],
          "BLOCKCHANNEL": [
            "EAS",
            "NWEM",
            "CMAS"
          ],
          "VTEC": [
            "/O.NEW.PAJK.SC.Y.7587.260926T1000Z-260927T1300Z/"
          ],
          "eventEndingTime": [
            "2026-09-27T05:00:00-08:00"
          ]
        },
        "scope": "Public",
        "code": "IPAWSv1.0",
        "language": "en-US",
        "web": "http://www.weather.gov",
        "eventCode": {
          "SAME": [
            "NWS"
          ],
          "NationalWeatherService": [
            "SCY"
          ]
        }
      }
    },
    {
      "id": "https://api.weather.gov/alerts/urn:oid:2.49.0.1.840.0.2fefa1f46e4b170b32ea52e5ae7c8ae47b5b48fa.009.1",
      "type": "Feature",
      "geometry": null,
      "properties": {
        "@id": "https://api.weather.gov/alerts/urn:oid:2.49.0.1.840.0.2fefa1f46e4b170b32ea52e5ae7c8ae47b5b48fa.009.1",
        "@type": "wx:Alert",
        "id": "urn:oid:2.49.0.1.840.0.2fefa1f46e4b170b32ea52e5ae7c8ae47b5b48fa.009.1",
        "areaDesc": "Cape Spencer to Cape Fairweather from 15 to 85 NM",
        "geocode": {
          "SAME": [
            "058664"
          ],
          "UGC": [
            "PKZ664"
          ]
        },
        "affectedZones": [
          "https://api.weather.gov/zones/forecast/PKZ664"
        ],
        "references": [],
        "sent": "2026-09-26T02:58:00-08:00",
        "effective": "2026-09-26T02:58:00-08:00",
        "onset": "2026-09-26T02:00:00-08:00",
        "expires": "2026-09-26T21:00:00-08:00",
        "ends": "2026-09-27T05:00:00-08:00",
        "status": "Actual",
        "messageType": "Alert",
        "category": "Met",
        "severity": "Minor",
        "certainty": "Likely",
        "urgency": "Expected",
        "event": "Small Craft Advisory",
        "sender": "w-nws.webmaster@noaa.gov",
        "senderName": "NWS Juneau AK",
        "headline": "Small Craft Advisory issued September 26 at 2:58AM AKDT until September 27 at 5:00AM AKDT by NWS Juneau AK",
        "description": "Southeast Alaska Coastal Waters from Dixon Entrance to\nCape Suckling out 100 NM\n\nWind forecasts reflect the predominant speed and direction\nexpected. Seas forecasts represent the average of the highest\none-third of the combined windwave and swell height.\n\n.TODAY...S wind 25 kt. Seas 12 ft. Rain.\n.TONIGHT...S wind 20 kt. Seas 10 ft. Rain.\n.SUN...S wind 15 kt. Seas 10 ft. Rain in the morning.\n.SUN NIGHT...SW wind 15 kt. Seas 10 ft. Rain.\n.MON...S wind 15 kt. Seas 9 ft.\n.TUE...SW wind 10 kt. Seas 7 ft.\n.WED...S wind 10 kt. Seas 7 ft.",
        "instruction": null,
        "response": "Avoid",
        "note": null,
        "parameters": {
          "AWIPSidentifier": [
            "CWFAEG"
          ],
          "WMOidentifier": [
            "FZAK52 PAJK 261058"
          ],
          "NWSheadline": [
            "SMALL CRAFT ADVISORY THROUGH LATE TONIGHT"
          ],
          "BLOCKCHANNEL": [
            "EAS",
            "NWEM",
            "CMAS"
          ],
          "VTEC": [
            "/O.NEW.PAJK.SC.Y.2755.260926T1000Z-260927T1300Z/"
          ],
          "eventEndingTime": [
            "2026-09-27T05:00:00-08:00"
          ]
        },
        "scope": "Public",
        "code": "IPAWSv1.0",
        "language": "en-US",
        "web": "http://www.weather.gov",
        "eventCode": {
          "SAME": [
            "NWS"
          ],
          "NationalWeatherService": [
            "SCY"
          ]
        }
      }
    },
    {
      "id": "https://api.weather.gov/alerts/urn:oid:2.49.0.1.840.0.2fefa1f46e4b170b32ea52e5ae7c8ae47b5b48fa.003.1",
      "type": "Feature",
      "geometry": null,
      "properties": {
        "@id": "https://api.weather.gov/alerts/urn:oid:2.49.0.1.840.0.2fefa1f46e4b170b32ea52e5ae7c8ae47b5b48fa.003.1",
        "@type": "wx:Alert",
        "id": "urn:oid:2.49.0.1.840.0.2fefa1f46e4b170b32ea52e5ae7c8ae47b5b48fa.003.1",
        "areaDesc": "Dixon Entrance to Cape Decision from 15 to 90 NM",
        "geocode": {
          "SAME": [
            "058661"
          ],
          "UGC": [
            "PKZ661"
          ]
        },
        "affectedZones": [
          "https://api.weather.gov/zones/forecast/PKZ661"
        ],
        "references": [],
        "sent": "2026-09-26T02:58:00-08:00",
        "effective": "2026-09-26T02:58:00-08:00",
        "onset": "2026-09-26T02:00:00-08:00",
        "expires": "2026-09-26T21:00:00-08:00",
        "ends": "2026-09-27T05:00:00-08:00",
        "status": "Actual",
        "messageType": "Alert",
        "category": "Met",
        "severity": "Minor",
        "certainty": "Likely",
        "urgency": "Expected",
        "event": "Small Craft Advisory",
        "sender": "w-nws.webmaster@noaa.gov",
        "senderName": "NWS Juneau AK",
        "headline": "Small Craft Advisory issued September 26 at 2:58AM AKDT until September 27 at 5:00AM AKDT by NWS Juneau AK",
        "description": "Southeast Alaska Coastal Waters from Dixon Entrance to\nCape Suckling out 100 NM\n\nWind forecasts reflect the predominant speed and direction\nexpected. Seas forecasts represent the average of the highest\none-third of the combined windwave and swell height.\n\n.TODAY...S wind 25 kt becoming SW 15 kt in the afternoon. Seas\n9 ft. Rain early in the morning.\n.TONIGHT...SW wind 20 kt. Seas 10 ft. Rain in the evening.\n.SUN...S wind 25 kt. Seas 12 ft. Rain.\n.SUN NIGHT...SW wind 25 kt. Seas 12 ft.\n.MON...SW wind 20 kt. Seas 11 ft.\n.TUE...SW wind 20 kt. Seas 9 ft.\n.WED...SW wind 15 kt. Seas 10 ft.",
        "instruction": null,
        "response": "Avoid",
        "note": null,
        "parameters": {
          "AWIPSidentifier": [
            "CWFAEG"
          ],
          "WMOidentifier": [
            "FZAK52 PAJK 261058"
          ],
          "NWSheadline": [
            "SMALL CRAFT ADVISORY THROUGH LATE TONIGHT"
          ],
          "BLOCKCHANNEL": [
            "EAS",
            "NWEM",
            "CMAS"
          ],
          "VTEC": [
            "/O.NEW.PAJK.SC.Y.2749.260926T1000Z-260927T1300Z/"
          ],
          "eventEndingTime": [
            "2026-09-27T05:00:00-08:00"
          ]
        },
        "scope": "Public",
        "code": "IPAWSv1.0",
        "language": "en-US",
        "web": "http://www.weather.gov",
        "eventCode": {
          "SAME": [
            "NWS"
          ],
          "NationalWeatherService": [
            "SCY"
          ]
        }
      }
    },
    {
      "id": "https://api.weather.gov/alerts/urn:oid:2.49.0.1.840.0.2fefa1f46e4b170b32ea52e5ae7c8ae47b5b48fa.004.1",
      "type": "Feature",
      "geometry": null,
      "properties": {
        "@id": "https://api.weather.gov/alerts/urn:oid:2.49.0.1.840.0.2fefa1f46e4b170b32ea52e5ae7c8ae47b5b48fa.004.1",
        "@type": "wx:Alert",
        "id": "urn:oid:2.49.0.1.840.0.2fefa1f46e4b170b32ea52e5ae7c8ae47b5b48fa.004.1",
        "areaDesc": "Cape Decision to Cape Edgecumbe out to 15 NM",
        "geocode": {
          "SAME": [
            "058642"
          ],
          "UGC": [
            "PKZ642"
          ]
        },
        "affectedZones": [
          "https://api.weather.gov/zones/forecast/PKZ642"
        ],
        "references": [],
        "sent": "2026-09-26T02:58:00-08:00",
        "effective": "2026-09-26T02:58:00-08:00",
        "onset": "2026-09-26T02:00:00-08:00",
        "expires": "2026-09-26T21:00:00-08:00",
        "ends": "2026-09-27T05:00:00-08:00",
        "status": "Actual",
        "messageType": "Alert",
        "category": "Met",
        "severity": "Minor",
        "certainty": "Likely",
        "urgency": "Expected",
        "event": "Small Craft Advisory",
        "sender": "w-nws.webmaster@noaa.gov",
        "senderName": "NWS Juneau AK",
        "headline": "Small Craft Advisory issued September 26 at 2:58AM AKDT until September 27 at 5:00AM AKDT by NWS Juneau AK",
        "description": "Southeast Alaska Coastal Waters from Dixon Entrance to\nCape Suckling out 100 NM\n\nWind forecasts reflect the predominant speed and direction\nexpected. Seas forecasts represent the average of the highest\none-third of the combined windwave and swell height.\n\n.TODAY...SE wind 20 kt. Seas 9 ft. Rain early in the morning.\n.TONIGHT...S wind 20 kt. Seas 9 ft. Rain.\n.SUN...S wind 25 kt. Seas 11 ft. Rain.\n.SUN NIGHT...SW wind 25 kt. Seas 11 ft. Rain.\n.MON...S wind 15 kt. Seas 9 ft.\n.TUE...S wind 15 kt. Seas 8 ft.\n.WED...SE wind 10 kt. Seas 8 ft.",
        "instruction": null,
        "response": "Avoid",
        "note": null,
        "parameters": {
          "AWIPSidentifier": [
            "CWFAEG"
          ],
          "WMOidentifier": [
            "FZAK52 PAJK 261058"
          ],
          "NWSheadline": [
            "SMALL CRAFT ADVISORY THROUGH LATE TONIGHT"
          ],
          "BLOCKCHANNEL": [
            "EAS",
            "NWEM",
            "CMAS"
          ],
          "VTEC": [
            "/O.NEW.PAJK.SC.Y.2750.260926T1000Z-260927T1300Z/"
          ],
          "eventEndingTime": [
            "2026-09-27T05:00:00-08:00"
          ]
        },
        "scope": "Public",
        "code": "IPAWSv1.0",
        "language": "en-US",
        "web": "http://www.weather.gov",
        "eventCode": {
          "SAME": [
            "NWS"
          ],
          "NationalWeatherService": [
            "SCY"
          ]
        }
      }
    },
    {
      "id": "https://api.weather.gov/alerts/urn:oid:2.49.0.1.840.0.8017c5714eda13b84a381b9d6adf464e9a441b5f.009.1",
      "type": "Feature",
      "geometry": null,
      "properties": {
        "@id": "https://api.weather.gov/alerts/urn:oid:2.49.0.1.840.0.8017c5714eda13b84a381b9d6adf464e9a441b5f.009.1",
        "@type": "wx:Alert",
        "id": "urn:oid:2.49.0.1.840.0.8017c5714eda13b84a381b9d6adf464e9a441b5f.009.1",
        "areaDesc": "Southern Chatham Strait",
        "geocode": {
          "SAME": [
            "058033"
          ],
          "UGC": [
            "PKZ033"
          ]
        },
        "affectedZones": [
          "https://api.weather.gov/zones/forecast/PKZ033"
        ],
        "references": [],
        "sent": "2026-09-26T02:58:00-08:00",
        "effective": "2026-09-26T02:58:00-08:00",
        "onset": "2026-09-26T17:00:00-08:00",
        "expires": "2026-09-26T18:30:00-08:00",
        "ends": "2026-09-27T05:00:00-08:00",
        "status": "Actual",
        "messageType": "Alert",
        "category": "Met",
        "severity": "Minor",
        "certainty": "Likely",
        "urgency": "Expected",
        "event": "Small Craft Advisory",
        "sender": "w-nws.webmaster@noaa.gov",
        "senderName": "NWS Juneau AK",
        "headline": "Small Craft Advisory issued September 26 at 2:58AM AKDT until September 27 at 5:00AM AKDT by NWS Juneau AK",
        "description": "Southeast Alaska Inside Waters from Dixon Entrance to Skagway\n\nWind forecasts reflect the predominant speed and direction\nexpected. Sea forecasts represent the average of the highest\none-third of the combined windwave and swell height.\n\n.TODAY...S wind 15 kt. Seas building to 4 ft. Near ocean\nentrances, seas 4 ft building to 8 ft. Rain.\n.TONIGHT...S wind 15 kt increasing to 25 kt late. Seas 4 ft,\nexcept 8 ft near ocean entrances. Rain.\n.SUN...S wind 25 kt. Seas 5 ft, except 10 ft near ocean\nentrances. Rain.\n.SUN NIGHT...S wind 25 kt. Gusts to 40 kt. Seas 6 ft, except\n11 ft near ocean entrances. Rain.\n.MON...S wind 15 kt. Seas 3 ft.\n.TUE...S wind 15 kt. Seas 3 ft.\n.WED...SE wind 10 kt. Seas 3 ft.",
        "instruction": null,
        "response": "Avoid",
        "note": null,
        "parameters": {
          "AWIPSidentifier": [
            "CWFAJK"
          ],
          "WMOidentifier": [
            "FZAK51 PAJK 261058"
          ],
          "NWSheadline": [
            "SMALL CRAFT ADVISORY LATE TONIGHT"
          ],
          "BLOCKCHANNEL": [
            "EAS",
            "NWEM",
            "CMAS"
          ],
          "VTEC": [
            "/O.NEW.PAJK.SC.Y.7588.260927T0100Z-260927T1300Z/"
          ],
          "eventEndingTime": [
            "2026-09-27T05:00:00-08:00"
          ]
        },
        "scope": "Public",
        "code": "IPAWSv1.0",
        "language": "en-US",
        "web": "http://www.weather.gov",
        "eventCode": {
          "SAME": [
            "NWS"
          ],
          "NationalWeatherService": [
            "SCY"
          ]
        }
      }
    },
    {
      "id": "https://api.weather.gov/alerts/urn:oid:2.49.0.1.840.0.8017c5714eda13b84a381b9d6adf464e9a441b5f.003.1",
      "type": "Feature",
      "geometry": null,
      "properties": {
        "@id": "https://api.weather.gov/alerts/urn:oid:2.49.0.1.840.0.8017c5714eda13b84a381b9d6adf464e9a441b5f.003.1",
        "@type": "wx:Alert",
        "id": "urn:oid:2.49.0.1.840.0.8017c5714eda13b84a381b9d6adf464e9a441b5f.003.1",
        "areaDesc": "Northern Lynn Canal",
        "geocode": {
          "SAME": [
            "058012"
          ],
          "UGC": [
            "PKZ012"
          ]
        },
        "affectedZones": [
          "https://api.weather.gov/zones/forecast/PKZ012"
        ],
        "references": [],
        "sent": "2026-09-26T02:58:00-08:00",
        "effective": "2026-09-26T02:58:00-08:00",
        "onset": "2026-09-26T02:00:00-08:00",
        "expires": "2026-09-26T18:30:00-08:00",
        "ends": "2026-09-27T05:00:00-08:00",
        "status": "Actual",
        "messageType": "Alert",
        "category": "Met",
        "severity": "Minor",
        "certainty": "Likely",
        "urgency": "Expected",
        "event": "Small Craft Advisory",
        "sender": "w-nws.webmaster@noaa.gov",
        "senderName": "NWS Juneau AK",
        "headline": "Small Craft Advisory issued September 26 at 2:58AM AKDT until September 27 at 5:00AM AKDT by NWS Juneau AK",
        "description": "Southeast Alaska Inside Waters from Dixon Entrance to Skagway\n\nWind forecasts reflect the predominant speed and direction\nexpected. Sea forecasts represent the average of the highest\none-third of the combined windwave and swell height.\n\n.TODAY...S wind 15 kt. Seas building to 3 ft. Rain.\n.TONIGHT...S wind 25 kt. Seas 5 ft. Rain.\n.SUN...SE wind 25 kt. Seas 5 ft. Rain.\n.SUN NIGHT...SE wind 30 kt. Seas 5 ft. Rain.\n.MON...SE wind 25 kt. Seas 4 ft.\n.TUE...SE wind 20 kt. Seas 3 ft.\n.WED...SE wind 15 kt. Seas 3 ft.",
        "instruction": null,
        "response": "Avoid",
        "note": null,
        "parameters": {
          "AWIPSidentifier": [
            "CWFAJK"
          ],
          "WMOidentifier": [
            "FZAK51 PAJK 261058"
          ],
          "NWSheadline": [
            "SMALL CRAFT ADVISORY THIS EVENING THROUGH LATE TONIGHT"
          ],
          "BLOCKCHANNEL": [
            "EAS",
            "NWEM",
            "CMAS"
          ],
          "VTEC": [
            "/O.NEW.PAJK.SC.Y.7583.260926T1000Z-260927T1300Z/"
          ],
          "eventEndingTime": [
            "2026-09-27T05:00:00-08:00"
          ]
        },
        "scope": "Public",
        "code": "IPAWSv1.0",
        "language": "en-US",
        "web": "http://www.weather.gov",
        "eventCode": {
          "SAME": [
            "NWS"
          ],
          "NationalWeatherService": [
            "SCY"
          ]
        }
      }
    },
    {
      "id": "https://api.weather.gov/alerts/urn:oid:2.49.0.1.840.0.8017c5714eda13b84a381b9d6adf464e9a441b5f.004.1",
      "type": "Feature",
      "geometry": null,
      "properties": {
        "@id": "https://api.weather.gov/alerts/urn:oid:2.49.0.1.840.0.8017c5714eda13b84a381b9d6adf464e9a441b5f.004.1",
        "@type": "wx:Alert",
        "id": "urn:oid:2.49.0.1.840.0.8017c5714eda13b84a381b9d6adf464e9a441b5f.004.1",
        "areaDesc": "Southern Lynn Canal",
        "geocode": {
          "SAME": [
            "058013"
          ],
          "UGC": [
            "PKZ013"
          ]
        },
        "affectedZones": [
          "https://api.weather.gov/zones/forecast/PKZ013"
        ],
        "references": [],
        "sent": "2026-09-26T02:58:00-08:00",
        "effective": "2026-09-26T02:58:00-08:00",
        "onset": "2026-09-26T17:00:00-08:00",
        "expires": "2026-09-26T18:30:00-08:00",
        "ends": "2026-09-27T05:00:00-08:00",
        "status": "Actual",
        "messageType": "Alert",
        "category": "Met",
        "severity": "Minor",
        "certainty": "Likely",
        "urgency": "Expected",
        "event": "Small Craft Advisory",
        "sender": "w-nws.webmaster@noaa.gov",
        "senderName": "NWS Juneau AK",
        "headline": "Small Craft Advisory issued September 26 at 2:58AM AKDT until September 27 at 5:00AM AKDT by NWS Juneau AK",
        "description": "Southeast Alaska Inside Waters from Dixon Entrance to Skagway\n\nWind forecasts reflect the predominant speed and direction\nexpected. Sea forecasts represent the average of the highest\none-third of the combined windwave and swell height.\n\n.TODAY...SE wind 15 kt. Seas building to 4 ft. Rain in the\nafternoon.\n.TONIGHT...SE wind 25 kt. Seas 5 ft. Rain.\n.SUN...SE wind 25 kt. Out of interior passes, gusts to 35 kt\nin the afternoon. Seas 5 ft. Rain.\n.SUN NIGHT...SE wind 25 kt. Seas 5 ft. Rain.\n.MON...SE wind 20 kt. Seas 4 ft.\n.TUE...SE wind 20 kt. Seas 3 ft.\n.WED...E wind 15 kt. Seas 3 ft.",
        "instruction": null,
        "response": "Avoid",
        "note": null,
        "parameters": {
          "AWIPSidentifier": [
            "CWFAJK"
          ],
          "WMOidentifier": [
            "FZAK51 PAJK 261058"
          ],
          "NWSheadline": [
            "SMALL CRAFT ADVISORY LATE TONIGHT"
          ],
          "BLOCKCHANNEL": [
            "EAS",
            "NWEM",
            "CMAS"
          ],
          "VTEC": [
            "/O.NEW.PAJK.SC.Y.7584.260927T0100Z-260927T1300Z/"
          ],
          "eventEndingTime": [
            "2026-09-27T05:00:00-08:00"
          ]
        },
        "scope": "Public",
        "code": "IPAWSv1.0",
        "language": "en-US",
        "web": "http://www.weather.gov",
        "eventCode": {
          "SAME": [
            "NWS"
          ],
          "NationalWeatherService": [
            "SCY"
          ]
        }
      }
    },
    {
      "id": "https://api.weather.gov/alerts/urn:oid:2.49.0.1.840.0.8017c5714eda13b84a381b9d6adf464e9a441b5f.005.1",
      "type": "Feature",
      "geometry": null,
      "properties": {
        "@id": "https://api.weather.gov/alerts/urn:oid:2.49.0.1.840.0.8017c5714eda13b84a381b9d6adf464e9a441b5f.005.1",
        "@type": "wx:Alert",
        "id": "urn:oid:2.49.0.1.840.0.8017c5714eda13b84a381b9d6adf464e9a441b5f.005.1",
        "areaDesc": "Icy Strait",
        "geocode": {
          "SAME": [
            "058021"
          ],
          "UGC": [
            "PKZ021"
          ]
        },
        "affectedZones": [
          "https://api.weather.gov/zones/forecast/PKZ021"
        ],
        "references": [],
        "sent": "2026-09-26T02:58:00-08:00",
        "effective": "2026-09-26T02:58:00-08:00",
        "onset": "2026-09-26T02:00:00-08:00",
        "expires": "2026-09-26T18:30:00-08:00",
        "ends": "2026-09-27T05:00:00-08:00",
        "status": "Actual",
        "messageType": "Alert",
        "category": "Met",
        "severity": "Minor",
        "certainty": "Likely",
        "urgency": "Expected",
        "event": "Small Craft Advisory",
        "sender": "w-nws.webmaster@noaa.gov",
        "senderName": "NWS Juneau AK",
        "headline": "Small Craft Advisory issued September 26 at 2:58AM AKDT until September 27 at 5:00AM AKDT by NWS Juneau AK",
        "description": "Southeast Alaska Inside Waters from Dixon Entrance to Skagway\n\nWind forecasts reflect the predominant speed and direction\nexpected. Sea forecasts represent the average of the highest\none-third of the combined windwave and swell height.\n\n.TODAY...SE wind 15 kt. Gusts to 35 kt in the afternoon. Seas\nbuilding to 4 ft. Rain.\n.TONIGHT...SE wind 25 kt. Seas 4 ft. Rain.\n.SUN...SE wind 25 kt. Seas 5 ft. Rain.\n.SUN NIGHT...SE wind 25 kt. Gusts to 40 kt. Seas 5 ft. Rain.\n.MON...SE wind 20 kt. Seas 4 ft.\n.TUE...SE wind 15 kt. Seas 3 ft.\n.WED...E wind 15 kt. Seas 3 ft.",
        "instruction": null,
        "response": "Avoid",
        "note": null,
        "parameters": {
          "AWIPSidentifier": [
            "CWFAJK"
          ],
          "WMOidentifier": [
            "FZAK51 PAJK 261058"
          ],
          "NWSheadline": [
            "SMALL CRAFT ADVISORY THIS EVENING THROUGH LATE TONIGHT"
          ],
          "BLOCKCHANNEL": [
            "EAS",
            "NWEM",
            "CMAS"
          ],
          "VTEC": [
            "/O.NEW.PAJK.SC.Y.7585.260926T1000Z-260927T1300Z/"
          ],
          "eventEndingTime": [
            "2026-09-27T05:00:00-08:00"
          ]
        },
        "scope": "Public",
        "code": "IPAWSv1.0",
        "language": "en-US",
        "web": "http://www.weather.gov",
        "eventCode": {
          "SAME": [
            "NWS"
          ],
          "NationalWeatherService": [
            "SCY"
          ]
        }
      }
    },
    {
      "id": "https://api.weather.gov/alerts/urn:oid:2.49.0.1.840.0.8017c5714eda13b84a381b9d6adf464e9a441b5f.006.1",
      "type": "Feature",
      "geometry": null,
      "properties": {
        "@id": "https://api.weather.gov/alerts/urn:oid:2.49.0.1.840.0.8017c5714eda13b84a381b9d6adf464e9a441b5f.006.1",
        "@type": "wx:Alert",
        "id": "urn:oid:2.49.0.1.840.0.8017c5714eda13b84a381b9d6adf464e9a441b5f.006.1",
        "areaDesc": "Cross Sound",
        "geocode": {
          "SAME": [
            "058022"
          ],
          "UGC": [
            "PKZ022"
          ]
        },
        "affectedZones": [
          "https://api.weather.gov/zones/forecast/PKZ022"
        ],
        "references": [],
        "sent": "2026-09-26T02:58:00-08:00",
        "effective": "2026-09-26T02:58:00-08:00",
        "onset": "2026-09-26T17:00:00-08:00",
        "expires": "2026-09-26T18:30:00-08:00",
        "ends": "2026-09-27T05:00:00-08:00",
        "status": "Actual",
        "messageType": "Alert",
        "category": "Met",
        "severity": "Minor",
        "certainty": "Likely",
        "urgency": "Expected",
        "event": "Small Craft Advisory",
        "sender": "w-nws.webmaster@noaa.gov",
        "senderName": "NWS Juneau AK",
        "headline": "Small Craft Advisory issued September 26 at 2:58AM AKDT until September 27 at 5:00AM AKDT by NWS Juneau AK",
        "description": "Southeast Alaska Inside Waters from Dixon Entrance to Skagway\n\nWind forecasts reflect the predominant speed and direction\nexpected. Sea forecasts represent the average of the highest\none-third of the combined windwave and swell height.\n\n.TODAY...E wind 15 kt. Seas 4 ft building to 7 ft. Rain.\n.TONIGHT...S wind 15 kt. Seas 8 ft. Rain.\n.SUN...S wind 15 kt. Seas 8 ft. Rain.\n.SUN NIGHT...S wind 15 kt. Seas 8 ft. Rain.\n.MON...SE wind 10 kt. Seas 7 ft.\n.TUE...SE wind 10 kt. Seas 6 ft.\n.WED...E wind 10 kt. Seas 6 ft.",
        "instruction": null,
        "response": "Avoid",
        "note": null,
        "parameters": {
          "AWIPSidentifier": [
            "CWFAJK"
          ],
          "WMOidentifier": [
            "FZAK51 PAJK 261058"
          ],
          "NWSheadline": [
            "SMALL CRAFT ADVISORY LATE TONIGHT"
          ],
          "BLOCKCHANNEL": [
            "EAS",
            "NWEM",
            "CMAS"
          ],
          "VTEC": [
            "/O.NEW.PAJK.SC.Y.7586.260927T0100Z-260927T1300Z/"
          ],
          "eventEndingTime": [
            "2026-09-27T05:00:00-08:00"
          ]
        },
        "scope": "Public",
        "code": "IPAWSv1.0",
        "language": "en-US",
        "web": "http://www.weather.gov",
        "eventCode": {
          "SAME": [
            "NWS"
          ],
          "NationalWeatherService": [
            "SCY"
          ]
        }
      }
    },
    {
      "id": "https://api.weather.gov/alerts/urn:oid:2.49.0.1.840.0.2fefa1f46e4b170b32ea52e5ae7c8ae47b5b48fa.008.1",
      "type": "Feature",
      "geometry": null,
      "properties": {
        "@id": "https://api.weather.gov/alerts/urn:oid:2.49.0.1.840.0.2fefa1f46e4b170b32ea52e5ae7c8ae47b5b48fa.008.1",
        "@type": "wx:Alert",
        "id": "urn:oid:2.49.0.1.840.0.2fefa1f46e4b170b32ea52e5ae7c8ae47b5b48fa.008.1",
        "areaDesc": "Cape Spencer to Cape Fairweather out to 15 NM",
        "geocode": {
          "SAME": [
            "058644"
          ],
          "UGC": [
            "PKZ644"
          ]
        },
        "affectedZones": [
          "https://api.weather.gov/zones/forecast/PKZ644"
        ],
        "references": [],
        "sent": "2026-09-26T02:58:00-08:00",
        "effective": "2026-09-26T02:58:00-08:00",
        "onset": "2026-09-26T02:00:00-08:00",
        "expires": "2026-09-26T21:00:00-08:00",
        "ends": "2026-09-27T05:00:00-08:00",
        "status": "Actual",
        "messageType": "Alert",
        "category": "Met",
        "severity": "Minor",
        "certainty": "Likely",
        "urgency": "Expected",
        "event": "Small Craft Advisory",
        "sender": "w-nws.webmaster@noaa.gov",
        "senderName": "NWS Juneau AK",
        "headline": "Small Craft Advisory issued September 26 at 2:58AM AKDT until September 27 at 5:00AM AKDT by NWS Juneau AK",
        "description": "Southeast Alaska Coastal Waters from Dixon Entrance to\nCape Suckling out 100 NM\n\nWind forecasts reflect the predominant speed and direction\nexpected. Seas forecasts represent the average of the highest\none-third of the combined windwave and swell height.\n\n.TODAY...E wind 25 kt. Seas 11 ft. Rain.\n.TONIGHT...S wind 25 kt. Seas 10 ft. Rain.\n.SUN...SE wind 20 kt. Seas 10 ft. Rain.\n.SUN NIGHT...SE wind 15 kt. Seas 10 ft. Rain.\n.MON...SE wind 15 kt. Seas 8 ft.\n.TUE...SE wind 15 kt. Seas 7 ft.\n.WED...SE wind 15 kt. Seas 7 ft.",
        "instruction": null,
        "response": "Avoid",
        "note": null,
        "parameters": {
          "AWIPSidentifier": [
            "CWFAEG"
          ],
          "WMOidentifier": [
            "FZAK52 PAJK 261058"
          ],
          "NWSheadline": [
            "SMALL CRAFT ADVISORY THROUGH LATE TONIGHT"
          ],
          "BLOCKCHANNEL": [
            "EAS",
            "NWEM",
            "CMAS"
          ],
          "VTEC": [
            "/O.NEW.PAJK.SC.Y.2754.260926T1000Z-260927T1300Z/"
          ],
          "eventEndingTime": [
            "2026-09-27T05:00:00-08:00"
          ]
        },
        "scope": "Public",
        "code": "IPAWSv1.0",
        "language": "en-US",
        "web": "http://www.weather.gov",
        "eventCode": {
          "SAME": [
            "NWS"
          ],
          "NationalWeatherService": [
            "SCY"
          ]
        }
      }
    },
    {
      "id": "https://api.weather.gov/alerts/urn:oid:2.49.0.1.840.0.2fefa1f46e4b170b32ea52e5ae7c8ae47b5b48fa.005.1",
      "type": "Feature",
      "geometry": null,
      "properties": {
        "@id": "https://api.weather.gov/alerts/urn:oid:2.49.0.1.840.0.2fefa1f46e4b170b32ea52e5ae7c8ae47b5b48fa.005.1",
        "@type": "wx:Alert",
        "id": "urn:oid:2.49.0.1.840.0.2fefa1f46e4b170b32ea52e5ae7c8ae47b5b48fa.005.1",
        "areaDesc": "Cape Decision to Cape Edgecumbe from 15 to 80 NM",
        "geocode": {
          "SAME": [
            "058662"
          ],
          "UGC": [
            "PKZ662"
          ]
        },
        "affectedZones": [
          "https://api.weather.gov/zones/forecast/PKZ662"
        ],
        "references": [],
        "sent": "2026-09-26T02:58:00-08:00",
        "effective": "2026-09-26T02:58:00-08:00",
        "onset": "2026-09-26T02:00:00-08:00",
        "expires": "2026-09-26T21:00:00-08:00",
        "ends": "2026-09-27T05:00:00-08:00",
        "status": "Actual",
        "messageType": "Alert",
        "category": "Met",
        "severity": "Minor",
        "certainty": "Likely",
        "urgency": "Expected",
        "event": "Small Craft Advisory",
        "sender": "w-nws.webmaster@noaa.gov",
        "senderName": "NWS Juneau AK",
        "headline": "Small Craft Advisory issued September 26 at 2:58AM AKDT until September 27 at 5:00AM AKDT by NWS Juneau AK",
        "description": "Southeast Alaska Coastal Waters from Dixon Entrance to\nCape Suckling out 100 NM\n\nWind forecasts reflect the predominant speed and direction\nexpected. Seas forecasts represent the average of the highest\none-third of the combined windwave and swell height.\n\n.TODAY...S wind 25 kt becoming SW 15 kt in the afternoon. Seas\n9 ft. Rain early in the morning.\n.TONIGHT...S wind 20 kt. Seas 10 ft. Rain in the evening.\n.SUN...S wind 25 kt. Seas 12 ft. Rain.\n.SUN NIGHT...SW wind 20 kt. Seas 12 ft. Rain.\n.MON...SW wind 20 kt. Seas 10 ft.\n.TUE...SW wind 20 kt. Seas 9 ft.\n.WED...S wind 15 kt. Seas 9 ft.",
        "instruction": null,
        "response": "Avoid",
        "note": null,
        "parameters": {
          "AWIPSidentifier": [
            "CWFAEG"
          ],
          "WMOidentifier": [
            "FZAK52 PAJK 261058"
          ],
          "NWSheadline": [
            "SMALL CRAFT ADVISORY THROUGH LATE TONIGHT"
          ],
          "BLOCKCHANNEL": [
            "EAS",
            "NWEM",
            "CMAS"
          ],
          "VTEC": [
            "/O.NEW.PAJK.SC.Y.2751.260926T1000Z-260927T1300Z/"
          ],
          "eventEndingTime": [
            "2026-09-27T05:00:00-08:00"
          ]
        },
        "scope": "Public",
        "code": "IPAWSv1.0",
        "language": "en-US",
        "web": "http://www.weather.gov",
        "eventCode": {
          "SAME": [
            "NWS"
          ],
          "NationalWeatherService": [
            "SCY"
          ]
        }
      }
    },
    {
      "id": "https://api.weather.gov/alerts/urn:oid:2.49.0.1.840.0.2fefa1f46e4b170b32ea52e5ae7c8ae47b5b48fa.007.1",
      "type": "Feature",
      "geometry": null,
      "properties": {
        "@id": "https://api.weather.gov/alerts/urn:oid:2.49.0.1.840.0.2fefa1f46e4b170b32ea52e5ae7c8ae47b5b48fa.007.1",
        "@type": "wx:Alert",
        "id": "urn:oid:2.49.0.1.840.0.2fefa1f46e4b170b32ea52e5ae7c8ae47b5b48fa.007.1",
        "areaDesc": "Cape Edgecumbe to Cape Spencer from 15 to 80 NM",
        "geocode": {
          "SAME": [
            "058663"
          ],
          "UGC": [
            "PKZ663"
          ]
        },
        "affectedZones": [
          "https://api.weather.gov/zones/forecast/PKZ663"
        ],
        "references": [],
        "sent": "2026-09-26T02:58:00-08:00",
        "effective": "2026-09-26T02:58:00-08:00",
        "onset": "2026-09-26T02:00:00-08:00",
        "expires": "2026-09-26T21:00:00-08:00",
        "ends": "2026-09-27T05:00:00-08:00",
        "status": "Actual",
        "messageType": "Alert",
        "category": "Met",
        "severity": "Minor",
        "certainty": "Likely",
        "urgency": "Expected",
        "event": "Small Craft Advisory",
        "sender": "w-nws.webmaster@noaa.gov",
        "senderName": "NWS Juneau AK",
        "headline": "Small Craft Advisory issued September 26 at 2:58AM AKDT until September 27 at 5:00AM AKDT by NWS Juneau AK",
        "description": "Southeast Alaska Coastal Waters from Dixon Entrance to\nCape Suckling out 100 NM\n\nWind forecasts reflect the predominant speed and direction\nexpected. Seas forecasts represent the average of the highest\none-third of the combined windwave and swell height.\n\n.TODAY...S wind 20 kt. Seas 11 ft. Rain early in the morning.\n.TONIGHT...S wind 20 kt. Seas 11 ft. Rain in the evening.\n.SUN...S wind 25 kt. Seas 11 ft. Rain in the morning.\n.SUN NIGHT...SW wind 20 kt. Seas 11 ft. Rain.\n.MON...SW wind 15 kt. Seas 10 ft.\n.TUE...SW wind 15 kt. Seas 8 ft.\n.WED...S wind 15 kt. Seas 8 ft.",
        "instruction": null,
        "response": "Avoid",
        "note": null,
        "parameters": {
          "AWIPSidentifier": [
            "CWFAEG"
          ],
          "WMOidentifier": [
            "FZAK52 PAJK 261058"
          ],
          "NWSheadline": [
            "SMALL CRAFT ADVISORY THROUGH LATE TONIGHT"
          ],
          "BLOCKCHANNEL": [
            "EAS",
            "NWEM",
            "CMAS"
          ],
          "VTEC": [
            "/O.NEW.PAJK.SC.Y.2753.260926T1000Z-260927T1300Z/"
          ],
          "eventEndingTime": [
            "2026-09-27T05:00:00-08:00"
          ]
        },
        "scope": "Public",
        "code": "IPAWSv1.0",
        "language": "en-US",
        "web": "http://www.weather.gov",
        "eventCode": {
          "SAME": [
            "NWS"
          ],
          "NationalWeatherService": [
            "SCY"
          ]
        }
      }
    },
    {
      "id": "https://api.weather.gov/alerts/urn:oid:2.49.0.1.840.0.2fefa1f46e4b170b32ea52e5ae7c8ae47b5b48fa.012.1",
      "type": "Feature",
      "geometry": null,
      "properties": {
        "@id": "https://api.weather.gov/alerts/urn:oid:2.49.0.1.840.0.2fefa1f46e4b170b32ea52e5ae7c8ae47b5b48fa.012.1",
        "@type": "wx:Alert",
        "id": "urn:oid:2.49.0.1.840.0.2fefa1f46e4b170b32ea52e5ae7c8ae47b5b48fa.012.1",
        "areaDesc": "Icy Cape to Cape Suckling out to 15 NM",
        "geocode": {
          "SAME": [
            "058652"
          ],
          "UGC": [
            "PKZ652"
          ]
        },
        "affectedZones": [
          "https://api.weather.gov/zones/forecast/PKZ652"
        ],
        "references": [],
        "sent": "2026-09-26T02:58:00-08:00",
        "effective": "2026-09-26T02:58:00-08:00",
        "onset": "2026-09-26T02:00:00-08:00",
        "expires": "2026-09-26T21:00:00-08:00",
        "ends": "2026-09-27T05:00:00-08:00",
        "status": "Actual",
        "messageType": "Alert",
        "category": "Met",
        "severity": "Moderate",
        "certainty": "Likely",
        "urgency": "Expected",
        "event": "Gale Warning",
        "sender": "w-nws.webmaster@noaa.gov",
        "senderName": "NWS Juneau AK",
        "headline": "Gale Warning issued September 26 at 2:58AM AKDT until September 27 at 5:00AM AKDT by NWS Juneau AK",
        "description": "Southeast Alaska Coastal Waters from Dixon Entrance to\nCape Suckling out 100 NM\n\nWind forecasts reflect the predominant speed and direction\nexpected. Seas forecasts represent the average of the highest\none-third of the combined windwave and swell height.\n\n.TODAY...E wind 35 kt. Seas 14 ft. Rain.\n.TONIGHT...E wind 35 kt. Seas 12 ft. Rain.\n.SUN...E wind 25 kt. Seas 9 ft. Rain.\n.SUN NIGHT...E wind 20 kt. Seas 8 ft. Rain.\n.MON...E wind 20 kt. Seas 8 ft.\n.TUE...E wind 15 kt. Seas 6 ft.\n.WED...E wind 15 kt. Seas 6 ft.",
        "instruction": null,
        "response": "Avoid",
        "note": null,
        "parameters": {
          "AWIPSidentifier": [
            "CWFAEG"
          ],
          "WMOidentifier": [
            "FZAK52 PAJK 261058"
          ],
          "NWSheadline": [
            "GALE WARNING THROUGH LATE TONIGHT"
          ],
          "BLOCKCHANNEL": [
            "EAS",
            "NWEM",
            "CMAS"
          ],
          "VTEC": [
            "/O.NEW.PAJK.GL.W.2758.260926T1000Z-260927T1300Z/"
          ],
          "eventEndingTime": [
            "2026-09-27T05:00:00-08:00"
          ]
        },
        "scope": "Public",
        "code": "IPAWSv1.0",
        "language": "en-US",
        "web": "http://www.weather.gov",
        "eventCode": {
          "SAME": [
            "NWS"
          ],
          "NationalWeatherService": [
            "GLW"
          ]
        }
      }
    },
    {
      "id": "https://api.weather.gov/alerts/urn:oid:2.49.0.1.840.0.2fefa1f46e4b170b32ea52e5ae7c8ae47b5b48fa.013.1",
      "type": "Feature",
      "geometry": null,
      "properties": {
        "@id": "https://api.weather.gov/alerts/urn:oid:2.49.0.1.840.0.2fefa1f46e4b170b32ea52e5ae7c8ae47b5b48fa.013.1",
        "@type": "wx:Alert",
        "id": "urn:oid:2.49.0.1.840.0.2fefa1f46e4b170b32ea52e5ae7c8ae47b5b48fa.013.1",
        "areaDesc": "Icy Cape to Cape Suckling from 15 to 80 NM",
        "geocode": {
          "SAME": [
            "058672"
          ],
          "UGC": [
            "PKZ672"
          ]
        },
        "affectedZones": [
          "https://api.weather.gov/zones/forecast/PKZ672"
        ],
        "references": [],
        "sent": "2026-09-26T02:58:00-08:00",
        "effective": "2026-09-26T02:58:00-08:00",
        "onset": "2026-09-26T02:00:00-08:00",
        "expires": "2026-09-26T21:00:00-08:00",
        "ends": "2026-09-27T05:00:00-08:00",
        "status": "Actual",
        "messageType": "Alert",
        "category": "Met",
        "severity": "Minor",
        "certainty": "Likely",
        "urgency": "Expected",
        "event": "Small Craft Advisory",
        "sender": "w-nws.webmaster@noaa.gov",
        "senderName": "NWS Juneau AK",
        "headline": "Small Craft Advisory issued September 26 at 2:58AM AKDT until September 27 at 5:00AM AKDT by NWS Juneau AK",
        "description": "Southeast Alaska Coastal Waters from Dixon Entrance to\nCape Suckling out 100 NM\n\nWind forecasts reflect the predominant speed and direction\nexpected. Seas forecasts represent the average of the highest\none-third of the combined windwave and swell height.\n\n.TODAY...SE wind 30 kt. Seas 13 ft. Rain early in the morning.\nRain in the afternoon.\n.TONIGHT...SE wind 30 kt becoming S 20 kt late. Seas 11 ft. Rain.\n.SUN...S wind 15 kt. Seas 9 ft.\n.SUN NIGHT...S wind 15 kt. Seas 9 ft. Rain.\n.MON...E wind 15 kt. Seas 8 ft.\n.TUE...E wind 15 kt. Seas 6 ft.\n.WED...E wind 15 kt. Seas 7 ft.",
        "instruction": null,
        "response": "Avoid",
        "note": null,
        "parameters": {
          "AWIPSidentifier": [
            "CWFAEG"
          ],
          "WMOidentifier": [
            "FZAK52 PAJK 261058"
          ],
          "NWSheadline": [
            "SMALL CRAFT ADVISORY THROUGH LATE TONIGHT"
          ],
          "BLOCKCHANNEL": [
            "EAS",
            "NWEM",
            "CMAS"
          ],
          "VTEC": [
            "/O.NEW.PAJK.SC.Y.2759.260926T1000Z-260927T1300Z/"
          ],
          "eventEndingTime": [
            "2026-09-27T05:00:00-08:00"
          ]
        },
        "scope": "Public",
        "code": "IPAWSv1.0",
        "language": "en-US",
        "web": "http://www.weather.gov",
        "eventCode": {
          "SAME": [
            "NWS"
          ],
          "NationalWeatherService": [
            "SCY"
          ]
        }
      }
    },
    {
      "id": "https://api.weather.gov/alerts/urn:oid:2.49.0.1.840.0.2fefa1f46e4b170b32ea52e5ae7c8ae47b5b48fa.006.1",
      "type": "Feature",
      "geometry": null,
      "properties": {
        "@id": "https://api.weather.gov/alerts/urn:oid:2.49.0.1.840.0.2fefa1f46e4b170b32ea52e5ae7c8ae47b5b48fa.006.1",
        "@type": "wx:Alert",
        "id": "urn:oid:2.49.0.1.840.0.2fefa1f46e4b170b32ea52e5ae7c8ae47b5b48fa.006.1",
        "areaDesc": "Cape Edgecumbe to Cape Spencer out to 15 NM",
        "geocode": {
          "SAME": [
            "058643"
          ],
          "UGC": [
            "PKZ643"
          ]
        },
        "affectedZones": [
          "https://api.weather.gov/zones/forecast/PKZ643"
        ],
        "references": [],
        "sent": "2026-09-26T02:58:00-08:00",
        "effective": "2026-09-26T02:58:00-08:00",
        "onset": "2026-09-26T02:00:00-08:00",
        "expires": "2026-09-26T21:00:00-08:00",
        "ends": "2026-09-27T05:00:00-08:00",
        "status": "Actual",
        "messageType": "Alert",
        "category": "Met",
        "severity": "Minor",
        "certainty": "Likely",
        "urgency": "Expected",
        "event": "Small Craft Advisory",
        "sender": "w-nws.webmaster@noaa.gov",
        "senderName": "NWS Juneau AK",
        "headline": "Small Craft Advisory issued September 26 at 2:58AM AKDT until September 27 at 5:00AM AKDT by NWS Juneau AK",
        "description": "Southeast Alaska Coastal Waters from Dixon Entrance to\nCape Suckling out 100 NM\n\nWind forecasts reflect the predominant speed and direction\nexpected. Seas forecasts represent the average of the highest\none-third of the combined windwave and swell height.\n\n.TODAY...SE wind 20 kt. Seas 9 ft. Rain.\n.TONIGHT...S wind 20 kt. Seas 10 ft. Rain.\n.SUN...S wind 25 kt. Seas 11 ft. Rain.\n.SUN NIGHT...S wind 15 kt. Seas 11 ft. Rain.\n.MON...S wind 15 kt. Seas 9 ft.\n.TUE...S wind 15 kt. Seas 7 ft.\n.WED...SE wind 10 kt. Seas 7 ft.",
        "instruction": null,
        "response": "Avoid",
        "note": null,
        "parameters": {
          "AWIPSidentifier": [
            "CWFAEG"
          ],
          "WMOidentifier": [
            "FZAK52 PAJK 261058"
          ],
          "NWSheadline": [
            "SMALL CRAFT ADVISORY THROUGH LATE TONIGHT"
          ],
          "BLOCKCHANNEL": [
            "EAS",
            "NWEM",
            "CMAS"
          ],
          "VTEC": [
            "/O.NEW.PAJK.SC.Y.2752.260926T1000Z-260927T1300Z/"
          ],
          "eventEndingTime": [
            "2026-09-27T05:00:00-08:00"
          ]
        },
        "scope": "Public",
        "code": "IPAWSv1.0",
        "language": "en-US",
        "web": "http://www.weather.gov",
        "eventCode": {
          "SAME": [
            "NWS"
          ],
          "NationalWeatherService": [
            "SCY"
          ]
        }
      }
    },
    {
      "id": "https://api.weather.gov/alerts/urn:oid:2.49.0.1.840.0.2fefa1f46e4b170b32ea52e5ae7c8ae47b5b48fa.002.1",
      "type": "Feature",
      "geometry": null,
      "properties": {
        "@id": "https://api.weather.gov/alerts/urn:oid:2.49.0.1.840.0.2fefa1f46e4b170b32ea52e5ae7c8ae47b5b48fa.002.1",
        "@type": "wx:Alert",
        "id": "urn:oid:2.49.0.1.840.0.2fefa1f46e4b170b32ea52e5ae7c8ae47b5b48fa.002.1",
        "areaDesc": "Dixon Entrance to Cape Decision out to 15 NM",
        "geocode": {
          "SAME": [
            "058641"
          ],
          "UGC": [
            "PKZ641"
          ]
        },
        "affectedZones": [
          "https://api.weather.gov/zones/forecast/PKZ641"
        ],
        "references": [],
        "sent": "2026-09-26T02:58:00-08:00",
        "effective": "2026-09-26T02:58:00-08:00",
        "onset": "2026-09-26T02:00:00-08:00",
        "expires": "2026-09-26T21:00:00-08:00",
        "ends": "2026-09-27T05:00:00-08:00",
        "status": "Actual",
        "messageType": "Alert",
        "category": "Met",
        "severity": "Minor",
        "certainty": "Likely",
        "urgency": "Expected",
        "event": "Small Craft Advisory",
        "sender": "w-nws.webmaster@noaa.gov",
        "senderName": "NWS Juneau AK",
        "headline": "Small Craft Advisory issued September 26 at 2:58AM AKDT until September 27 at 5:00AM AKDT by NWS Juneau AK",
        "description": "Southeast Alaska Coastal Waters from Dixon Entrance to\nCape Suckling out 100 NM\n\nWind forecasts reflect the predominant speed and direction\nexpected. Seas forecasts represent the average of the highest\none-third of the combined windwave and swell height.\n\n.TODAY...S wind 25 kt. Seas 5 ft building to 9 ft. Rain early in\nthe morning.\n.TONIGHT...S wind 20 kt. Seas 9 ft. Rain late.\n.SUN...S wind 25 kt. Seas 11 ft. Rain.\n.SUN NIGHT...S wind 25 kt. Seas 12 ft. Rain.\n.MON...SW wind 15 kt. Seas 10 ft.\n.TUE...SW wind 15 kt. Seas 8 ft.\n.WED...S wind 15 kt. Seas 8 ft.",
        "instruction": null,
        "response": "Avoid",
        "note": null,
        "parameters": {
          "AWIPSidentifier": [
            "CWFAEG"
          ],
          "WMOidentifier": [
            "FZAK52 PAJK 261058"
          ],
          "NWSheadline": [
            "SMALL CRAFT ADVISORY THROUGH THROUGH LATE TONIGHT"
          ],
          "BLOCKCHANNEL": [
            "EAS",
            "NWEM",
            "CMAS"
          ],
          "VTEC": [
            "/O.NEW.PAJK.SC.Y.2748.260926T1000Z-260927T1300Z/"
          ],
          "eventEndingTime": [
            "2026-09-27T05:00:00-08:00"
          ]
        },
        "scope": "Public",
        "code": "IPAWSv1.0",
        "language": "en-US",
        "web": "http://www.weather.gov",
        "eventCode": {
          "SAME": [
            "NWS"
          ],
          "NationalWeatherService": [
            "SCY"
          ]
        }
      }
    },
    {
      "id": "https://api.weather.gov/alerts/urn:oid:2.49.0.1.840.0.92cffd6c4470d390810eaba5e08458c0fb51533e.001.1",
      "type": "Feature",
      "geometry": null,
      "properties": {
        "@id": "https://api.weather.gov/alerts/urn:oid:2.49.0.1.840.0.92cffd6c4470d390810eaba5e08458c0fb51533e.001.1",
        "@type": "wx:Alert",
        "id": "urn:oid:2.49.0.1.840.0.92cffd6c4470d390810eaba5e08458c0fb51533e.001.1",
        "areaDesc": "Carlton/South St. Louis; Douglas",
        "geocode": {
          "SAME": [
            "027017",
            "027137",
            "055031"
          ],
          "UGC": [
            "MNZ037",
            "WIZ001"
          ]
        },
        "affectedZones": [
          "https://api.weather.gov/zones/forecast/MNZ037",
          "https://api.weather.gov/zones/forecast/WIZ001"
        ],
        "references": [],
        "sent": "2026-09-26T01:40:00-05:00",
        "effective": "2026-09-26T01:40:00-05:00",
        "onset": "2026-09-26T12:00:00-05:00",
        "expires": "2026-09-26T22:00:00-05:00",
        "ends": "2026-09-26T22:00:00-05:00",
        "status": "Actual",
        "messageType": "Alert",
        "category": "Met",
        "severity": "Moderate",
        "certainty": "Likely",
        "urgency": "Expected",
        "event": "Beach Hazards Statement",
        "sender": "w-nws.webmaster@noaa.gov",
        "senderName": "NWS Duluth MN",
        "headline": "Beach Hazards Statement issued September 26 at 1:40AM CDT until September 26 at 10:00PM CDT by NWS Duluth MN",
        "description": "* WHAT...Dangerous swimming conditions are expected along the\nLake Superior shoreline due to high wave action and strong rip\ncurrents.\n\n* WHERE...Minnesota Park Point and Wisconsin Point Beaches.\n\n* WHEN...From noon CDT today through this evening.\n\n* IMPACTS...Life-threatening waves and rip currents are expected.\nStay out of the water and stay away from dangerous areas like\npiers and breakwalls.",
        "instruction": "Remain out of the water to avoid hazardous swimming conditions.",
        "response": "Avoid",
        "note": null,
        "parameters": {
          "AWIPSidentifier": [
            "CFWDLH"
          ],
          "WMOidentifier": [
            "WHUS43 KDLH 260640"
          ],
          "NWSheadline": [
            "BEACH HAZARDS STATEMENT IN EFFECT FROM NOON CDT TODAY THROUGH THIS EVENING"
          ],
          "BLOCKCHANNEL": [
            "EAS",
            "NWEM",
            "CMAS"
          ],
          "VTEC": [
            "/O.NEW.KDLH.BH.S.0025.260926T1700Z-260927T0300Z/"
          ],
          "eventEndingTime": [
            "2026-09-26T22:00:00-05:00"
          ]
        },
        "scope": "Public",
        "code": "IPAWSv1.0",
        "language": "en-US",
        "web": "http://www.weather.gov",
        "eventCode": {
          "SAME": [
            "NWS"
          ],
          "NationalWeatherService": [
            "BHS"
          ]
        }
      }
    },
    {
      "id": "https://api.weather.gov/alerts/urn:oid:2.49.0.1.840.0.b11d61c0efcce07c0173cab89ca092d0ac2bdd62.001.2",
      "type": "Feature",
      "geometry": null,
      "properties": {
        "@id": "https://api.weather.gov/alerts/urn:oid:2.49.0.1.840.0.b11d61c0efcce07c0173cab89ca092d0ac2bdd62.001.2",
        "@type": "wx:Alert",
        "id": "urn:oid:2.49.0.1.840.0.b11d61c0efcce07c0173cab89ca092d0ac2bdd62.001.2",
        "areaDesc": "Coastal Palm Beach County",
        "geocode": {
          "SAME": [
            "012099"
          ],
          "UGC": [
            "FLZ168"
          ]
        },
        "affectedZones": [
          "https://api.weather.gov/zones/forecast/FLZ168"
        ],
        "references": [],
        "sent": "2026-09-26T02:30:00-04:00",
        "effective": "2026-09-26T02:30:00-04:00",
        "onset": "2026-09-26T02:30:00-04:00",
        "expires": "2026-09-26T20:00:00-04:00",
        "ends": "2026-09-27T13:00:00-04:00",
        "status": "Actual",
        "messageType": "Alert",
        "category": "Met",
        "severity": "Minor",
        "certainty": "Likely",
        "urgency": "Expected",
        "event": "Coastal Flood Advisory",
        "sender": "w-nws.webmaster@noaa.gov",
        "senderName": "NWS Miami FL",
        "headline": "Coastal Flood Advisory issued September 26 at 2:30AM EDT until September 27 at 1:00PM EDT by NWS Miami FL",
        "description": "* WHAT...For the Coastal Flood Advisory, moderate coastal\nflooding. For the High Rip Current Risk, dangerous rip\ncurrents. For the High Surf Advisory, large breaking waves of\n6 to 8 feet in the surf zone.\n\n* WHERE...Coastal Palm Beach County.\n\n* WHEN...For the Coastal Flood Advisory, until 1 PM EDT Sunday.\nFor the High Rip Current Risk, through Sunday evening. For the\nHigh Surf Advisory, until 8 PM EDT this evening.\n\n* IMPACTS...Flooding of lots, parks, and roads with only isolated\nroad closures expected. Dangerous swimming and surfing\nconditions and localized beach erosion. Rip currents can sweep\neven the best swimmers away from shore into deeper water.",
        "instruction": "If travel is required, allow extra time as some roads may be\nclosed. Do not drive around barricades or through water of\nunknown depth. Take the necessary actions to protect flood-prone\nproperty.\n\nInexperienced swimmers should remain out of the water due to\ndangerous surf conditions.\n\nSwim near a lifeguard. If caught in a rip current, relax and\nfloat. Don't swim against the current. If able, swim in a\ndirection following the shoreline. If unable to escape, face the\nshore and call or wave for help.",
        "response": "Monitor",
        "note": null,
        "parameters": {
          "AWIPSidentifier": [
            "CFWMFL"
          ],
          "WMOidentifier": [
            "WHUS42 KMFL 260630"
          ],
          "NWSheadline": [
            "COASTAL FLOOD ADVISORY IN EFFECT UNTIL 1 PM EDT SUNDAY... ...HIGH RIP CURRENT RISK NOW IN EFFECT THROUGH SUNDAY EVENING... ...HIGH SURF ADVISORY REMAINS IN EFFECT UNTIL 8 PM EDT THIS EVENING"
          ],
          "BLOCKCHANNEL": [
            "EAS",
            "NWEM",
            "CMAS"
          ],
          "VTEC": [
            "/O.NEW.KMFL.CF.Y.0001.260926T0630Z-260927T1700Z/"
          ],
          "eventEndingTime": [
            "2026-09-27T13:00:00-04:00"
          ]
        },
        "scope": "Public",
        "code": "IPAWSv1.0",
        "language": "en-US",
        "web": "http://www.weather.gov",
        "eventCode": {
          "SAME": [
            "NWS"
          ],
          "NationalWeatherService": [
            "CFY"
          ]
        }
      }
    },
    {
      "id": "https://api.weather.gov/alerts/urn:oid:2.49.0.1.840.0.b11d61c0efcce07c0173cab89ca092d0ac2bdd62.002.2",
      "type": "Feature",
      "geometry": null,
      "properties": {
        "@id": "https://api.weather.gov/alerts/urn:oid:2.49.0.1.840.0.b11d61c0efcce07c0173cab89ca092d0ac2bdd62.002.2",
        "@type": "wx:Alert",
        "id": "urn:oid:2.49.0.1.840.0.b11d61c0efcce07c0173cab89ca092d0ac2bdd62.002.2",
        "areaDesc": "Coastal Broward County",
        "geocode": {
          "SAME": [
            "012011"
          ],
          "UGC": [
            "FLZ172"
          ]
        },
        "affectedZones": [
          "https://api.weather.gov/zones/forecast/FLZ172"
        ],
        "references": [],
        "sent": "2026-09-26T02:30:00-04:00",
        "effective": "2026-09-26T02:30:00-04:00",
        "onset": "2026-09-26T02:30:00-04:00",
        "expires": "2026-09-26T20:00:00-04:00",
        "ends": "2026-09-27T13:00:00-04:00",
        "status": "Actual",
        "messageType": "Alert",
        "category": "Met",
        "severity": "Minor",
        "certainty": "Likely",
        "urgency": "Expected",
        "event": "Coastal Flood Advisory",
        "sender": "w-nws.webmaster@noaa.gov",
        "senderName": "NWS Miami FL",
        "headline": "Coastal Flood Advisory issued September 26 at 2:30AM EDT until September 27 at 1:00PM EDT by NWS Miami FL",
        "description": "* WHAT...For the Coastal Flood Advisory, moderate coastal\nflooding. For the High Rip Current Risk, dangerous rip\ncurrents.\n\n* WHERE...Coastal Broward County.\n\n* WHEN...For the Coastal Flood Advisory, until 1 PM EDT Sunday.\nFor the High Rip Current Risk, through Sunday evening.\n\n* IMPACTS...Flooding of lots, parks, and roads with only isolated\nroad closures expected. Rip currents can sweep even the best\nswimmers away from shore into deeper water.",
        "instruction": "If travel is required, allow extra time as some roads may be\nclosed. Do not drive around barricades or through water of\nunknown depth. Take the necessary actions to protect flood-prone\nproperty.\n\nSwim near a lifeguard. If caught in a rip current, relax and\nfloat. Don't swim against the current. If able, swim in a\ndirection following the shoreline. If unable to escape, face the\nshore and call or wave for help.",
        "response": "Monitor",
        "note": null,
        "parameters": {
          "AWIPSidentifier": [
            "CFWMFL"
          ],
          "WMOidentifier": [
            "WHUS42 KMFL 260630"
          ],
          "NWSheadline": [
            "COASTAL FLOOD ADVISORY IN EFFECT UNTIL 1 PM EDT SUNDAY... ...HIGH RIP CURRENT RISK NOW IN EFFECT THROUGH SUNDAY EVENING"
          ],
          "BLOCKCHANNEL": [
            "EAS",
            "NWEM",
            "CMAS"
          ],
          "VTEC": [
            "/O.NEW.KMFL.CF.Y.0001.260926T0630Z-260927T1700Z/"
          ],
          "eventEndingTime": [
            "2026-09-27T13:00:00-04:00"
          ]
        },
        "scope": "Public",
        "code": "IPAWSv1.0",
        "language": "en-US",
        "web": "http://www.weather.gov",
        "eventCode": {
          "SAME": [
            "NWS"
          ],
          "NationalWeatherService": [
            "CFY"
          ]
        }
      }
    },
    {
      "id": "https://api.weather.gov/alerts/urn:oid:2.49.0.1.840.0.b62ffcf4b44357ac5fe9762d7d370ddc81fdc498.016.1",
      "type": "Feature",
      "geometry": null,
      "properties": {
        "@id": "https://api.weather.gov/alerts/urn:oid:2.49.0.1.840.0.b62ffcf4b44357ac5fe9762d7d370ddc81fdc498.016.1",
        "@type": "wx:Alert",
        "id": "urn:oid:2.49.0.1.840.0.b62ffcf4b44357ac5fe9762d7d370ddc81fdc498.016.1",
        "areaDesc": "Kwemeluk Pass to Kwikpak Pass from 15 to 90 NM",
        "geocode": {
          "SAME": [
            "058853"
          ],
          "UGC": [
            "PKZ853"
          ]
        },
        "affectedZones": [
          "https://api.weather.gov/zones/forecast/PKZ853"
        ],
        "references": [],
        "sent": "2026-09-25T15:49:00-08:00",
        "effective": "2026-09-25T15:49:00-08:00",
        "onset": "2026-09-25T15:00:00-08:00",
        "expires": "2026-09-26T06:00:00-08:00",
        "ends": "2026-09-26T17:00:00-08:00",
        "status": "Actual",
        "messageType": "Alert",
        "category": "Met",
        "severity": "Minor",
        "certainty": "Likely",
        "urgency": "Expected",
        "event": "Small Craft Advisory",
        "sender": "w-nws.webmaster@noaa.gov",
        "senderName": "NWS Fairbanks AK",
        "headline": "Small Craft Advisory issued September 25 at 3:49PM AKDT until September 26 at 5:00PM AKDT by NWS Fairbanks AK",
        "description": "Northwestern Alaska Coastal Waters out 100 NM\n\nWind forecasts reflect the predominant speed and direction\nexpected. Sea forecasts represent the average of the highest one-\nthird of the combined wind-wave and swell height.\n\n.TONIGHT...E winds 25 kt. Seas 6 ft.\n.SAT...E winds 25 kt. Seas 6 ft.\n.SAT NIGHT...NE winds 15 kt. Seas 4 ft.\n.SUN...N winds 20 kt. Seas 4 ft.\n.SUN NIGHT...N winds 25 kt. Seas 8 ft.\n.MON...N winds 30 kt. Seas 8 ft.\n.MON NIGHT...N winds 25 kt. Seas 8 ft.\n.TUE...N winds 25 kt. Seas 7 ft.\n.WED...N winds 20 kt. Seas 4 ft.",
        "instruction": null,
        "response": "Avoid",
        "note": null,
        "parameters": {
          "AWIPSidentifier": [
            "CWFWCZ"
          ],
          "WMOidentifier": [
            "FZAK52 PAFG 252349"
          ],
          "NWSheadline": [
            "SMALL CRAFT ADVISORY IN EFFECT THROUGH SATURDAY AFTERNOON"
          ],
          "BLOCKCHANNEL": [
            "EAS",
            "NWEM",
            "CMAS"
          ],
          "VTEC": [
            "/O.NEW.PAFG.SC.Y.6758.260925T2300Z-260927T0100Z/"
          ],
          "eventEndingTime": [
            "2026-09-26T17:00:00-08:00"
          ]
        },
        "scope": "Public",
        "code": "IPAWSv1.0",
        "language": "en-US",
        "web": "http://www.weather.gov",
        "eventCode": {
          "SAME": [
            "NWS"
          ],
          "NationalWeatherService": [
            "SCY"
          ]
        }
      }
    },
    {
      "id": "https://api.weather.gov/alerts/urn:oid:2.49.0.1.840.0.b62ffcf4b44357ac5fe9762d7d370ddc81fdc498.013.1",
      "type": "Feature",
      "geometry": null,
      "properties": {
        "@id": "https://api.weather.gov/alerts/urn:oid:2.49.0.1.840.0.b62ffcf4b44357ac5fe9762d7d370ddc81fdc498.013.1",
        "@type": "wx:Alert",
        "id": "urn:oid:2.49.0.1.840.0.b62ffcf4b44357ac5fe9762d7d370ddc81fdc498.013.1",
        "areaDesc": "Etolin Strait to Kwemeluk Pass from 15 to 90 NM",
        "geocode": {
          "SAME": [
            "058850"
          ],
          "UGC": [
            "PKZ850"
          ]
        },
        "affectedZones": [
          "https://api.weather.gov/zones/forecast/PKZ850"
        ],
        "references": [],
        "sent": "2026-09-25T15:49:00-08:00",
        "effective": "2026-09-25T15:49:00-08:00",
        "onset": "2026-09-25T15:00:00-08:00",
        "expires": "2026-09-26T06:00:00-08:00",
        "ends": "2026-09-26T17:00:00-08:00",
        "status": "Actual",
        "messageType": "Alert",
        "category": "Met",
        "severity": "Minor",
        "certainty": "Likely",
        "urgency": "Expected",
        "event": "Small Craft Advisory",
        "sender": "w-nws.webmaster@noaa.gov",
        "senderName": "NWS Fairbanks AK",
        "headline": "Small Craft Advisory issued September 25 at 3:49PM AKDT until September 26 at 5:00PM AKDT by NWS Fairbanks AK",
        "description": "Northwestern Alaska Coastal Waters out 100 NM\n\nWind forecasts reflect the predominant speed and direction\nexpected. Sea forecasts represent the average of the highest one-\nthird of the combined wind-wave and swell height.\n\n.TONIGHT...E winds 30 kt. Seas 7 ft.\n.SAT...E winds 25 kt. Seas 6 ft.\n.SAT NIGHT...N winds 20 kt. Seas 5 ft.\n.SUN...N winds 25 kt. Seas 5 ft.\n.SUN NIGHT...N winds 25 kt. Seas 8 ft.\n.MON...N winds 25 kt. Seas 9 ft.\n.MON NIGHT...NW winds 20 kt. Seas 8 ft.\n.TUE...N winds 25 kt. Seas 6 ft.\n.WED...N winds 20 kt. Seas 4 ft.",
        "instruction": null,
        "response": "Avoid",
        "note": null,
        "parameters": {
          "AWIPSidentifier": [
            "CWFWCZ"
          ],
          "WMOidentifier": [
            "FZAK52 PAFG 252349"
          ],
          "NWSheadline": [
            "SMALL CRAFT ADVISORY IN EFFECT THROUGH SATURDAY MORNING"
          ],
          "BLOCKCHANNEL": [
            "EAS",
            "NWEM",
            "CMAS"
          ],
          "VTEC": [
            "/O.NEW.PAFG.SC.Y.6755.260925T2300Z-260927T0100Z/"
          ],
          "eventEndingTime": [
            "2026-09-26T17:00:00-08:00"
          ]
        },
        "scope": "Public",
        "code": "IPAWSv1.0",
        "language": "en-US",
        "web": "http://www.weather.gov",
        "eventCode": {
          "SAME": [
            "NWS"
          ],
          "NationalWeatherService": [
            "SCY"
          ]
        }
      }
    },
    {
      "id": "https://api.weather.gov/alerts/urn:oid:2.49.0.1.840.0.b62ffcf4b44357ac5fe9762d7d370ddc81fdc498.006.1",
      "type": "Feature",
      "geometry": null,
      "properties": {
        "@id": "https://api.weather.gov/alerts/urn:oid:2.49.0.1.840.0.b62ffcf4b44357ac5fe9762d7d370ddc81fdc498.006.1",
        "@type": "wx:Alert",
        "id": "urn:oid:2.49.0.1.840.0.b62ffcf4b44357ac5fe9762d7d370ddc81fdc498.006.1",
        "areaDesc": "Sledge Island to Wales out to 15 NM",
        "geocode": {
          "SAME": [
            "058806"
          ],
          "UGC": [
            "PKZ806"
          ]
        },
        "affectedZones": [
          "https://api.weather.gov/zones/forecast/PKZ806"
        ],
        "references": [],
        "sent": "2026-09-25T15:49:00-08:00",
        "effective": "2026-09-25T15:49:00-08:00",
        "onset": "2026-09-25T15:00:00-08:00",
        "expires": "2026-09-26T06:00:00-08:00",
        "ends": "2026-09-26T17:00:00-08:00",
        "status": "Actual",
        "messageType": "Alert",
        "category": "Met",
        "severity": "Minor",
        "certainty": "Likely",
        "urgency": "Expected",
        "event": "Small Craft Advisory",
        "sender": "w-nws.webmaster@noaa.gov",
        "senderName": "NWS Fairbanks AK",
        "headline": "Small Craft Advisory issued September 25 at 3:49PM AKDT until September 26 at 5:00PM AKDT by NWS Fairbanks AK",
        "description": "Northwestern Alaska Coastal Waters out 100 NM\n\nWind forecasts reflect the predominant speed and direction\nexpected. Sea forecasts represent the average of the highest one-\nthird of the combined wind-wave and swell height.\n\n.TONIGHT...E winds 25 kt. Seas 4 ft.\n.SAT...E winds 25 kt. Seas 5 ft.\n.SAT NIGHT...N winds 20 kt. Seas 4 ft.\n.SUN...N winds 25 kt. Seas 5 ft.\n.SUN NIGHT...N winds 30 kt. Seas 6 ft.\n.MON...N winds 30 kt. Seas 7 ft.\n.MON NIGHT...N winds 30 kt. Seas 7 ft.\n.TUE...N winds 30 kt. Seas 6 ft.\n.WED...N winds 25 kt. Seas 5 ft.",
        "instruction": null,
        "response": "Avoid",
        "note": null,
        "parameters": {
          "AWIPSidentifier": [
            "CWFWCZ"
          ],
          "WMOidentifier": [
            "FZAK52 PAFG 252349"
          ],
          "NWSheadline": [
            "SMALL CRAFT ADVISORY IN EFFECT THROUGH SATURDAY MORNING"
          ],
          "BLOCKCHANNEL": [
            "EAS",
            "NWEM",
            "CMAS"
          ],
          "VTEC": [
            "/O.NEW.PAFG.SC.Y.6751.260925T2300Z-260927T0100Z/"
          ],
          "eventEndingTime": [
            "2026-09-26T17:00:00-08:00"
          ]
        },
        "scope": "Public",
        "code": "IPAWSv1.0",
        "language": "en-US",
        "web": "http://www.weather.gov",
        "eventCode": {
          "SAME": [
            "NWS"
          ],
          "NationalWeatherService": [
            "SCY"
          ]
        }
      }
    },
    {
      "id": "https://api.weather.gov/alerts/urn:oid:2.49.0.1.840.0.b62ffcf4b44357ac5fe9762d7d370ddc81fdc498.017.1",
      "type": "Feature",
      "geometry": null,
      "properties": {
        "@id": "https://api.weather.gov/alerts/urn:oid:2.49.0.1.840.0.b62ffcf4b44357ac5fe9762d7d370ddc81fdc498.017.1",
        "@type": "wx:Alert",
        "id": "urn:oid:2.49.0.1.840.0.b62ffcf4b44357ac5fe9762d7d370ddc81fdc498.017.1",
        "areaDesc": "Sledge Island to Wales greater than 15 NM",
        "geocode": {
          "SAME": [
            "058854"
          ],
          "UGC": [
            "PKZ854"
          ]
        },
        "affectedZones": [
          "https://api.weather.gov/zones/forecast/PKZ854"
        ],
        "references": [],
        "sent": "2026-09-25T15:49:00-08:00",
        "effective": "2026-09-25T15:49:00-08:00",
        "onset": "2026-09-25T15:00:00-08:00",
        "expires": "2026-09-26T06:00:00-08:00",
        "ends": "2026-09-26T17:00:00-08:00",
        "status": "Actual",
        "messageType": "Alert",
        "category": "Met",
        "severity": "Minor",
        "certainty": "Likely",
        "urgency": "Expected",
        "event": "Small Craft Advisory",
        "sender": "w-nws.webmaster@noaa.gov",
        "senderName": "NWS Fairbanks AK",
        "headline": "Small Craft Advisory issued September 25 at 3:49PM AKDT until September 26 at 5:00PM AKDT by NWS Fairbanks AK",
        "description": "Northwestern Alaska Coastal Waters out 100 NM\n\nWind forecasts reflect the predominant speed and direction\nexpected. Sea forecasts represent the average of the highest one-\nthird of the combined wind-wave and swell height.\n\n.TONIGHT...E winds 25 kt. Seas 6 ft.\n.SAT...NE winds 25 kt. Seas 6 ft.\n.SAT NIGHT...N winds 20 kt. Seas 4 ft.\n.SUN...N winds 25 kt. Seas 6 ft.\n.SUN NIGHT...N winds 30 kt. Seas 8 ft.\n.MON...N winds 30 kt. Seas 9 ft.\n.MON NIGHT...N winds 30 kt. Seas 8 ft.\n.TUE...N winds 30 kt. Seas 7 ft.\n.WED...N winds 25 kt. Seas 5 ft.",
        "instruction": null,
        "response": "Avoid",
        "note": null,
        "parameters": {
          "AWIPSidentifier": [
            "CWFWCZ"
          ],
          "WMOidentifier": [
            "FZAK52 PAFG 252349"
          ],
          "NWSheadline": [
            "SMALL CRAFT ADVISORY IN EFFECT THROUGH SATURDAY AFTERNOON"
          ],
          "BLOCKCHANNEL": [
            "EAS",
            "NWEM",
            "CMAS"
          ],
          "VTEC": [
            "/O.NEW.PAFG.SC.Y.6759.260925T2300Z-260927T0100Z/"
          ],
          "eventEndingTime": [
            "2026-09-26T17:00:00-08:00"
          ]
        },
        "scope": "Public",
        "code": "IPAWSv1.0",
        "language": "en-US",
        "web": "http://www.weather.gov",
        "eventCode": {
          "SAME": [
            "NWS"
          ],
          "NationalWeatherService": [
            "SCY"
          ]
        }
      }
    },
    {
      "id": "https://api.weather.gov/alerts/urn:oid:2.49.0.1.840.0.b62ffcf4b44357ac5fe9762d7d370ddc81fdc498.011.1",
      "type": "Feature",
      "geometry": null,
      "properties": {
        "@id": "https://api.weather.gov/alerts/urn:oid:2.49.0.1.840.0.b62ffcf4b44357ac5fe9762d7d370ddc81fdc498.011.1",
        "@type": "wx:Alert",
        "id": "urn:oid:2.49.0.1.840.0.b62ffcf4b44357ac5fe9762d7d370ddc81fdc498.011.1",
        "areaDesc": "South Side of Saint Lawrence Island out to 15 NM",
        "geocode": {
          "SAME": [
            "058816"
          ],
          "UGC": [
            "PKZ816"
          ]
        },
        "affectedZones": [
          "https://api.weather.gov/zones/forecast/PKZ816"
        ],
        "references": [],
        "sent": "2026-09-25T15:49:00-08:00",
        "effective": "2026-09-25T15:49:00-08:00",
        "onset": "2026-09-26T05:00:00-08:00",
        "expires": "2026-09-26T06:00:00-08:00",
        "ends": "2026-09-26T17:00:00-08:00",
        "status": "Actual",
        "messageType": "Alert",
        "category": "Met",
        "severity": "Minor",
        "certainty": "Likely",
        "urgency": "Expected",
        "event": "Small Craft Advisory",
        "sender": "w-nws.webmaster@noaa.gov",
        "senderName": "NWS Fairbanks AK",
        "headline": "Small Craft Advisory issued September 25 at 3:49PM AKDT until September 26 at 5:00PM AKDT by NWS Fairbanks AK",
        "description": "Northwestern Alaska Coastal Waters out 100 NM\n\nWind forecasts reflect the predominant speed and direction\nexpected. Sea forecasts represent the average of the highest one-\nthird of the combined wind-wave and swell height.\n\n.TONIGHT...NE winds 20 kt. Seas 7 ft.\n.SAT...NE winds 25 kt. Seas 6 ft.\n.SAT NIGHT...N winds 20 kt. Seas 5 ft.\n.SUN...N winds 20 kt. Seas 4 ft.\n.SUN NIGHT...N winds 25 kt. Seas 5 ft.\n.MON...N winds 20 kt. Seas 5 ft.\n.MON NIGHT...N winds 20 kt. Seas 4 ft.\n.TUE...N winds 25 kt. Seas 5 ft.\n.WED...N winds 20 kt. Seas 4 ft.",
        "instruction": null,
        "response": "Avoid",
        "note": null,
        "parameters": {
          "AWIPSidentifier": [
            "CWFWCZ"
          ],
          "WMOidentifier": [
            "FZAK52 PAFG 252349"
          ],
          "NWSheadline": [
            "SMALL CRAFT ADVISORY IN EFFECT SATURDAY AFTERNOON"
          ],
          "BLOCKCHANNEL": [
            "EAS",
            "NWEM",
            "CMAS"
          ],
          "VTEC": [
            "/O.NEW.PAFG.SC.Y.6753.260926T1300Z-260927T0100Z/"
          ],
          "eventEndingTime": [
            "2026-09-26T17:00:00-08:00"
          ]
        },
        "scope": "Public",
        "code": "IPAWSv1.0",
        "language": "en-US",
        "web": "http://www.weather.gov",
        "eventCode": {
          "SAME": [
            "NWS"
          ],
          "NationalWeatherService": [
            "SCY"
          ]
        }
      }
    },
    {
      "id": "https://api.weather.gov/alerts/urn:oid:2.49.0.1.840.0.b62ffcf4b44357ac5fe9762d7d370ddc81fdc498.004.1",
      "type": "Feature",
      "geometry": null,
      "properties": {
        "@id": "https://api.weather.gov/alerts/urn:oid:2.49.0.1.840.0.b62ffcf4b44357ac5fe9762d7d370ddc81fdc498.004.1",
        "@type": "wx:Alert",
        "id": "urn:oid:2.49.0.1.840.0.b62ffcf4b44357ac5fe9762d7d370ddc81fdc498.004.1",
        "areaDesc": "Cape Stephens to Moses Point out to 15 NM",
        "geocode": {
          "SAME": [
            "058804"
          ],
          "UGC": [
            "PKZ804"
          ]
        },
        "affectedZones": [
          "https://api.weather.gov/zones/forecast/PKZ804"
        ],
        "references": [],
        "sent": "2026-09-25T15:49:00-08:00",
        "effective": "2026-09-25T15:49:00-08:00",
        "onset": "2026-09-25T15:00:00-08:00",
        "expires": "2026-09-26T06:00:00-08:00",
        "ends": "2026-09-26T17:00:00-08:00",
        "status": "Actual",
        "messageType": "Alert",
        "category": "Met",
        "severity": "Minor",
        "certainty": "Likely",
        "urgency": "Expected",
        "event": "Small Craft Advisory",
        "sender": "w-nws.webmaster@noaa.gov",
        "senderName": "NWS Fairbanks AK",
        "headline": "Small Craft Advisory issued September 25 at 3:49PM AKDT until September 26 at 5:00PM AKDT by NWS Fairbanks AK",
        "description": "Northwestern Alaska Coastal Waters out 100 NM\n\nWind forecasts reflect the predominant speed and direction\nexpected. Sea forecasts represent the average of the highest one-\nthird of the combined wind-wave and swell height.\n\n.TONIGHT...E winds 25 kt. Seas building to 5 ft.\n.SAT...E winds 25 kt. Seas 5 ft.\n.SAT NIGHT...NE winds 15 kt. Seas 3 ft.\n.SUN...N winds 15 kt. Seas 3 ft.\n.SUN NIGHT...N winds 15 kt. Seas 3 ft.\n.MON...N winds 15 kt. Seas 3 ft.\n.MON NIGHT...N winds 15 kt. Seas 3 ft.\n.TUE...N winds 15 kt. Seas 3 ft.\n.WED...N winds 15 kt. Seas 3 ft.",
        "instruction": null,
        "response": "Avoid",
        "note": null,
        "parameters": {
          "AWIPSidentifier": [
            "CWFWCZ"
          ],
          "WMOidentifier": [
            "FZAK52 PAFG 252349"
          ],
          "NWSheadline": [
            "SMALL CRAFT ADVISORY IN EFFECT THROUGH SATURDAY AFTERNOON"
          ],
          "BLOCKCHANNEL": [
            "EAS",
            "NWEM",
            "CMAS"
          ],
          "VTEC": [
            "/O.NEW.PAFG.SC.Y.6749.260925T2300Z-260927T0100Z/"
          ],
          "eventEndingTime": [
            "2026-09-26T17:00:00-08:00"
          ]
        },
        "scope": "Public",
        "code": "IPAWSv1.0",
        "language": "en-US",
        "web": "http://www.weather.gov",
        "eventCode": {
          "SAME": [
            "NWS"
          ],
          "NationalWeatherService": [
            "SCY"
          ]
        }
      }
    },
    {
      "id": "https://api.weather.gov/alerts/urn:oid:2.49.0.1.840.0.b62ffcf4b44357ac5fe9762d7d370ddc81fdc498.002.1",
      "type": "Feature",
      "geometry": null,
      "properties": {
        "@id": "https://api.weather.gov/alerts/urn:oid:2.49.0.1.840.0.b62ffcf4b44357ac5fe9762d7d370ddc81fdc498.002.1",
        "@type": "wx:Alert",
        "id": "urn:oid:2.49.0.1.840.0.b62ffcf4b44357ac5fe9762d7d370ddc81fdc498.002.1",
        "areaDesc": "Dall Point to Kwikpak Pass out to 15 NM",
        "geocode": {
          "SAME": [
            "058802"
          ],
          "UGC": [
            "PKZ802"
          ]
        },
        "affectedZones": [
          "https://api.weather.gov/zones/forecast/PKZ802"
        ],
        "references": [],
        "sent": "2026-09-25T15:49:00-08:00",
        "effective": "2026-09-25T15:49:00-08:00",
        "onset": "2026-09-25T15:00:00-08:00",
        "expires": "2026-09-26T06:00:00-08:00",
        "ends": "2026-09-26T17:00:00-08:00",
        "status": "Actual",
        "messageType": "Alert",
        "category": "Met",
        "severity": "Minor",
        "certainty": "Likely",
        "urgency": "Expected",
        "event": "Small Craft Advisory",
        "sender": "w-nws.webmaster@noaa.gov",
        "senderName": "NWS Fairbanks AK",
        "headline": "Small Craft Advisory issued September 25 at 3:49PM AKDT until September 26 at 5:00PM AKDT by NWS Fairbanks AK",
        "description": "Northwestern Alaska Coastal Waters out 100 NM\n\nWind forecasts reflect the predominant speed and direction\nexpected. Sea forecasts represent the average of the highest one-\nthird of the combined wind-wave and swell height.\n\n.TONIGHT...E winds 25 kt. Seas 5 ft.\n.SAT...E winds 25 kt. Seas 4 ft.\n.SAT NIGHT...NE winds 15 kt. Seas 3 ft.\n.SUN...N winds 20 kt. Seas 4 ft.\n.SUN NIGHT...N winds 25 kt. Seas 5 ft.\n.MON...N winds 25 kt. Seas 6 ft.\n.MON NIGHT...NW winds 25 kt. Seas 6 ft.\n.TUE...N winds 20 kt. Seas 5 ft.\n.WED...N winds 20 kt. Seas 4 ft.",
        "instruction": null,
        "response": "Avoid",
        "note": null,
        "parameters": {
          "AWIPSidentifier": [
            "CWFWCZ"
          ],
          "WMOidentifier": [
            "FZAK52 PAFG 252349"
          ],
          "NWSheadline": [
            "SMALL CRAFT ADVISORY IN EFFECT THROUGH SATURDAY MORNING"
          ],
          "BLOCKCHANNEL": [
            "EAS",
            "NWEM",
            "CMAS"
          ],
          "VTEC": [
            "/O.NEW.PAFG.SC.Y.6747.260925T2300Z-260927T0100Z/"
          ],
          "eventEndingTime": [
            "2026-09-26T17:00:00-08:00"
          ]
        },
        "scope": "Public",
        "code": "IPAWSv1.0",
        "language": "en-US",
        "web": "http://www.weather.gov",
        "eventCode": {
          "SAME": [
            "NWS"
          ],
          "NationalWeatherService": [
            "SCY"
          ]
        }
      }
    },
    {
      "id": "https://api.weather.gov/alerts/urn:oid:2.49.0.1.840.0.b62ffcf4b44357ac5fe9762d7d370ddc81fdc498.018.1",
      "type": "Feature",
      "geometry": null,
      "properties": {
        "@id": "https://api.weather.gov/alerts/urn:oid:2.49.0.1.840.0.b62ffcf4b44357ac5fe9762d7d370ddc81fdc498.018.1",
        "@type": "wx:Alert",
        "id": "urn:oid:2.49.0.1.840.0.b62ffcf4b44357ac5fe9762d7d370ddc81fdc498.018.1",
        "areaDesc": "Kotzebue Sound greater than 10 NM",
        "geocode": {
          "SAME": [
            "058855"
          ],
          "UGC": [
            "PKZ855"
          ]
        },
        "affectedZones": [
          "https://api.weather.gov/zones/forecast/PKZ855"
        ],
        "references": [],
        "sent": "2026-09-25T15:49:00-08:00",
        "effective": "2026-09-25T15:49:00-08:00",
        "onset": "2026-09-25T15:00:00-08:00",
        "expires": "2026-09-26T06:00:00-08:00",
        "ends": "2026-09-26T17:00:00-08:00",
        "status": "Actual",
        "messageType": "Alert",
        "category": "Met",
        "severity": "Minor",
        "certainty": "Likely",
        "urgency": "Expected",
        "event": "Small Craft Advisory",
        "sender": "w-nws.webmaster@noaa.gov",
        "senderName": "NWS Fairbanks AK",
        "headline": "Small Craft Advisory issued September 25 at 3:49PM AKDT until September 26 at 5:00PM AKDT by NWS Fairbanks AK",
        "description": "Northwestern Alaska Coastal Waters out 100 NM\n\nWind forecasts reflect the predominant speed and direction\nexpected. Sea forecasts represent the average of the highest one-\nthird of the combined wind-wave and swell height.\n\n.TONIGHT...E winds 25 kt. Seas 4 ft.\n.SAT...E winds 25 kt. Seas 4 ft.\n.SAT NIGHT...E winds 15 kt. Seas 3 ft.\n.SUN...N winds 10 kt. Seas 2 ft.\n.SUN NIGHT...NW winds 15 kt. Seas 3 ft.\n.MON...N winds 20 kt. Seas 4 ft.\n.MON NIGHT...N winds 20 kt. Seas 4 ft.\n.TUE...N winds 20 kt. Seas 4 ft.\n.WED...N winds 20 kt. Seas 4 ft.",
        "instruction": null,
        "response": "Avoid",
        "note": null,
        "parameters": {
          "AWIPSidentifier": [
            "CWFWCZ"
          ],
          "WMOidentifier": [
            "FZAK52 PAFG 252349"
          ],
          "NWSheadline": [
            "SMALL CRAFT ADVISORY IN EFFECT THROUGH SATURDAY MORNING"
          ],
          "BLOCKCHANNEL": [
            "EAS",
            "NWEM",
            "CMAS"
          ],
          "VTEC": [
            "/O.NEW.PAFG.SC.Y.6760.260925T2300Z-260927T0100Z/"
          ],
          "eventEndingTime": [
            "2026-09-26T17:00:00-08:00"
          ]
        },
        "scope": "Public",
        "code": "IPAWSv1.0",
        "language": "en-US",
        "web": "http://www.weather.gov",
        "eventCode": {
          "SAME": [
            "NWS"
          ],
          "NationalWeatherService": [
            "SCY"
          ]
        }
      }
    },
    {
      "id": "https://api.weather.gov/alerts/urn:oid:2.49.0.1.840.0.b62ffcf4b44357ac5fe9762d7d370ddc81fdc498.014.1",
      "type": "Feature",
      "geometry": null,
      "properties": {
        "@id": "https://api.weather.gov/alerts/urn:oid:2.49.0.1.840.0.b62ffcf4b44357ac5fe9762d7d370ddc81fdc498.014.1",
        "@type": "wx:Alert",
        "id": "urn:oid:2.49.0.1.840.0.b62ffcf4b44357ac5fe9762d7d370ddc81fdc498.014.1",
        "areaDesc": "Southwest of Saint Lawrence Island from 15 to 100 NM",
        "geocode": {
          "SAME": [
            "058851"
          ],
          "UGC": [
            "PKZ851"
          ]
        },
        "affectedZones": [
          "https://api.weather.gov/zones/forecast/PKZ851"
        ],
        "references": [],
        "sent": "2026-09-25T15:49:00-08:00",
        "effective": "2026-09-25T15:49:00-08:00",
        "onset": "2026-09-25T15:00:00-08:00",
        "expires": "2026-09-26T06:00:00-08:00",
        "ends": "2026-09-26T17:00:00-08:00",
        "status": "Actual",
        "messageType": "Alert",
        "category": "Met",
        "severity": "Minor",
        "certainty": "Likely",
        "urgency": "Expected",
        "event": "Small Craft Advisory",
        "sender": "w-nws.webmaster@noaa.gov",
        "senderName": "NWS Fairbanks AK",
        "headline": "Small Craft Advisory issued September 25 at 3:49PM AKDT until September 26 at 5:00PM AKDT by NWS Fairbanks AK",
        "description": "Northwestern Alaska Coastal Waters out 100 NM\n\nWind forecasts reflect the predominant speed and direction\nexpected. Sea forecasts represent the average of the highest one-\nthird of the combined wind-wave and swell height.\n\n.TONIGHT...NE winds 25 kt. Seas 9 ft.\n.SAT...N winds 25 kt. Seas 7 ft.\n.SAT NIGHT...N winds 20 kt. Seas 6 ft.\n.SUN...N winds 20 kt. Seas 6 ft.\n.SUN NIGHT...N winds 20 kt. Seas 6 ft.\n.MON...N winds 15 kt. Seas 6 ft.\n.MON NIGHT...N winds 15 kt. Seas 5 ft.\n.TUE...NE winds 20 kt. Seas 4 ft.\n.WED...NE winds 20 kt. Seas 4 ft.",
        "instruction": null,
        "response": "Avoid",
        "note": null,
        "parameters": {
          "AWIPSidentifier": [
            "CWFWCZ"
          ],
          "WMOidentifier": [
            "FZAK52 PAFG 252349"
          ],
          "NWSheadline": [
            "SMALL CRAFT ADVISORY IN EFFECT THROUGH SATURDAY AFTERNOON"
          ],
          "BLOCKCHANNEL": [
            "EAS",
            "NWEM",
            "CMAS"
          ],
          "VTEC": [
            "/O.NEW.PAFG.SC.Y.6756.260925T2300Z-260927T0100Z/"
          ],
          "eventEndingTime": [
            "2026-09-26T17:00:00-08:00"
          ]
        },
        "scope": "Public",
        "code": "IPAWSv1.0",
        "language": "en-US",
        "web": "http://www.weather.gov",
        "eventCode": {
          "SAME": [
            "NWS"
          ],
          "NationalWeatherService": [
            "SCY"
          ]
        }
      }
    },
    {
      "id": "https://api.weather.gov/alerts/urn:oid:2.49.0.1.840.0.b62ffcf4b44357ac5fe9762d7d370ddc81fdc498.003.1",
      "type": "Feature",
      "geometry": null,
      "properties": {
        "@id": "https://api.weather.gov/alerts/urn:oid:2.49.0.1.840.0.b62ffcf4b44357ac5fe9762d7d370ddc81fdc498.003.1",
        "@type": "wx:Alert",
        "id": "urn:oid:2.49.0.1.840.0.b62ffcf4b44357ac5fe9762d7d370ddc81fdc498.003.1",
        "areaDesc": "Kwikpak Pass to Cape Stephens out to 15 NM",
        "geocode": {
          "SAME": [
            "058803"
          ],
          "UGC": [
            "PKZ803"
          ]
        },
        "affectedZones": [
          "https://api.weather.gov/zones/forecast/PKZ803"
        ],
        "references": [],
        "sent": "2026-09-25T15:49:00-08:00",
        "effective": "2026-09-25T15:49:00-08:00",
        "onset": "2026-09-25T15:00:00-08:00",
        "expires": "2026-09-26T06:00:00-08:00",
        "ends": "2026-09-26T17:00:00-08:00",
        "status": "Actual",
        "messageType": "Alert",
        "category": "Met",
        "severity": "Minor",
        "certainty": "Likely",
        "urgency": "Expected",
        "event": "Small Craft Advisory",
        "sender": "w-nws.webmaster@noaa.gov",
        "senderName": "NWS Fairbanks AK",
        "headline": "Small Craft Advisory issued September 25 at 3:49PM AKDT until September 26 at 5:00PM AKDT by NWS Fairbanks AK",
        "description": "Northwestern Alaska Coastal Waters out 100 NM\n\nWind forecasts reflect the predominant speed and direction\nexpected. Sea forecasts represent the average of the highest one-\nthird of the combined wind-wave and swell height.\n\n.TONIGHT...E winds 25 kt. Seas 4 ft.\n.SAT...E winds 25 kt. Seas 4 ft.\n.SAT NIGHT...NE winds 15 kt. Seas 3 ft.\n.SUN...NE winds 10 kt. Seas 2 ft.\n.SUN NIGHT...N winds 15 kt. Seas 3 ft.\n.MON...N winds 20 kt. Seas 4 ft.\n.MON NIGHT...NW winds 20 kt. Seas 4 ft.\n.TUE...N winds 15 kt. Seas 3 ft.\n.WED...N winds 15 kt. Seas 3 ft.",
        "instruction": null,
        "response": "Avoid",
        "note": null,
        "parameters": {
          "AWIPSidentifier": [
            "CWFWCZ"
          ],
          "WMOidentifier": [
            "FZAK52 PAFG 252349"
          ],
          "NWSheadline": [
            "SMALL CRAFT ADVISORY IN EFFECT THROUGH SATURDAY MORNING"
          ],
          "BLOCKCHANNEL": [
            "EAS",
            "NWEM",
            "CMAS"
          ],
          "VTEC": [
            "/O.NEW.PAFG.SC.Y.6748.260925T2300Z-260927T0100Z/"
          ],
          "eventEndingTime": [
            "2026-09-26T17:00:00-08:00"
          ]
        },
        "scope": "Public",
        "code": "IPAWSv1.0",
        "language": "en-US",
        "web": "http://www.weather.gov",
        "eventCode": {
          "SAME": [
            "NWS"
          ],
          "NationalWeatherService": [
            "SCY"
          ]
        }
      }
    },
    {
      "id": "https://api.weather.gov/alerts/urn:oid:2.49.0.1.840.0.b62ffcf4b44357ac5fe9762d7d370ddc81fdc498.001.1",
      "type": "Feature",
      "geometry": null,
      "properties": {
        "@id": "https://api.weather.gov/alerts/urn:oid:2.49.0.1.840.0.b62ffcf4b44357ac5fe9762d7d370ddc81fdc498.001.1",
        "@type": "wx:Alert",
        "id": "urn:oid:2.49.0.1.840.0.b62ffcf4b44357ac5fe9762d7d370ddc81fdc498.001.1",
        "areaDesc": "Etolin Strait to Dall Point out to 15 NM",
        "geocode": {
          "SAME": [
            "058801"
          ],
          "UGC": [
            "PKZ801"
          ]
        },
        "affectedZones": [
          "https://api.weather.gov/zones/forecast/PKZ801"
        ],
        "references": [],
        "sent": "2026-09-25T15:49:00-08:00",
        "effective": "2026-09-25T15:49:00-08:00",
        "onset": "2026-09-25T15:00:00-08:00",
        "expires": "2026-09-26T06:00:00-08:00",
        "ends": "2026-09-26T17:00:00-08:00",
        "status": "Actual",
        "messageType": "Alert",
        "category": "Met",
        "severity": "Minor",
        "certainty": "Likely",
        "urgency": "Expected",
        "event": "Small Craft Advisory",
        "sender": "w-nws.webmaster@noaa.gov",
        "senderName": "NWS Fairbanks AK",
        "headline": "Small Craft Advisory issued September 25 at 3:49PM AKDT until September 26 at 5:00PM AKDT by NWS Fairbanks AK",
        "description": "Northwestern Alaska Coastal Waters out 100 NM\n\nWind forecasts reflect the predominant speed and direction\nexpected. Sea forecasts represent the average of the highest one-\nthird of the combined wind-wave and swell height.\n\n.TONIGHT...E winds 30 kt. Seas 6 ft. Rain showers.\n.SAT...E winds 25 kt. Seas 4 ft. Rain showers.\n.SAT NIGHT...N winds 20 kt. Seas 4 ft.\n.SUN...N winds 25 kt. Seas 5 ft.\n.SUN NIGHT...NW winds 25 kt. Seas 5 ft.\n.MON...NW winds 25 kt. Seas 6 ft.\n.MON NIGHT...NW winds 25 kt. Seas 6 ft.\n.TUE...N winds 20 kt. Seas 4 ft.\n.WED...NE winds 20 kt. Seas 4 ft.",
        "instruction": null,
        "response": "Avoid",
        "note": null,
        "parameters": {
          "AWIPSidentifier": [
            "CWFWCZ"
          ],
          "WMOidentifier": [
            "FZAK52 PAFG 252349"
          ],
          "NWSheadline": [
            "SMALL CRAFT ADVISORY IN EFFECT THROUGH SATURDAY MORNING"
          ],
          "BLOCKCHANNEL": [
            "EAS",
            "NWEM",
            "CMAS"
          ],
          "VTEC": [
            "/O.NEW.PAFG.SC.Y.6746.260925T2300Z-260927T0100Z/"
          ],
          "eventEndingTime": [
            "2026-09-26T17:00:00-08:00"
          ]
        },
        "scope": "Public",
        "code": "IPAWSv1.0",
        "language": "en-US",
        "web": "http://www.weather.gov",
        "eventCode": {
          "SAME": [
            "NWS"
          ],
          "NationalWeatherService": [
            "SCY"
          ]
        }
      }
    },
    {
      "id": "https://api.weather.gov/alerts/urn:oid:2.49.0.1.840.0.b62ffcf4b44357ac5fe9762d7d370ddc81fdc498.012.1",
      "type": "Feature",
      "geometry": null,
      "properties": {
        "@id": "https://api.weather.gov/alerts/urn:oid:2.49.0.1.840.0.b62ffcf4b44357ac5fe9762d7d370ddc81fdc498.012.1",
        "@type": "wx:Alert",
        "id": "urn:oid:2.49.0.1.840.0.b62ffcf4b44357ac5fe9762d7d370ddc81fdc498.012.1",
        "areaDesc": "North Side of Saint Lawrence Island out to 15 NM",
        "geocode": {
          "SAME": [
            "058817"
          ],
          "UGC": [
            "PKZ817"
          ]
        },
        "affectedZones": [
          "https://api.weather.gov/zones/forecast/PKZ817"
        ],
        "references": [],
        "sent": "2026-09-25T15:49:00-08:00",
        "effective": "2026-09-25T15:49:00-08:00",
        "onset": "2026-09-25T15:00:00-08:00",
        "expires": "2026-09-26T06:00:00-08:00",
        "ends": "2026-09-26T17:00:00-08:00",
        "status": "Actual",
        "messageType": "Alert",
        "category": "Met",
        "severity": "Minor",
        "certainty": "Likely",
        "urgency": "Expected",
        "event": "Small Craft Advisory",
        "sender": "w-nws.webmaster@noaa.gov",
        "senderName": "NWS Fairbanks AK",
        "headline": "Small Craft Advisory issued September 25 at 3:49PM AKDT until September 26 at 5:00PM AKDT by NWS Fairbanks AK",
        "description": "Northwestern Alaska Coastal Waters out 100 NM\n\nWind forecasts reflect the predominant speed and direction\nexpected. Sea forecasts represent the average of the highest one-\nthird of the combined wind-wave and swell height.\n\n.TONIGHT...E winds 20 kt. Seas 6 ft.\n.SAT...NE winds 25 kt. Seas 5 ft.\n.SAT NIGHT...N winds 20 kt. Seas 5 ft.\n.SUN...N winds 25 kt. Seas 6 ft.\n.SUN NIGHT...N winds 25 kt. Seas 8 ft.\n.MON...N winds 20 kt. Seas 8 ft.\n.MON NIGHT...N winds 20 kt. Seas 7 ft.\n.TUE...N winds 30 kt. Seas 6 ft.\n.WED...N winds 20 kt. Seas 4 ft.",
        "instruction": null,
        "response": "Avoid",
        "note": null,
        "parameters": {
          "AWIPSidentifier": [
            "CWFWCZ"
          ],
          "WMOidentifier": [
            "FZAK52 PAFG 252349"
          ],
          "NWSheadline": [
            "SMALL CRAFT ADVISORY IN EFFECT FROM SATURDAY MORNING THROUGH SATURDAY AFTERNOON"
          ],
          "BLOCKCHANNEL": [
            "EAS",
            "NWEM",
            "CMAS"
          ],
          "VTEC": [
            "/O.NEW.PAFG.SC.Y.6754.260925T2300Z-260927T0100Z/"
          ],
          "eventEndingTime": [
            "2026-09-26T17:00:00-08:00"
          ]
        },
        "scope": "Public",
        "code": "IPAWSv1.0",
        "language": "en-US",
        "web": "http://www.weather.gov",
        "eventCode": {
          "SAME": [
            "NWS"
          ],
          "NationalWeatherService": [
            "SCY"
          ]
        }
      }
    },
    {
      "id": "https://api.weather.gov/alerts/urn:oid:2.49.0.1.840.0.b62ffcf4b44357ac5fe9762d7d370ddc81fdc498.005.1",
      "type": "Feature",
      "geometry": null,
      "properties": {
        "@id": "https://api.weather.gov/alerts/urn:oid:2.49.0.1.840.0.b62ffcf4b44357ac5fe9762d7d370ddc81fdc498.005.1",
        "@type": "wx:Alert",
        "id": "urn:oid:2.49.0.1.840.0.b62ffcf4b44357ac5fe9762d7d370ddc81fdc498.005.1",
        "areaDesc": "Moses Point to Sledge Island out to 15 NM",
        "geocode": {
          "SAME": [
            "058805"
          ],
          "UGC": [
            "PKZ805"
          ]
        },
        "affectedZones": [
          "https://api.weather.gov/zones/forecast/PKZ805"
        ],
        "references": [],
        "sent": "2026-09-25T15:49:00-08:00",
        "effective": "2026-09-25T15:49:00-08:00",
        "onset": "2026-09-25T15:00:00-08:00",
        "expires": "2026-09-26T06:00:00-08:00",
        "ends": "2026-09-26T17:00:00-08:00",
        "status": "Actual",
        "messageType": "Alert",
        "category": "Met",
        "severity": "Minor",
        "certainty": "Likely",
        "urgency": "Expected",
        "event": "Small Craft Advisory",
        "sender": "w-nws.webmaster@noaa.gov",
        "senderName": "NWS Fairbanks AK",
        "headline": "Small Craft Advisory issued September 25 at 3:49PM AKDT until September 26 at 5:00PM AKDT by NWS Fairbanks AK",
        "description": "Northwestern Alaska Coastal Waters out 100 NM\n\nWind forecasts reflect the predominant speed and direction\nexpected. Sea forecasts represent the average of the highest one-\nthird of the combined wind-wave and swell height.\n\n.TONIGHT...E winds 25 kt. Seas 5 ft.\n.SAT...E winds 25 kt. Seas 6 ft.\n.SAT NIGHT...NE winds 15 kt. Seas 3 ft.\n.SUN...N winds 15 kt. Seas 3 ft.\n.SUN NIGHT...N winds 20 kt. Seas 4 ft.\n.MON...N winds 25 kt. Seas 5 ft.\n.MON NIGHT...NW winds 25 kt. Seas 5 ft.\n.TUE...N winds 20 kt. Seas 4 ft.\n.WED...N winds 15 kt. Seas 3 ft.",
        "instruction": null,
        "response": "Avoid",
        "note": null,
        "parameters": {
          "AWIPSidentifier": [
            "CWFWCZ"
          ],
          "WMOidentifier": [
            "FZAK52 PAFG 252349"
          ],
          "NWSheadline": [
            "SMALL CRAFT ADVISORY IN EFFECT THROUGH SATURDAY AFTERNOON"
          ],
          "BLOCKCHANNEL": [
            "EAS",
            "NWEM",
            "CMAS"
          ],
          "VTEC": [
            "/O.NEW.PAFG.SC.Y.6750.260925T2300Z-260927T0100Z/"
          ],
          "eventEndingTime": [
            "2026-09-26T17:00:00-08:00"
          ]
        },
        "scope": "Public",
        "code": "IPAWSv1.0",
        "language": "en-US",
        "web": "http://www.weather.gov",
        "eventCode": {
          "SAME": [
            "NWS"
          ],
          "NationalWeatherService": [
            "SCY"
          ]
        }
      }
    },
    {
      "id": "https://api.weather.gov/alerts/urn:oid:2.49.0.1.840.0.b62ffcf4b44357ac5fe9762d7d370ddc81fdc498.015.1",
      "type": "Feature",
      "geometry": null,
      "properties": {
        "@id": "https://api.weather.gov/alerts/urn:oid:2.49.0.1.840.0.b62ffcf4b44357ac5fe9762d7d370ddc81fdc498.015.1",
        "@type": "wx:Alert",
        "id": "urn:oid:2.49.0.1.840.0.b62ffcf4b44357ac5fe9762d7d370ddc81fdc498.015.1",
        "areaDesc": "Norton Sound greater than 15 NM",
        "geocode": {
          "SAME": [
            "058852"
          ],
          "UGC": [
            "PKZ852"
          ]
        },
        "affectedZones": [
          "https://api.weather.gov/zones/forecast/PKZ852"
        ],
        "references": [],
        "sent": "2026-09-25T15:49:00-08:00",
        "effective": "2026-09-25T15:49:00-08:00",
        "onset": "2026-09-25T15:00:00-08:00",
        "expires": "2026-09-26T06:00:00-08:00",
        "ends": "2026-09-26T17:00:00-08:00",
        "status": "Actual",
        "messageType": "Alert",
        "category": "Met",
        "severity": "Minor",
        "certainty": "Likely",
        "urgency": "Expected",
        "event": "Small Craft Advisory",
        "sender": "w-nws.webmaster@noaa.gov",
        "senderName": "NWS Fairbanks AK",
        "headline": "Small Craft Advisory issued September 25 at 3:49PM AKDT until September 26 at 5:00PM AKDT by NWS Fairbanks AK",
        "description": "Northwestern Alaska Coastal Waters out 100 NM\n\nWind forecasts reflect the predominant speed and direction\nexpected. Sea forecasts represent the average of the highest one-\nthird of the combined wind-wave and swell height.\n\n.TONIGHT...E winds 25 kt. Seas 6 ft.\n.SAT...E winds 25 kt. Seas 6 ft.\n.SAT NIGHT...NE winds 15 kt. Seas 3 ft.\n.SUN...N winds 15 kt. Seas 3 ft.\n.SUN NIGHT...N winds 20 kt. Seas 4 ft.\n.MON...N winds 25 kt. Seas 4 ft.\n.MON NIGHT...N winds 20 kt. Seas 5 ft.\n.TUE...N winds 15 kt. Seas 4 ft.\n.WED...N winds 15 kt. Seas 3 ft.",
        "instruction": null,
        "response": "Avoid",
        "note": null,
        "parameters": {
          "AWIPSidentifier": [
            "CWFWCZ"
          ],
          "WMOidentifier": [
            "FZAK52 PAFG 252349"
          ],
          "NWSheadline": [
            "SMALL CRAFT ADVISORY IN EFFECT THROUGH SATURDAY AFTERNOON"
          ],
          "BLOCKCHANNEL": [
            "EAS",
            "NWEM",
            "CMAS"
          ],
          "VTEC": [
            "/O.NEW.PAFG.SC.Y.6757.260925T2300Z-260927T0100Z/"
          ],
          "eventEndingTime": [
            "2026-09-26T17:00:00-08:00"
          ]
        },
        "scope": "Public",
        "code": "IPAWSv1.0",
        "language": "en-US",
        "web": "http://www.weather.gov",
        "eventCode": {
          "SAME": [
            "NWS"
          ],
          "NationalWeatherService": [
            "SCY"
          ]
        }
      }
    },
    {
      "id": "https://api.weather.gov/alerts/urn:oid:2.49.0.1.840.0.b62ffcf4b44357ac5fe9762d7d370ddc81fdc498.009.1",
      "type": "Feature",
      "geometry": null,
      "properties": {
        "@id": "https://api.weather.gov/alerts/urn:oid:2.49.0.1.840.0.b62ffcf4b44357ac5fe9762d7d370ddc81fdc498.009.1",
        "@type": "wx:Alert",
        "id": "urn:oid:2.49.0.1.840.0.b62ffcf4b44357ac5fe9762d7d370ddc81fdc498.009.1",
        "areaDesc": "Motherwood Point to Cape Krusenstern out to 10 NM",
        "geocode": {
          "SAME": [
            "058809"
          ],
          "UGC": [
            "PKZ809"
          ]
        },
        "affectedZones": [
          "https://api.weather.gov/zones/forecast/PKZ809"
        ],
        "references": [],
        "sent": "2026-09-25T15:49:00-08:00",
        "effective": "2026-09-25T15:49:00-08:00",
        "onset": "2026-09-25T15:00:00-08:00",
        "expires": "2026-09-26T06:00:00-08:00",
        "ends": "2026-09-26T17:00:00-08:00",
        "status": "Actual",
        "messageType": "Alert",
        "category": "Met",
        "severity": "Minor",
        "certainty": "Likely",
        "urgency": "Expected",
        "event": "Small Craft Advisory",
        "sender": "w-nws.webmaster@noaa.gov",
        "senderName": "NWS Fairbanks AK",
        "headline": "Small Craft Advisory issued September 25 at 3:49PM AKDT until September 26 at 5:00PM AKDT by NWS Fairbanks AK",
        "description": "Northwestern Alaska Coastal Waters out 100 NM\n\nWind forecasts reflect the predominant speed and direction\nexpected. Sea forecasts represent the average of the highest one-\nthird of the combined wind-wave and swell height.\n\n.TONIGHT...E winds 25 kt. Seas 4 ft.\n.SAT...E winds 25 kt. Seas 4 ft.\n.SAT NIGHT...E winds 15 kt. Seas 3 ft.\n.SUN...N winds 10 kt. Seas 2 ft.\n.SUN NIGHT...NW winds 10 kt. Seas 2 ft.\n.MON...N winds 20 kt. Seas 4 ft.\n.MON NIGHT...N winds 20 kt. Seas 4 ft.\n.TUE...N winds 20 kt. Seas 4 ft.\n.WED...N winds 15 kt. Seas 3 ft.",
        "instruction": null,
        "response": "Avoid",
        "note": null,
        "parameters": {
          "AWIPSidentifier": [
            "CWFWCZ"
          ],
          "WMOidentifier": [
            "FZAK52 PAFG 252349"
          ],
          "NWSheadline": [
            "SMALL CRAFT ADVISORY IN EFFECT THROUGH SATURDAY MORNING"
          ],
          "BLOCKCHANNEL": [
            "EAS",
            "NWEM",
            "CMAS"
          ],
          "VTEC": [
            "/O.NEW.PAFG.SC.Y.6752.260925T2300Z-260927T0100Z/"
          ],
          "eventEndingTime": [
            "2026-09-26T17:00:00-08:00"
          ]
        },
        "scope": "Public",
        "code": "IPAWSv1.0",
        "language": "en-US",
        "web": "http://www.weather.gov",
        "eventCode": {
          "SAME": [
            "NWS"
          ],
          "NationalWeatherService": [
            "SCY"
          ]
        }
      }
    },
    {
      "id": "https://api.weather.gov/alerts/urn:oid:2.49.0.1.840.0.613b3ebf018dc3e1114ec016af4c9fa85a833f1c.001.1",
      "type": "Feature",
      "geometry": null,
      "properties": {
        "@id": "https://api.weather.gov/alerts/urn:oid:2.49.0.1.840.0.613b3ebf018dc3e1114ec016af4c9fa85a833f1c.001.1",
        "@type": "wx:Alert",
        "id": "urn:oid:2.49.0.1.840.0.613b3ebf018dc3e1114ec016af4c9fa85a833f1c.001.1",
        "areaDesc": "Yakutat Bay",
        "geocode": {
          "SAME": [
            "058053"
          ],
          "UGC": [
            "PKZ053"
          ]
        },
        "affectedZones": [
          "https://api.weather.gov/zones/forecast/PKZ053"
        ],
        "references": [],
        "sent": "2026-09-25T15:34:00-08:00",
        "effective": "2026-09-25T15:34:00-08:00",
        "onset": "2026-09-26T05:00:00-08:00",
        "expires": "2026-09-26T09:45:00-08:00",
        "ends": "2026-09-26T17:00:00-08:00",
        "status": "Actual",
        "messageType": "Alert",
        "category": "Met",
        "severity": "Minor",
        "certainty": "Likely",
        "urgency": "Expected",
        "event": "Small Craft Advisory",
        "sender": "w-nws.webmaster@noaa.gov",
        "senderName": "NWS Juneau AK",
        "headline": "Small Craft Advisory issued September 25 at 3:34PM AKDT until September 26 at 5:00PM AKDT by NWS Juneau AK",
        "description": "Coastal Waters Forecast for Yakutat Bay\n\nWind forecasts reflect the predominant speed and direction\nexpected. Sea forecasts represent the average of the highest\none-third of the combined windwave and swell height.\n\n.TONIGHT...E wind 15 kt. Seas 4 ft building to 7 ft late. Rain in\nthe evening.\n.SAT...NE wind 25 kt. Seas 10 ft. Rain.\n.SAT NIGHT...E wind 20 kt. Seas 9 ft. Rain.\n.SUN...E wind 25 kt. Seas 8 ft. Rain.\n.SUN NIGHT...E wind 20 kt. Seas 8 ft. Showers.\n.MON...E wind 20 kt. Seas 8 ft.\n.TUE...E wind 10 kt. Seas 5 ft.\n.WED...E wind 15 kt. Seas 6 ft.",
        "instruction": null,
        "response": "Avoid",
        "note": null,
        "parameters": {
          "AWIPSidentifier": [
            "CWFYAK"
          ],
          "WMOidentifier": [
            "FZAK53 PAJK 252334"
          ],
          "NWSheadline": [
            "SMALL CRAFT ADVISORY SATURDAY"
          ],
          "BLOCKCHANNEL": [
            "EAS",
            "NWEM",
            "CMAS"
          ],
          "VTEC": [
            "/O.NEW.PAJK.SC.Y.3301.260926T1300Z-260927T0100Z/"
          ],
          "eventEndingTime": [
            "2026-09-26T17:00:00-08:00"
          ]
        },
        "scope": "Public",
        "code": "IPAWSv1.0",
        "language": "en-US",
        "web": "http://www.weather.gov",
        "eventCode": {
          "SAME": [
            "NWS"
          ],
          "NationalWeatherService": [
            "SCY"
          ]
        }
      }
    },
    {
      "id": "https://api.weather.gov/alerts/urn:oid:2.49.0.1.840.0.a87a4506b2d023b3ed3502ad9da2ae69f9c883e3.002.1",
      "type": "Feature",
      "geometry": null,
      "properties": {
        "@id": "https://api.weather.gov/alerts/urn:oid:2.49.0.1.840.0.a87a4506b2d023b3ed3502ad9da2ae69f9c883e3.002.1",
        "@type": "wx:Alert",
        "id": "urn:oid:2.49.0.1.840.0.a87a4506b2d023b3ed3502ad9da2ae69f9c883e3.002.1",
        "areaDesc": "Dixon Entrance to Cape Decision out to 15 NM",
        "geocode": {
          "SAME": [
            "058641"
          ],
          "UGC": [
            "PKZ641"
          ]
        },
        "affectedZones": [
          "https://api.weather.gov/zones/forecast/PKZ641"
        ],
        "references": [],
        "sent": "2026-09-25T15:33:00-08:00",
        "effective": "2026-09-25T15:33:00-08:00",
        "onset": "2026-09-26T05:00:00-08:00",
        "expires": "2026-09-26T09:45:00-08:00",
        "ends": "2026-09-26T17:00:00-08:00",
        "status": "Actual",
        "messageType": "Alert",
        "category": "Met",
        "severity": "Minor",
        "certainty": "Likely",
        "urgency": "Expected",
        "event": "Small Craft Advisory",
        "sender": "w-nws.webmaster@noaa.gov",
        "senderName": "NWS Juneau AK",
        "headline": "Small Craft Advisory issued September 25 at 3:33PM AKDT until September 26 at 5:00PM AKDT by NWS Juneau AK",
        "description": "Southeast Alaska Coastal Waters from Dixon Entrance to\nCape Suckling out 100 NM\n\nWind forecasts reflect the predominant speed and direction\nexpected. Seas forecasts represent the average of the highest\none-third of the combined windwave and swell height.\n\n.TONIGHT...W wind 10 kt becoming S 20 kt late. Seas 5 ft.\n.SAT...S wind 25 kt. Seas 9 ft. Rain in the morning.\n.SAT NIGHT...S wind 20 kt. Seas 8 ft. Rain late.\n.SUN...S wind 25 kt. Seas 10 ft. Rain.\n.SUN NIGHT...S wind 30 kt. Seas 11 ft. Showers.\n.MON...S wind 15 kt. Seas 10 ft.\n.TUE...SW wind 15 kt. Seas 9 ft.\n.WED...S wind 15 kt. Seas 9 ft.",
        "instruction": null,
        "response": "Avoid",
        "note": null,
        "parameters": {
          "AWIPSidentifier": [
            "CWFAEG"
          ],
          "WMOidentifier": [
            "FZAK52 PAJK 252333"
          ],
          "NWSheadline": [
            "SMALL CRAFT ADVISORY SATURDAY"
          ],
          "BLOCKCHANNEL": [
            "EAS",
            "NWEM",
            "CMAS"
          ],
          "VTEC": [
            "/O.NEW.PAJK.SC.Y.7546.260926T1300Z-260927T0100Z/"
          ],
          "eventEndingTime": [
            "2026-09-26T17:00:00-08:00"
          ]
        },
        "scope": "Public",
        "code": "IPAWSv1.0",
        "language": "en-US",
        "web": "http://www.weather.gov",
        "eventCode": {
          "SAME": [
            "NWS"
          ],
          "NationalWeatherService": [
            "SCY"
          ]
        }
      }
    },
    {
      "id": "https://api.weather.gov/alerts/urn:oid:2.49.0.1.840.0.a87a4506b2d023b3ed3502ad9da2ae69f9c883e3.004.1",
      "type": "Feature",
      "geometry": null,
      "properties": {
        "@id": "https://api.weather.gov/alerts/urn:oid:2.49.0.1.840.0.a87a4506b2d023b3ed3502ad9da2ae69f9c883e3.004.1",
        "@type": "wx:Alert",
        "id": "urn:oid:2.49.0.1.840.0.a87a4506b2d023b3ed3502ad9da2ae69f9c883e3.004.1",
        "areaDesc": "Cape Decision to Cape Edgecumbe out to 15 NM",
        "geocode": {
          "SAME": [
            "058642"
          ],
          "UGC": [
            "PKZ642"
          ]
        },
        "affectedZones": [
          "https://api.weather.gov/zones/forecast/PKZ642"
        ],
        "references": [],
        "sent": "2026-09-25T15:33:00-08:00",
        "effective": "2026-09-25T15:33:00-08:00",
        "onset": "2026-09-26T05:00:00-08:00",
        "expires": "2026-09-26T09:45:00-08:00",
        "ends": "2026-09-26T17:00:00-08:00",
        "status": "Actual",
        "messageType": "Alert",
        "category": "Met",
        "severity": "Minor",
        "certainty": "Likely",
        "urgency": "Expected",
        "event": "Small Craft Advisory",
        "sender": "w-nws.webmaster@noaa.gov",
        "senderName": "NWS Juneau AK",
        "headline": "Small Craft Advisory issued September 25 at 3:33PM AKDT until September 26 at 5:00PM AKDT by NWS Juneau AK",
        "description": "Southeast Alaska Coastal Waters from Dixon Entrance to\nCape Suckling out 100 NM\n\nWind forecasts reflect the predominant speed and direction\nexpected. Seas forecasts represent the average of the highest\none-third of the combined windwave and swell height.\n\n.TONIGHT...Light winds becoming SE 15 kt. Seas 5 ft.\n.SAT...SE wind 25 kt. Seas 9 ft. Rain.\n.SAT NIGHT...S wind 15 kt. Seas 9 ft. Rain.\n.SUN...S wind 25 kt. Seas 10 ft. Rain.\n.SUN NIGHT...SW wind 25 kt. Seas 11 ft. Showers.\n.MON...S wind 15 kt. Seas 10 ft.\n.TUE...S wind 15 kt. Seas 9 ft.\n.WED...S wind 15 kt. Seas 8 ft.",
        "instruction": null,
        "response": "Avoid",
        "note": null,
        "parameters": {
          "AWIPSidentifier": [
            "CWFAEG"
          ],
          "WMOidentifier": [
            "FZAK52 PAJK 252333"
          ],
          "NWSheadline": [
            "SMALL CRAFT ADVISORY SATURDAY"
          ],
          "BLOCKCHANNEL": [
            "EAS",
            "NWEM",
            "CMAS"
          ],
          "VTEC": [
            "/O.NEW.PAJK.SC.Y.7548.260926T1300Z-260927T0100Z/"
          ],
          "eventEndingTime": [
            "2026-09-26T17:00:00-08:00"
          ]
        },
        "scope": "Public",
        "code": "IPAWSv1.0",
        "language": "en-US",
        "web": "http://www.weather.gov",
        "eventCode": {
          "SAME": [
            "NWS"
          ],
          "NationalWeatherService": [
            "SCY"
          ]
        }
      }
    },
    {
      "id": "https://api.weather.gov/alerts/urn:oid:2.49.0.1.840.0.a87a4506b2d023b3ed3502ad9da2ae69f9c883e3.006.1",
      "type": "Feature",
      "geometry": null,
      "properties": {
        "@id": "https://api.weather.gov/alerts/urn:oid:2.49.0.1.840.0.a87a4506b2d023b3ed3502ad9da2ae69f9c883e3.006.1",
        "@type": "wx:Alert",
        "id": "urn:oid:2.49.0.1.840.0.a87a4506b2d023b3ed3502ad9da2ae69f9c883e3.006.1",
        "areaDesc": "Cape Edgecumbe to Cape Spencer out to 15 NM",
        "geocode": {
          "SAME": [
            "058643"
          ],
          "UGC": [
            "PKZ643"
          ]
        },
        "affectedZones": [
          "https://api.weather.gov/zones/forecast/PKZ643"
        ],
        "references": [],
        "sent": "2026-09-25T15:33:00-08:00",
        "effective": "2026-09-25T15:33:00-08:00",
        "onset": "2026-09-26T05:00:00-08:00",
        "expires": "2026-09-26T09:45:00-08:00",
        "ends": "2026-09-26T17:00:00-08:00",
        "status": "Actual",
        "messageType": "Alert",
        "category": "Met",
        "severity": "Minor",
        "certainty": "Likely",
        "urgency": "Expected",
        "event": "Small Craft Advisory",
        "sender": "w-nws.webmaster@noaa.gov",
        "senderName": "NWS Juneau AK",
        "headline": "Small Craft Advisory issued September 25 at 3:33PM AKDT until September 26 at 5:00PM AKDT by NWS Juneau AK",
        "description": "Southeast Alaska Coastal Waters from Dixon Entrance to\nCape Suckling out 100 NM\n\nWind forecasts reflect the predominant speed and direction\nexpected. Seas forecasts represent the average of the highest\none-third of the combined windwave and swell height.\n\n.TONIGHT...SE wind 15 kt. Seas 4 ft building to 7 ft late.\n.SAT...SE wind 25 kt. Seas 10 ft. Rain.\n.SAT NIGHT...S wind 20 kt. Seas 9 ft. Rain.\n.SUN...S wind 25 kt. Seas 10 ft. Rain.\n.SUN NIGHT...S wind 20 kt. Seas 10 ft. Showers.\n.MON...S wind 15 kt. Seas 9 ft.\n.TUE...S wind 10 kt. Seas 8 ft.\n.WED...S wind 15 kt. Seas 8 ft.",
        "instruction": null,
        "response": "Avoid",
        "note": null,
        "parameters": {
          "AWIPSidentifier": [
            "CWFAEG"
          ],
          "WMOidentifier": [
            "FZAK52 PAJK 252333"
          ],
          "NWSheadline": [
            "SMALL CRAFT ADVISORY SATURDAY"
          ],
          "BLOCKCHANNEL": [
            "EAS",
            "NWEM",
            "CMAS"
          ],
          "VTEC": [
            "/O.NEW.PAJK.SC.Y.7550.260926T1300Z-260927T0100Z/"
          ],
          "eventEndingTime": [
            "2026-09-26T17:00:00-08:00"
          ]
        },
        "scope": "Public",
        "code": "IPAWSv1.0",
        "language": "en-US",
        "web": "http://www.weather.gov",
        "eventCode": {
          "SAME": [
            "NWS"
          ],
          "NationalWeatherService": [
            "SCY"
          ]
        }
      }
    },
    {
      "id": "https://api.weather.gov/alerts/urn:oid:2.49.0.1.840.0.a87a4506b2d023b3ed3502ad9da2ae69f9c883e3.008.1",
      "type": "Feature",
      "geometry": null,
      "properties": {
        "@id": "https://api.weather.gov/alerts/urn:oid:2.49.0.1.840.0.a87a4506b2d023b3ed3502ad9da2ae69f9c883e3.008.1",
        "@type": "wx:Alert",
        "id": "urn:oid:2.49.0.1.840.0.a87a4506b2d023b3ed3502ad9da2ae69f9c883e3.008.1",
        "areaDesc": "Cape Spencer to Cape Fairweather out to 15 NM",
        "geocode": {
          "SAME": [
            "058644"
          ],
          "UGC": [
            "PKZ644"
          ]
        },
        "affectedZones": [
          "https://api.weather.gov/zones/forecast/PKZ644"
        ],
        "references": [],
        "sent": "2026-09-25T15:33:00-08:00",
        "effective": "2026-09-25T15:33:00-08:00",
        "onset": "2026-09-25T17:00:00-08:00",
        "expires": "2026-09-26T09:45:00-08:00",
        "ends": "2026-09-26T17:00:00-08:00",
        "status": "Actual",
        "messageType": "Alert",
        "category": "Met",
        "severity": "Minor",
        "certainty": "Likely",
        "urgency": "Expected",
        "event": "Small Craft Advisory",
        "sender": "w-nws.webmaster@noaa.gov",
        "senderName": "NWS Juneau AK",
        "headline": "Small Craft Advisory issued September 25 at 3:33PM AKDT until September 26 at 5:00PM AKDT by NWS Juneau AK",
        "description": "Southeast Alaska Coastal Waters from Dixon Entrance to\nCape Suckling out 100 NM\n\nWind forecasts reflect the predominant speed and direction\nexpected. Seas forecasts represent the average of the highest\none-third of the combined windwave and swell height.\n\n.TONIGHT...SE wind 20 kt. Seas 5 ft building to 9 ft late.\n.SAT...E wind 30 kt. Seas 12 ft. Rain.\n.SAT NIGHT...SE wind 25 kt. Seas 10 ft. Rain.\n.SUN...SE wind 20 kt. Seas 10 ft. Rain.\n.SUN NIGHT...SE wind 20 kt. Seas 10 ft. Showers.\n.MON...SE wind 15 kt. Seas 9 ft.\n.TUE...SE wind 10 kt. Seas 7 ft.\n.WED...SE wind 15 kt. Seas 7 ft.",
        "instruction": null,
        "response": "Avoid",
        "note": null,
        "parameters": {
          "AWIPSidentifier": [
            "CWFAEG"
          ],
          "WMOidentifier": [
            "FZAK52 PAJK 252333"
          ],
          "NWSheadline": [
            "SMALL CRAFT ADVISORY LATE TONIGHT THROUGH SATURDAY"
          ],
          "BLOCKCHANNEL": [
            "EAS",
            "NWEM",
            "CMAS"
          ],
          "VTEC": [
            "/O.NEW.PAJK.SC.Y.7552.260926T0100Z-260927T0100Z/"
          ],
          "eventEndingTime": [
            "2026-09-26T17:00:00-08:00"
          ]
        },
        "scope": "Public",
        "code": "IPAWSv1.0",
        "language": "en-US",
        "web": "http://www.weather.gov",
        "eventCode": {
          "SAME": [
            "NWS"
          ],
          "NationalWeatherService": [
            "SCY"
          ]
        }
      }
    },
    {
      "id": "https://api.weather.gov/alerts/urn:oid:2.49.0.1.840.0.a87a4506b2d023b3ed3502ad9da2ae69f9c883e3.007.1",
      "type": "Feature",
      "geometry": null,
      "properties": {
        "@id": "https://api.weather.gov/alerts/urn:oid:2.49.0.1.840.0.a87a4506b2d023b3ed3502ad9da2ae69f9c883e3.007.1",
        "@type": "wx:Alert",
        "id": "urn:oid:2.49.0.1.840.0.a87a4506b2d023b3ed3502ad9da2ae69f9c883e3.007.1",
        "areaDesc": "Cape Edgecumbe to Cape Spencer from 15 to 80 NM",
        "geocode": {
          "SAME": [
            "058663"
          ],
          "UGC": [
            "PKZ663"
          ]
        },
        "affectedZones": [
          "https://api.weather.gov/zones/forecast/PKZ663"
        ],
        "references": [],
        "sent": "2026-09-25T15:33:00-08:00",
        "effective": "2026-09-25T15:33:00-08:00",
        "onset": "2026-09-25T15:00:00-08:00",
        "expires": "2026-09-26T09:45:00-08:00",
        "ends": "2026-09-26T17:00:00-08:00",
        "status": "Actual",
        "messageType": "Alert",
        "category": "Met",
        "severity": "Minor",
        "certainty": "Likely",
        "urgency": "Expected",
        "event": "Small Craft Advisory",
        "sender": "w-nws.webmaster@noaa.gov",
        "senderName": "NWS Juneau AK",
        "headline": "Small Craft Advisory issued September 25 at 3:33PM AKDT until September 26 at 5:00PM AKDT by NWS Juneau AK",
        "description": "Southeast Alaska Coastal Waters from Dixon Entrance to\nCape Suckling out 100 NM\n\nWind forecasts reflect the predominant speed and direction\nexpected. Seas forecasts represent the average of the highest\none-third of the combined windwave and swell height.\n\n.TONIGHT...SE wind 20 kt. Seas 4 ft building to 9 ft. Rain late.\n.SAT...S wind 20 kt. Seas 11 ft. Rain in the morning.\n.SAT NIGHT...S wind 20 kt. Seas 11 ft. Rain.\n.SUN...S wind 25 kt. Seas 11 ft. Rain.\n.SUN NIGHT...SW wind 20 kt. Seas 11 ft. Showers.\n.MON...SW wind 20 kt. Seas 9 ft.\n.TUE...SW wind 15 kt. Seas 8 ft.\n.WED...S wind 15 kt. Seas 8 ft.",
        "instruction": null,
        "response": "Avoid",
        "note": null,
        "parameters": {
          "AWIPSidentifier": [
            "CWFAEG"
          ],
          "WMOidentifier": [
            "FZAK52 PAJK 252333"
          ],
          "NWSheadline": [
            "SMALL CRAFT ADVISORY THROUGH SATURDAY"
          ],
          "BLOCKCHANNEL": [
            "EAS",
            "NWEM",
            "CMAS"
          ],
          "VTEC": [
            "/O.NEW.PAJK.SC.Y.7551.260925T2300Z-260927T0100Z/"
          ],
          "eventEndingTime": [
            "2026-09-26T17:00:00-08:00"
          ]
        },
        "scope": "Public",
        "code": "IPAWSv1.0",
        "language": "en-US",
        "web": "http://www.weather.gov",
        "eventCode": {
          "SAME": [
            "NWS"
          ],
          "NationalWeatherService": [
            "SCY"
          ]
        }
      }
    },
    {
      "id": "https://api.weather.gov/alerts/urn:oid:2.49.0.1.840.0.a87a4506b2d023b3ed3502ad9da2ae69f9c883e3.003.1",
      "type": "Feature",
      "geometry": null,
      "properties": {
        "@id": "https://api.weather.gov/alerts/urn:oid:2.49.0.1.840.0.a87a4506b2d023b3ed3502ad9da2ae69f9c883e3.003.1",
        "@type": "wx:Alert",
        "id": "urn:oid:2.49.0.1.840.0.a87a4506b2d023b3ed3502ad9da2ae69f9c883e3.003.1",
        "areaDesc": "Dixon Entrance to Cape Decision from 15 to 90 NM",
        "geocode": {
          "SAME": [
            "058661"
          ],
          "UGC": [
            "PKZ661"
          ]
        },
        "affectedZones": [
          "https://api.weather.gov/zones/forecast/PKZ661"
        ],
        "references": [],
        "sent": "2026-09-25T15:33:00-08:00",
        "effective": "2026-09-25T15:33:00-08:00",
        "onset": "2026-09-25T17:00:00-08:00",
        "expires": "2026-09-26T09:45:00-08:00",
        "ends": "2026-09-26T17:00:00-08:00",
        "status": "Actual",
        "messageType": "Alert",
        "category": "Met",
        "severity": "Minor",
        "certainty": "Likely",
        "urgency": "Expected",
        "event": "Small Craft Advisory",
        "sender": "w-nws.webmaster@noaa.gov",
        "senderName": "NWS Juneau AK",
        "headline": "Small Craft Advisory issued September 25 at 3:33PM AKDT until September 26 at 5:00PM AKDT by NWS Juneau AK",
        "description": "Southeast Alaska Coastal Waters from Dixon Entrance to\nCape Suckling out 100 NM\n\nWind forecasts reflect the predominant speed and direction\nexpected. Seas forecasts represent the average of the highest\none-third of the combined windwave and swell height.\n\n.TONIGHT...W wind 10 kt becoming S in the evening, then\nincreasing to 25 kt late. Seas 5 ft building to 8 ft late. Rain\nlate.\n.SAT...S wind 25 kt becoming SW 15 kt in the afternoon. Seas\n9 ft. Rain in the morning.\n.SAT NIGHT...S wind 20 kt. Seas 9 ft. Rain in the evening.\n.SUN...S wind 25 kt. Seas 11 ft. Rain.\n.SUN NIGHT...S wind 25 kt. Seas 12 ft. Showers.\n.MON...SW wind 20 kt. Seas 11 ft.\n.TUE...W wind 20 kt. Seas 10 ft.\n.WED...SW wind 20 kt. Seas 10 ft.",
        "instruction": null,
        "response": "Avoid",
        "note": null,
        "parameters": {
          "AWIPSidentifier": [
            "CWFAEG"
          ],
          "WMOidentifier": [
            "FZAK52 PAJK 252333"
          ],
          "NWSheadline": [
            "SMALL CRAFT ADVISORY LATE TONIGHT THROUGH SATURDAY"
          ],
          "BLOCKCHANNEL": [
            "EAS",
            "NWEM",
            "CMAS"
          ],
          "VTEC": [
            "/O.NEW.PAJK.SC.Y.7547.260926T0100Z-260927T0100Z/"
          ],
          "eventEndingTime": [
            "2026-09-26T17:00:00-08:00"
          ]
        },
        "scope": "Public",
        "code": "IPAWSv1.0",
        "language": "en-US",
        "web": "http://www.weather.gov",
        "eventCode": {
          "SAME": [
            "NWS"
          ],
          "NationalWeatherService": [
            "SCY"
          ]
        }
      }
    },
    {
      "id": "https://api.weather.gov/alerts/urn:oid:2.49.0.1.840.0.a87a4506b2d023b3ed3502ad9da2ae69f9c883e3.005.1",
      "type": "Feature",
      "geometry": null,
      "properties": {
        "@id": "https://api.weather.gov/alerts/urn:oid:2.49.0.1.840.0.a87a4506b2d023b3ed3502ad9da2ae69f9c883e3.005.1",
        "@type": "wx:Alert",
        "id": "urn:oid:2.49.0.1.840.0.a87a4506b2d023b3ed3502ad9da2ae69f9c883e3.005.1",
        "areaDesc": "Cape Decision to Cape Edgecumbe from 15 to 80 NM",
        "geocode": {
          "SAME": [
            "058662"
          ],
          "UGC": [
            "PKZ662"
          ]
        },
        "affectedZones": [
          "https://api.weather.gov/zones/forecast/PKZ662"
        ],
        "references": [],
        "sent": "2026-09-25T15:33:00-08:00",
        "effective": "2026-09-25T15:33:00-08:00",
        "onset": "2026-09-25T15:00:00-08:00",
        "expires": "2026-09-26T09:45:00-08:00",
        "ends": "2026-09-26T17:00:00-08:00",
        "status": "Actual",
        "messageType": "Alert",
        "category": "Met",
        "severity": "Minor",
        "certainty": "Likely",
        "urgency": "Expected",
        "event": "Small Craft Advisory",
        "sender": "w-nws.webmaster@noaa.gov",
        "senderName": "NWS Juneau AK",
        "headline": "Small Craft Advisory issued September 25 at 3:33PM AKDT until September 26 at 5:00PM AKDT by NWS Juneau AK",
        "description": "Southeast Alaska Coastal Waters from Dixon Entrance to\nCape Suckling out 100 NM\n\nWind forecasts reflect the predominant speed and direction\nexpected. Seas forecasts represent the average of the highest\none-third of the combined windwave and swell height.\n\n.TONIGHT...S wind 15 kt becoming SE 25 kt late. Seas 5 ft\nbuilding to 9 ft late. Rain late.\n.SAT...S wind 25 kt becoming SW 15 kt in the afternoon. Seas\n9 ft. Rain in the morning.\n.SAT NIGHT...S wind 20 kt. Seas 10 ft. Rain in the evening.\n.SUN...S wind 25 kt. Seas 12 ft. Rain.\n.SUN NIGHT...SW wind 25 kt. Seas 12 ft. Showers.\n.MON...SW wind 20 kt. Seas 10 ft.\n.TUE...SW wind 20 kt. Seas 10 ft.\n.WED...SW wind 15 kt. Seas 9 ft.",
        "instruction": null,
        "response": "Avoid",
        "note": null,
        "parameters": {
          "AWIPSidentifier": [
            "CWFAEG"
          ],
          "WMOidentifier": [
            "FZAK52 PAJK 252333"
          ],
          "NWSheadline": [
            "SMALL CRAFT ADVISORY THROUGH SATURDAY"
          ],
          "BLOCKCHANNEL": [
            "EAS",
            "NWEM",
            "CMAS"
          ],
          "VTEC": [
            "/O.NEW.PAJK.SC.Y.7549.260925T2300Z-260927T0100Z/"
          ],
          "eventEndingTime": [
            "2026-09-26T17:00:00-08:00"
          ]
        },
        "scope": "Public",
        "code": "IPAWSv1.0",
        "language": "en-US",
        "web": "http://www.weather.gov",
        "eventCode": {
          "SAME": [
            "NWS"
          ],
          "NationalWeatherService": [
            "SCY"
          ]
        }
      }
    },
    {
      "id": "https://api.weather.gov/alerts/urn:oid:2.49.0.1.840.0.04cad6194e39ed8100c627e744860a5dba0f3d68.012.1",
      "type": "Feature",
      "geometry": null,
      "properties": {
        "@id": "https://api.weather.gov/alerts/urn:oid:2.49.0.1.840.0.04cad6194e39ed8100c627e744860a5dba0f3d68.012.1",
        "@type": "wx:Alert",
        "id": "urn:oid:2.49.0.1.840.0.04cad6194e39ed8100c627e744860a5dba0f3d68.012.1",
        "areaDesc": "Clarence Strait",
        "geocode": {
          "SAME": [
            "058036"
          ],
          "UGC": [
            "PKZ036"
          ]
        },
        "affectedZones": [
          "https://api.weather.gov/zones/forecast/PKZ036"
        ],
        "references": [],
        "sent": "2026-09-25T15:33:00-08:00",
        "effective": "2026-09-25T15:33:00-08:00",
        "onset": "2026-09-26T05:00:00-08:00",
        "expires": "2026-09-26T07:15:00-08:00",
        "ends": "2026-09-26T17:00:00-08:00",
        "status": "Actual",
        "messageType": "Alert",
        "category": "Met",
        "severity": "Minor",
        "certainty": "Likely",
        "urgency": "Expected",
        "event": "Small Craft Advisory",
        "sender": "w-nws.webmaster@noaa.gov",
        "senderName": "NWS Juneau AK",
        "headline": "Small Craft Advisory issued September 25 at 3:33PM AKDT until September 26 at 5:00PM AKDT by NWS Juneau AK",
        "description": "Southeast Alaska Inside Waters from Dixon Entrance to Skagway\n\nWind forecasts reflect the predominant speed and direction\nexpected. Sea forecasts represent the average of the highest\none-third of the combined windwave and swell height.\n\n.TONIGHT...NW wind 10 kt becoming SE late. Seas 2 ft or less.\n.SAT...SE wind 25 kt. Seas 5 ft building to 8 ft in the\nafternoon. Rain.\n.SAT NIGHT...SE wind 25 kt. Seas 6 ft. Rain.\n.SUN...SE wind 30 kt. Seas 9 ft. Rain.\n.SUN NIGHT...SE gale to 35 kt. Seas 12 ft. Rain.\n.MON...SE wind 30 kt. Seas 11 ft.\n.TUE...S wind 20 kt. Seas 6 ft.\n.WED...S wind 25 kt. Seas 6 ft.",
        "instruction": null,
        "response": "Avoid",
        "note": null,
        "parameters": {
          "AWIPSidentifier": [
            "CWFAJK"
          ],
          "WMOidentifier": [
            "FZAK51 PAJK 252333"
          ],
          "NWSheadline": [
            "SMALL CRAFT ADVISORY SATURDAY"
          ],
          "BLOCKCHANNEL": [
            "EAS",
            "NWEM",
            "CMAS"
          ],
          "VTEC": [
            "/O.NEW.PAJK.SC.Y.2455.260926T1300Z-260927T0100Z/"
          ],
          "eventEndingTime": [
            "2026-09-26T17:00:00-08:00"
          ]
        },
        "scope": "Public",
        "code": "IPAWSv1.0",
        "language": "en-US",
        "web": "http://www.weather.gov",
        "eventCode": {
          "SAME": [
            "NWS"
          ],
          "NationalWeatherService": [
            "SCY"
          ]
        }
      }
    },
    {
      "id": "https://api.weather.gov/alerts/urn:oid:2.49.0.1.840.0.a87a4506b2d023b3ed3502ad9da2ae69f9c883e3.011.1",
      "type": "Feature",
      "geometry": null,
      "properties": {
        "@id": "https://api.weather.gov/alerts/urn:oid:2.49.0.1.840.0.a87a4506b2d023b3ed3502ad9da2ae69f9c883e3.011.1",
        "@type": "wx:Alert",
        "id": "urn:oid:2.49.0.1.840.0.a87a4506b2d023b3ed3502ad9da2ae69f9c883e3.011.1",
        "areaDesc": "Cape Fairweather to Icy Cape from 15 to 80 NM",
        "geocode": {
          "SAME": [
            "058671"
          ],
          "UGC": [
            "PKZ671"
          ]
        },
        "affectedZones": [
          "https://api.weather.gov/zones/forecast/PKZ671"
        ],
        "references": [],
        "sent": "2026-09-25T15:33:00-08:00",
        "effective": "2026-09-25T15:33:00-08:00",
        "onset": "2026-09-25T15:00:00-08:00",
        "expires": "2026-09-26T09:45:00-08:00",
        "ends": "2026-09-26T17:00:00-08:00",
        "status": "Actual",
        "messageType": "Alert",
        "category": "Met",
        "severity": "Minor",
        "certainty": "Likely",
        "urgency": "Expected",
        "event": "Small Craft Advisory",
        "sender": "w-nws.webmaster@noaa.gov",
        "senderName": "NWS Juneau AK",
        "headline": "Small Craft Advisory issued September 25 at 3:33PM AKDT until September 26 at 5:00PM AKDT by NWS Juneau AK",
        "description": "Southeast Alaska Coastal Waters from Dixon Entrance to\nCape Suckling out 100 NM\n\nWind forecasts reflect the predominant speed and direction\nexpected. Seas forecasts represent the average of the highest\none-third of the combined windwave and swell height.\n\n.TONIGHT...SE wind 25 kt. Seas 8 ft building to 12 ft late. Rain\nlate.\n.SAT...SE wind 30 kt. Seas 13 ft. Rain.\n.SAT NIGHT...S wind 25 kt. Seas 10 ft. Rain.\n.SUN...S wind 20 kt. Seas 9 ft. Rain.\n.SUN NIGHT...SW wind 15 kt. Seas 9 ft. Showers.\n.MON...S wind 15 kt. Seas 9 ft.\n.TUE...S wind 10 kt. Seas 7 ft.\n.WED...S wind 15 kt. Seas 8 ft.",
        "instruction": null,
        "response": "Avoid",
        "note": null,
        "parameters": {
          "AWIPSidentifier": [
            "CWFAEG"
          ],
          "WMOidentifier": [
            "FZAK52 PAJK 252333"
          ],
          "NWSheadline": [
            "SMALL CRAFT ADVISORY THROUGH SATURDAY"
          ],
          "BLOCKCHANNEL": [
            "EAS",
            "NWEM",
            "CMAS"
          ],
          "VTEC": [
            "/O.NEW.PAJK.SC.Y.7555.260925T2300Z-260927T0100Z/"
          ],
          "eventEndingTime": [
            "2026-09-26T17:00:00-08:00"
          ]
        },
        "scope": "Public",
        "code": "IPAWSv1.0",
        "language": "en-US",
        "web": "http://www.weather.gov",
        "eventCode": {
          "SAME": [
            "NWS"
          ],
          "NationalWeatherService": [
            "SCY"
          ]
        }
      }
    },
    {
      "id": "https://api.weather.gov/alerts/urn:oid:2.49.0.1.840.0.a87a4506b2d023b3ed3502ad9da2ae69f9c883e3.013.1",
      "type": "Feature",
      "geometry": null,
      "properties": {
        "@id": "https://api.weather.gov/alerts/urn:oid:2.49.0.1.840.0.a87a4506b2d023b3ed3502ad9da2ae69f9c883e3.013.1",
        "@type": "wx:Alert",
        "id": "urn:oid:2.49.0.1.840.0.a87a4506b2d023b3ed3502ad9da2ae69f9c883e3.013.1",
        "areaDesc": "Icy Cape to Cape Suckling from 15 to 80 NM",
        "geocode": {
          "SAME": [
            "058672"
          ],
          "UGC": [
            "PKZ672"
          ]
        },
        "affectedZones": [
          "https://api.weather.gov/zones/forecast/PKZ672"
        ],
        "references": [],
        "sent": "2026-09-25T15:33:00-08:00",
        "effective": "2026-09-25T15:33:00-08:00",
        "onset": "2026-09-25T15:00:00-08:00",
        "expires": "2026-09-26T09:45:00-08:00",
        "ends": "2026-09-26T17:00:00-08:00",
        "status": "Actual",
        "messageType": "Alert",
        "category": "Met",
        "severity": "Minor",
        "certainty": "Likely",
        "urgency": "Expected",
        "event": "Small Craft Advisory",
        "sender": "w-nws.webmaster@noaa.gov",
        "senderName": "NWS Juneau AK",
        "headline": "Small Craft Advisory issued September 25 at 3:33PM AKDT until September 26 at 5:00PM AKDT by NWS Juneau AK",
        "description": "Southeast Alaska Coastal Waters from Dixon Entrance to\nCape Suckling out 100 NM\n\nWind forecasts reflect the predominant speed and direction\nexpected. Seas forecasts represent the average of the highest\none-third of the combined windwave and swell height.\n\n.TONIGHT...SE wind 25 kt. Gusts to 40 kt. Seas 8 ft building to\n13 ft. Rain late.\n.SAT...SE wind 30 kt. Seas 13 ft. Rain.\n.SAT NIGHT...S wind 20 kt. Seas 11 ft. Rain.\n.SUN...S wind 20 kt. Seas 8 ft. Rain.\n.SUN NIGHT...S wind 15 kt. Seas 9 ft. Showers.\n.MON...S wind 20 kt. Seas 9 ft.\n.TUE...W wind 15 kt. Seas 7 ft.\n.WED...S wind 15 kt. Seas 8 ft.",
        "instruction": null,
        "response": "Avoid",
        "note": null,
        "parameters": {
          "AWIPSidentifier": [
            "CWFAEG"
          ],
          "WMOidentifier": [
            "FZAK52 PAJK 252333"
          ],
          "NWSheadline": [
            "SMALL CRAFT ADVISORY THROUGH SATURDAY"
          ],
          "BLOCKCHANNEL": [
            "EAS",
            "NWEM",
            "CMAS"
          ],
          "VTEC": [
            "/O.NEW.PAJK.SC.Y.7557.260925T2300Z-260927T0100Z/"
          ],
          "eventEndingTime": [
            "2026-09-26T17:00:00-08:00"
          ]
        },
        "scope": "Public",
        "code": "IPAWSv1.0",
        "language": "en-US",
        "web": "http://www.weather.gov",
        "eventCode": {
          "SAME": [
            "NWS"
          ],
          "NationalWeatherService": [
            "SCY"
          ]
        }
      }
    },
    {
      "id": "https://api.weather.gov/alerts/urn:oid:2.49.0.1.840.0.a87a4506b2d023b3ed3502ad9da2ae69f9c883e3.012.1",
      "type": "Feature",
      "geometry": null,
      "properties": {
        "@id": "https://api.weather.gov/alerts/urn:oid:2.49.0.1.840.0.a87a4506b2d023b3ed3502ad9da2ae69f9c883e3.012.1",
        "@type": "wx:Alert",
        "id": "urn:oid:2.49.0.1.840.0.a87a4506b2d023b3ed3502ad9da2ae69f9c883e3.012.1",
        "areaDesc": "Icy Cape to Cape Suckling out to 15 NM",
        "geocode": {
          "SAME": [
            "058652"
          ],
          "UGC": [
            "PKZ652"
          ]
        },
        "affectedZones": [
          "https://api.weather.gov/zones/forecast/PKZ652"
        ],
        "references": [],
        "sent": "2026-09-25T15:33:00-08:00",
        "effective": "2026-09-25T15:33:00-08:00",
        "onset": "2026-09-25T15:00:00-08:00",
        "expires": "2026-09-26T09:45:00-08:00",
        "ends": "2026-09-26T17:00:00-08:00",
        "status": "Actual",
        "messageType": "Alert",
        "category": "Met",
        "severity": "Moderate",
        "certainty": "Likely",
        "urgency": "Expected",
        "event": "Gale Warning",
        "sender": "w-nws.webmaster@noaa.gov",
        "senderName": "NWS Juneau AK",
        "headline": "Gale Warning issued September 25 at 3:33PM AKDT until September 26 at 5:00PM AKDT by NWS Juneau AK",
        "description": "Southeast Alaska Coastal Waters from Dixon Entrance to\nCape Suckling out 100 NM\n\nWind forecasts reflect the predominant speed and direction\nexpected. Seas forecasts represent the average of the highest\none-third of the combined windwave and swell height.\n\n.TONIGHT...E wind 35 kt. Gusts to 45 kt. Seas 12 ft. Rain late.\n.SAT...E wind 35 kt. Gusts to 45 kt. Seas 14 ft. Rain.\n.SAT NIGHT...E wind 30 kt. Seas 12 ft. Rain.\n.SUN...E wind 25 kt. Seas 9 ft. Rain.\n.SUN NIGHT...E wind 20 kt. Seas 9 ft. Showers.\n.MON...E wind 20 kt. Seas 9 ft.\n.TUE...E wind 15 kt. Seas 6 ft.\n.WED...E wind 20 kt. Seas 7 ft.",
        "instruction": null,
        "response": "Avoid",
        "note": null,
        "parameters": {
          "AWIPSidentifier": [
            "CWFAEG"
          ],
          "WMOidentifier": [
            "FZAK52 PAJK 252333"
          ],
          "NWSheadline": [
            "GALE WARNING THROUGH SATURDAY"
          ],
          "BLOCKCHANNEL": [
            "EAS",
            "NWEM",
            "CMAS"
          ],
          "VTEC": [
            "/O.NEW.PAJK.GL.W.7556.260925T2300Z-260927T0100Z/"
          ],
          "eventEndingTime": [
            "2026-09-26T17:00:00-08:00"
          ]
        },
        "scope": "Public",
        "code": "IPAWSv1.0",
        "language": "en-US",
        "web": "http://www.weather.gov",
        "eventCode": {
          "SAME": [
            "NWS"
          ],
          "NationalWeatherService": [
            "GLW"
          ]
        }
      }
    },
    {
      "id": "https://api.weather.gov/alerts/urn:oid:2.49.0.1.840.0.a87a4506b2d023b3ed3502ad9da2ae69f9c883e3.009.1",
      "type": "Feature",
      "geometry": null,
      "properties": {
        "@id": "https://api.weather.gov/alerts/urn:oid:2.49.0.1.840.0.a87a4506b2d023b3ed3502ad9da2ae69f9c883e3.009.1",
        "@type": "wx:Alert",
        "id": "urn:oid:2.49.0.1.840.0.a87a4506b2d023b3ed3502ad9da2ae69f9c883e3.009.1",
        "areaDesc": "Cape Spencer to Cape Fairweather from 15 to 85 NM",
        "geocode": {
          "SAME": [
            "058664"
          ],
          "UGC": [
            "PKZ664"
          ]
        },
        "affectedZones": [
          "https://api.weather.gov/zones/forecast/PKZ664"
        ],
        "references": [],
        "sent": "2026-09-25T15:33:00-08:00",
        "effective": "2026-09-25T15:33:00-08:00",
        "onset": "2026-09-25T15:00:00-08:00",
        "expires": "2026-09-26T09:45:00-08:00",
        "ends": "2026-09-26T17:00:00-08:00",
        "status": "Actual",
        "messageType": "Alert",
        "category": "Met",
        "severity": "Minor",
        "certainty": "Likely",
        "urgency": "Expected",
        "event": "Small Craft Advisory",
        "sender": "w-nws.webmaster@noaa.gov",
        "senderName": "NWS Juneau AK",
        "headline": "Small Craft Advisory issued September 25 at 3:33PM AKDT until September 26 at 5:00PM AKDT by NWS Juneau AK",
        "description": "Southeast Alaska Coastal Waters from Dixon Entrance to\nCape Suckling out 100 NM\n\nWind forecasts reflect the predominant speed and direction\nexpected. Seas forecasts represent the average of the highest\none-third of the combined windwave and swell height.\n\n.TONIGHT...S wind 15 kt becoming SE 25 kt. Seas 6 ft building to\n11 ft late. Rain late.\n.SAT...S wind 25 kt. Seas 12 ft. Rain in the morning.\n.SAT NIGHT...S wind 20 kt. Seas 10 ft. Rain.\n.SUN...S wind 20 kt. Seas 10 ft. Rain.\n.SUN NIGHT...SW wind 20 kt. Seas 10 ft. Showers.\n.MON...S wind 15 kt. Seas 9 ft.\n.TUE...SW wind 15 kt. Seas 8 ft.\n.WED...S wind 15 kt. Seas 9 ft.",
        "instruction": null,
        "response": "Avoid",
        "note": null,
        "parameters": {
          "AWIPSidentifier": [
            "CWFAEG"
          ],
          "WMOidentifier": [
            "FZAK52 PAJK 252333"
          ],
          "NWSheadline": [
            "SMALL CRAFT ADVISORY THROUGH SATURDAY"
          ],
          "BLOCKCHANNEL": [
            "EAS",
            "NWEM",
            "CMAS"
          ],
          "VTEC": [
            "/O.NEW.PAJK.SC.Y.7553.260925T2300Z-260927T0100Z/"
          ],
          "eventEndingTime": [
            "2026-09-26T17:00:00-08:00"
          ]
        },
        "scope": "Public",
        "code": "IPAWSv1.0",
        "language": "en-US",
        "web": "http://www.weather.gov",
        "eventCode": {
          "SAME": [
            "NWS"
          ],
          "NationalWeatherService": [
            "SCY"
          ]
        }
      }
    },
    {
      "id": "https://api.weather.gov/alerts/urn:oid:2.49.0.1.840.0.a87a4506b2d023b3ed3502ad9da2ae69f9c883e3.010.1",
      "type": "Feature",
      "geometry": null,
      "properties": {
        "@id": "https://api.weather.gov/alerts/urn:oid:2.49.0.1.840.0.a87a4506b2d023b3ed3502ad9da2ae69f9c883e3.010.1",
        "@type": "wx:Alert",
        "id": "urn:oid:2.49.0.1.840.0.a87a4506b2d023b3ed3502ad9da2ae69f9c883e3.010.1",
        "areaDesc": "Cape Fairweather to Icy Cape out to 15 NM",
        "geocode": {
          "SAME": [
            "058651"
          ],
          "UGC": [
            "PKZ651"
          ]
        },
        "affectedZones": [
          "https://api.weather.gov/zones/forecast/PKZ651"
        ],
        "references": [],
        "sent": "2026-09-25T15:33:00-08:00",
        "effective": "2026-09-25T15:33:00-08:00",
        "onset": "2026-09-25T15:00:00-08:00",
        "expires": "2026-09-26T09:45:00-08:00",
        "ends": "2026-09-26T17:00:00-08:00",
        "status": "Actual",
        "messageType": "Alert",
        "category": "Met",
        "severity": "Minor",
        "certainty": "Likely",
        "urgency": "Expected",
        "event": "Small Craft Advisory",
        "sender": "w-nws.webmaster@noaa.gov",
        "senderName": "NWS Juneau AK",
        "headline": "Small Craft Advisory issued September 25 at 3:33PM AKDT until September 26 at 5:00PM AKDT by NWS Juneau AK",
        "description": "Southeast Alaska Coastal Waters from Dixon Entrance to\nCape Suckling out 100 NM\n\nWind forecasts reflect the predominant speed and direction\nexpected. Seas forecasts represent the average of the highest\none-third of the combined windwave and swell height.\n\n.TONIGHT...E wind 25 kt. Seas 7 ft building to 11 ft late.\n.SAT...SE wind 30 kt. Seas 13 ft. Rain.\n.SAT NIGHT...SE wind 25 kt. Seas 11 ft. Rain.\n.SUN...SE wind 20 kt. Seas 9 ft. Rain.\n.SUN NIGHT...E wind 20 kt. Seas 9 ft. Showers.\n.MON...SE wind 20 kt. Seas 9 ft.\n.TUE...SE wind 15 kt. Seas 6 ft.\n.WED...SE wind 15 kt. Seas 7 ft.",
        "instruction": null,
        "response": "Avoid",
        "note": null,
        "parameters": {
          "AWIPSidentifier": [
            "CWFAEG"
          ],
          "WMOidentifier": [
            "FZAK52 PAJK 252333"
          ],
          "NWSheadline": [
            "SMALL CRAFT ADVISORY THROUGH SATURDAY"
          ],
          "BLOCKCHANNEL": [
            "EAS",
            "NWEM",
            "CMAS"
          ],
          "VTEC": [
            "/O.NEW.PAJK.SC.Y.7554.260925T2300Z-260927T0100Z/"
          ],
          "eventEndingTime": [
            "2026-09-26T17:00:00-08:00"
          ]
        },
        "scope": "Public",
        "code": "IPAWSv1.0",
        "language": "en-US",
        "web": "http://www.weather.gov",
        "eventCode": {
          "SAME": [
            "NWS"
          ],
          "NationalWeatherService": [
            "SCY"
          ]
        }
      }
    },
    {
      "id": "https://api.weather.gov/alerts/urn:oid:2.49.0.1.840.0.197bfb5bb4554ec300bbedfe62efe161b44db291.009.1",
      "type": "Feature",
      "geometry": null,
      "properties": {
        "@id": "https://api.weather.gov/alerts/urn:oid:2.49.0.1.840.0.197bfb5bb4554ec300bbedfe62efe161b44db291.009.1",
        "@type": "wx:Alert",
        "id": "urn:oid:2.49.0.1.840.0.197bfb5bb4554ec300bbedfe62efe161b44db291.009.1",
        "areaDesc": "Port Heiden to Nelson Lagoon from 15 to 60 NM",
        "geocode": {
          "SAME": [
            "058757"
          ],
          "UGC": [
            "PKZ757"
          ]
        },
        "affectedZones": [
          "https://api.weather.gov/zones/forecast/PKZ757"
        ],
        "references": [],
        "sent": "2026-09-25T15:30:00-08:00",
        "effective": "2026-09-25T15:30:00-08:00",
        "onset": "2026-09-26T05:00:00-08:00",
        "expires": "2026-09-26T04:00:00-08:00",
        "ends": "2026-09-26T17:00:00-08:00",
        "status": "Actual",
        "messageType": "Alert",
        "category": "Met",
        "severity": "Moderate",
        "certainty": "Likely",
        "urgency": "Expected",
        "event": "Gale Warning",
        "sender": "w-nws.webmaster@noaa.gov",
        "senderName": "NWS Anchorage AK",
        "headline": "Gale Warning issued September 25 at 3:30PM AKDT until September 26 at 5:00PM AKDT by NWS Anchorage AK",
        "description": "Coastal Waters Forecast for Southwest Alaska+Bristol Bay+The\nAlaska Peninsula Waters and the Aleutian Islands up to 100 nm out.\n\nWind forecasts reflect the predominant speed and direction\nexpected. Sea forecasts represent an average of the highest\none-third of the combined wind wave and swell height.\n\n.TONIGHT...S wind 30 kt. Seas 13 ft. Rain showers.\n.SAT...SW wind 35 kt. Seas 17 ft. Rain showers.\n.SAT NIGHT...SW wind 30 kt. Seas 15 ft. Rain showers.\n.SUN...W wind 25 kt. Seas 11 ft.\n.SUN NIGHT...NW wind 30 kt. Seas 10 ft.\n.MON...NW wind 30 kt. Seas 11 ft.\n.TUE...NW wind 20 kt. Seas 7 ft.\n.WED...N wind 15 kt. Seas 4 ft.",
        "instruction": null,
        "response": "Avoid",
        "note": null,
        "parameters": {
          "AWIPSidentifier": [
            "CWFALU"
          ],
          "WMOidentifier": [
            "FZAK52 PAFC 252330"
          ],
          "NWSheadline": [
            "GALE WARNING SATURDAY"
          ],
          "BLOCKCHANNEL": [
            "EAS",
            "NWEM",
            "CMAS"
          ],
          "VTEC": [
            "/O.NEW.PAFC.GL.W.8405.260926T1300Z-260927T0100Z/"
          ],
          "eventEndingTime": [
            "2026-09-26T17:00:00-08:00"
          ]
        },
        "scope": "Public",
        "code": "IPAWSv1.0",
        "language": "en-US",
        "web": "http://www.weather.gov",
        "eventCode": {
          "SAME": [
            "NWS"
          ],
          "NationalWeatherService": [
            "GLW"
          ]
        }
      }
    },
    {
      "id": "https://api.weather.gov/alerts/urn:oid:2.49.0.1.840.0.197bfb5bb4554ec300bbedfe62efe161b44db291.034.1",
      "type": "Feature",
      "geometry": null,
      "properties": {
        "@id": "https://api.weather.gov/alerts/urn:oid:2.49.0.1.840.0.197bfb5bb4554ec300bbedfe62efe161b44db291.034.1",
        "@type": "wx:Alert",
        "id": "urn:oid:2.49.0.1.840.0.197bfb5bb4554ec300bbedfe62efe161b44db291.034.1",
        "areaDesc": "Kuskokwim Delta and Etolin Strait out to 15 NM",
        "geocode": {
          "SAME": [
            "058763"
          ],
          "UGC": [
            "PKZ763"
          ]
        },
        "affectedZones": [
          "https://api.weather.gov/zones/forecast/PKZ763"
        ],
        "references": [],
        "sent": "2026-09-25T15:30:00-08:00",
        "effective": "2026-09-25T15:30:00-08:00",
        "onset": "2026-09-25T15:00:00-08:00",
        "expires": "2026-09-26T04:00:00-08:00",
        "ends": "2026-09-26T17:00:00-08:00",
        "status": "Actual",
        "messageType": "Alert",
        "category": "Met",
        "severity": "Minor",
        "certainty": "Likely",
        "urgency": "Expected",
        "event": "Small Craft Advisory",
        "sender": "w-nws.webmaster@noaa.gov",
        "senderName": "NWS Anchorage AK",
        "headline": "Small Craft Advisory issued September 25 at 3:30PM AKDT until September 26 at 5:00PM AKDT by NWS Anchorage AK",
        "description": "Coastal Waters Forecast for Southwest Alaska+Bristol Bay+The\nAlaska Peninsula Waters and the Aleutian Islands up to 100 nm out.\n\nWind forecasts reflect the predominant speed and direction\nexpected. Sea forecasts represent an average of the highest\none-third of the combined wind wave and swell height.\n\n.TONIGHT...SE wind 30 kt. Seas 7 ft. Rain showers.\n.SAT...SE wind 25 kt. Seas 7 ft. Rain showers.\n.SAT NIGHT...E wind 20 kt. Seas 6 ft. Rain showers.\n.SUN AND SUN NIGHT...N wind 20 kt. Seas 4 ft.\n.MON...NW wind 25 kt. Seas 5 ft.\n.TUE...NW wind 15 kt. Seas 4 ft.\n.WED...N wind 20 kt. Seas 3 ft.",
        "instruction": null,
        "response": "Avoid",
        "note": null,
        "parameters": {
          "AWIPSidentifier": [
            "CWFALU"
          ],
          "WMOidentifier": [
            "FZAK52 PAFC 252330"
          ],
          "NWSheadline": [
            "SMALL CRAFT ADVISORY THROUGH SATURDAY"
          ],
          "BLOCKCHANNEL": [
            "EAS",
            "NWEM",
            "CMAS"
          ],
          "VTEC": [
            "/O.NEW.PAFC.SC.Y.8430.260925T2300Z-260927T0100Z/"
          ],
          "eventEndingTime": [
            "2026-09-26T17:00:00-08:00"
          ]
        },
        "scope": "Public",
        "code": "IPAWSv1.0",
        "language": "en-US",
        "web": "http://www.weather.gov",
        "eventCode": {
          "SAME": [
            "NWS"
          ],
          "NationalWeatherService": [
            "SCY"
          ]
        }
      }
    },
    {
      "id": "https://api.weather.gov/alerts/urn:oid:2.49.0.1.840.0.197bfb5bb4554ec300bbedfe62efe161b44db291.012.1",
      "type": "Feature",
      "geometry": null,
      "properties": {
        "@id": "https://api.weather.gov/alerts/urn:oid:2.49.0.1.840.0.197bfb5bb4554ec300bbedfe62efe161b44db291.012.1",
        "@type": "wx:Alert",
        "id": "urn:oid:2.49.0.1.840.0.197bfb5bb4554ec300bbedfe62efe161b44db291.012.1",
        "areaDesc": "Unimak Pass",
        "geocode": {
          "SAME": [
            "058768"
          ],
          "UGC": [
            "PKZ768"
          ]
        },
        "affectedZones": [
          "https://api.weather.gov/zones/forecast/PKZ768"
        ],
        "references": [],
        "sent": "2026-09-25T15:30:00-08:00",
        "effective": "2026-09-25T15:30:00-08:00",
        "onset": "2026-09-25T15:00:00-08:00",
        "expires": "2026-09-26T04:00:00-08:00",
        "ends": "2026-09-26T17:00:00-08:00",
        "status": "Actual",
        "messageType": "Alert",
        "category": "Met",
        "severity": "Moderate",
        "certainty": "Likely",
        "urgency": "Expected",
        "event": "Gale Warning",
        "sender": "w-nws.webmaster@noaa.gov",
        "senderName": "NWS Anchorage AK",
        "headline": "Gale Warning issued September 25 at 3:30PM AKDT until September 26 at 5:00PM AKDT by NWS Anchorage AK",
        "description": "Coastal Waters Forecast for Southwest Alaska+Bristol Bay+The\nAlaska Peninsula Waters and the Aleutian Islands up to 100 nm out.\n\nWind forecasts reflect the predominant speed and direction\nexpected. Sea forecasts represent an average of the highest\none-third of the combined wind wave and swell height.\n\n.TONIGHT...SW wind 45 kt. Seas 18 ft. Rain showers.\n.SAT...SW wind 40 kt. Seas 20 ft.\n.SAT NIGHT...W wind 30 kt. Seas 16 ft.\n.SUN AND SUN NIGHT...NW wind 30 kt. Seas 11 ft.\n.MON...NW wind 25 kt. Seas 10 ft.\n.TUE...W wind 20 kt. Seas 5 ft.\n.WED...E wind 20 kt. Seas 4 ft.",
        "instruction": null,
        "response": "Avoid",
        "note": null,
        "parameters": {
          "AWIPSidentifier": [
            "CWFALU"
          ],
          "WMOidentifier": [
            "FZAK52 PAFC 252330"
          ],
          "NWSheadline": [
            "GALE WARNING THROUGH SATURDAY"
          ],
          "BLOCKCHANNEL": [
            "EAS",
            "NWEM",
            "CMAS"
          ],
          "VTEC": [
            "/O.NEW.PAFC.GL.W.8408.260925T2300Z-260927T0100Z/"
          ],
          "eventEndingTime": [
            "2026-09-26T17:00:00-08:00"
          ]
        },
        "scope": "Public",
        "code": "IPAWSv1.0",
        "language": "en-US",
        "web": "http://www.weather.gov",
        "eventCode": {
          "SAME": [
            "NWS"
          ],
          "NationalWeatherService": [
            "GLW"
          ]
        }
      }
    },
    {
      "id": "https://api.weather.gov/alerts/urn:oid:2.49.0.1.840.0.197bfb5bb4554ec300bbedfe62efe161b44db291.004.1",
      "type": "Feature",
      "geometry": null,
      "properties": {
        "@id": "https://api.weather.gov/alerts/urn:oid:2.49.0.1.840.0.197bfb5bb4554ec300bbedfe62efe161b44db291.004.1",
        "@type": "wx:Alert",
        "id": "urn:oid:2.49.0.1.840.0.197bfb5bb4554ec300bbedfe62efe161b44db291.004.1",
        "areaDesc": "Castle Cape to Cape Tolstoi out to 15 NM",
        "geocode": {
          "SAME": [
            "058752"
          ],
          "UGC": [
            "PKZ752"
          ]
        },
        "affectedZones": [
          "https://api.weather.gov/zones/forecast/PKZ752"
        ],
        "references": [],
        "sent": "2026-09-25T15:30:00-08:00",
        "effective": "2026-09-25T15:30:00-08:00",
        "onset": "2026-09-26T05:00:00-08:00",
        "expires": "2026-09-26T04:00:00-08:00",
        "ends": "2026-09-26T17:00:00-08:00",
        "status": "Actual",
        "messageType": "Alert",
        "category": "Met",
        "severity": "Moderate",
        "certainty": "Likely",
        "urgency": "Expected",
        "event": "Gale Warning",
        "sender": "w-nws.webmaster@noaa.gov",
        "senderName": "NWS Anchorage AK",
        "headline": "Gale Warning issued September 25 at 3:30PM AKDT until September 26 at 5:00PM AKDT by NWS Anchorage AK",
        "description": "Coastal Waters Forecast for Southwest Alaska+Bristol Bay+The\nAlaska Peninsula Waters and the Aleutian Islands up to 100 nm out.\n\nWind forecasts reflect the predominant speed and direction\nexpected. Sea forecasts represent an average of the highest\none-third of the combined wind wave and swell height.\n\n.TONIGHT...SW wind 30 kt. Seas 8 ft. Rain showers.\n.SAT...SW wind 35 kt. Seas 10 ft. Rain showers.\n.SAT NIGHT...SW wind 30 kt. Seas 10 ft.\n.SUN AND SUN NIGHT...W wind 25 kt. Seas 6 ft.\n.MON...NW wind 25 kt. Seas 4 ft.\n.TUE THROUGH WED...NW wind 15 kt. Seas 3 ft.",
        "instruction": null,
        "response": "Avoid",
        "note": null,
        "parameters": {
          "AWIPSidentifier": [
            "CWFALU"
          ],
          "WMOidentifier": [
            "FZAK52 PAFC 252330"
          ],
          "NWSheadline": [
            "GALE WARNING SATURDAY"
          ],
          "BLOCKCHANNEL": [
            "EAS",
            "NWEM",
            "CMAS"
          ],
          "VTEC": [
            "/O.NEW.PAFC.GL.W.8400.260926T1300Z-260927T0100Z/"
          ],
          "eventEndingTime": [
            "2026-09-26T17:00:00-08:00"
          ]
        },
        "scope": "Public",
        "code": "IPAWSv1.0",
        "language": "en-US",
        "web": "http://www.weather.gov",
        "eventCode": {
          "SAME": [
            "NWS"
          ],
          "NationalWeatherService": [
            "GLW"
          ]
        }
      }
    },
    {
      "id": "https://api.weather.gov/alerts/urn:oid:2.49.0.1.840.0.197bfb5bb4554ec300bbedfe62efe161b44db291.018.1",
      "type": "Feature",
      "geometry": null,
      "properties": {
        "@id": "https://api.weather.gov/alerts/urn:oid:2.49.0.1.840.0.197bfb5bb4554ec300bbedfe62efe161b44db291.018.1",
        "@type": "wx:Alert",
        "id": "urn:oid:2.49.0.1.840.0.197bfb5bb4554ec300bbedfe62efe161b44db291.018.1",
        "areaDesc": "Nikolski to Seguam Bering Side out to 15 NM",
        "geocode": {
          "SAME": [
            "058775"
          ],
          "UGC": [
            "PKZ775"
          ]
        },
        "affectedZones": [
          "https://api.weather.gov/zones/forecast/PKZ775"
        ],
        "references": [],
        "sent": "2026-09-25T15:30:00-08:00",
        "effective": "2026-09-25T15:30:00-08:00",
        "onset": "2026-09-25T15:00:00-08:00",
        "expires": "2026-09-26T04:00:00-08:00",
        "ends": "2026-09-26T17:00:00-08:00",
        "status": "Actual",
        "messageType": "Alert",
        "category": "Met",
        "severity": "Moderate",
        "certainty": "Likely",
        "urgency": "Expected",
        "event": "Gale Warning",
        "sender": "w-nws.webmaster@noaa.gov",
        "senderName": "NWS Anchorage AK",
        "headline": "Gale Warning issued September 25 at 3:30PM AKDT until September 26 at 5:00PM AKDT by NWS Anchorage AK",
        "description": "Coastal Waters Forecast for Southwest Alaska+Bristol Bay+The\nAlaska Peninsula Waters and the Aleutian Islands up to 100 nm out.\n\nWind forecasts reflect the predominant speed and direction\nexpected. Sea forecasts represent an average of the highest\none-third of the combined wind wave and swell height.\n\n.TONIGHT...W wind 45 kt. Seas 21 ft.\n.SAT...W wind 40 kt diminishing to 30 kt in the afternoon. Seas\n19 ft.\n.SAT NIGHT...W wind 25 kt. Seas 12 ft.\n.SUN AND SUN NIGHT...NW wind 25 kt. Seas 8 ft.\n.MON THROUGH TUE...W wind 20 kt. Seas 6 ft.\n.WED...SE wind 25 kt. Seas 11 ft.",
        "instruction": null,
        "response": "Avoid",
        "note": null,
        "parameters": {
          "AWIPSidentifier": [
            "CWFALU"
          ],
          "WMOidentifier": [
            "FZAK52 PAFC 252330"
          ],
          "NWSheadline": [
            "GALE WARNING THROUGH SATURDAY"
          ],
          "BLOCKCHANNEL": [
            "EAS",
            "NWEM",
            "CMAS"
          ],
          "VTEC": [
            "/O.NEW.PAFC.GL.W.8414.260925T2300Z-260927T0100Z/"
          ],
          "eventEndingTime": [
            "2026-09-26T17:00:00-08:00"
          ]
        },
        "scope": "Public",
        "code": "IPAWSv1.0",
        "language": "en-US",
        "web": "http://www.weather.gov",
        "eventCode": {
          "SAME": [
            "NWS"
          ],
          "NationalWeatherService": [
            "GLW"
          ]
        }
      }
    },
    {
      "id": "https://api.weather.gov/alerts/urn:oid:2.49.0.1.840.0.197bfb5bb4554ec300bbedfe62efe161b44db291.013.1",
      "type": "Feature",
      "geometry": null,
      "properties": {
        "@id": "https://api.weather.gov/alerts/urn:oid:2.49.0.1.840.0.197bfb5bb4554ec300bbedfe62efe161b44db291.013.1",
        "@type": "wx:Alert",
        "id": "urn:oid:2.49.0.1.840.0.197bfb5bb4554ec300bbedfe62efe161b44db291.013.1",
        "areaDesc": "Unalga Pass to Nikolski Bering Side out to 15 NM",
        "geocode": {
          "SAME": [
            "058770"
          ],
          "UGC": [
            "PKZ770"
          ]
        },
        "affectedZones": [
          "https://api.weather.gov/zones/forecast/PKZ770"
        ],
        "references": [],
        "sent": "2026-09-25T15:30:00-08:00",
        "effective": "2026-09-25T15:30:00-08:00",
        "onset": "2026-09-25T15:00:00-08:00",
        "expires": "2026-09-26T04:00:00-08:00",
        "ends": "2026-09-26T17:00:00-08:00",
        "status": "Actual",
        "messageType": "Alert",
        "category": "Met",
        "severity": "Moderate",
        "certainty": "Likely",
        "urgency": "Expected",
        "event": "Gale Warning",
        "sender": "w-nws.webmaster@noaa.gov",
        "senderName": "NWS Anchorage AK",
        "headline": "Gale Warning issued September 25 at 3:30PM AKDT until September 26 at 5:00PM AKDT by NWS Anchorage AK",
        "description": "Coastal Waters Forecast for Southwest Alaska+Bristol Bay+The\nAlaska Peninsula Waters and the Aleutian Islands up to 100 nm out.\n\nWind forecasts reflect the predominant speed and direction\nexpected. Sea forecasts represent an average of the highest\none-third of the combined wind wave and swell height.\n\n.TONIGHT...SW wind 45 kt. Seas 20 ft. Rain showers.\n.SAT...W wind 45 kt. Seas 20 ft. Rain showers.\n.SAT NIGHT...W wind 30 kt. Seas 14 ft. Rain showers.\n.SUN AND SUN NIGHT...NW wind 25 kt. Seas 9 ft.\n.MON...W wind 25 kt. Seas 8 ft.\n.TUE...W wind 20 kt. Seas 5 ft.\n.WED...SE wind 25 kt. Seas 4 ft.",
        "instruction": null,
        "response": "Avoid",
        "note": null,
        "parameters": {
          "AWIPSidentifier": [
            "CWFALU"
          ],
          "WMOidentifier": [
            "FZAK52 PAFC 252330"
          ],
          "NWSheadline": [
            "GALE WARNING THROUGH SATURDAY"
          ],
          "BLOCKCHANNEL": [
            "EAS",
            "NWEM",
            "CMAS"
          ],
          "VTEC": [
            "/O.NEW.PAFC.GL.W.8409.260925T2300Z-260927T0100Z/"
          ],
          "eventEndingTime": [
            "2026-09-26T17:00:00-08:00"
          ]
        },
        "scope": "Public",
        "code": "IPAWSv1.0",
        "language": "en-US",
        "web": "http://www.weather.gov",
        "eventCode": {
          "SAME": [
            "NWS"
          ],
          "NationalWeatherService": [
            "GLW"
          ]
        }
      }
    },
    {
      "id": "https://api.weather.gov/alerts/urn:oid:2.49.0.1.840.0.197bfb5bb4554ec300bbedfe62efe161b44db291.036.1",
      "type": "Feature",
      "geometry": null,
      "properties": {
        "@id": "https://api.weather.gov/alerts/urn:oid:2.49.0.1.840.0.197bfb5bb4554ec300bbedfe62efe161b44db291.036.1",
        "@type": "wx:Alert",
        "id": "urn:oid:2.49.0.1.840.0.197bfb5bb4554ec300bbedfe62efe161b44db291.036.1",
        "areaDesc": "North and West of Nunivak Island",
        "geocode": {
          "SAME": [
            "058765"
          ],
          "UGC": [
            "PKZ765"
          ]
        },
        "affectedZones": [
          "https://api.weather.gov/zones/forecast/PKZ765"
        ],
        "references": [],
        "sent": "2026-09-25T15:30:00-08:00",
        "effective": "2026-09-25T15:30:00-08:00",
        "onset": "2026-09-25T15:00:00-08:00",
        "expires": "2026-09-26T04:00:00-08:00",
        "ends": "2026-09-26T17:00:00-08:00",
        "status": "Actual",
        "messageType": "Alert",
        "category": "Met",
        "severity": "Minor",
        "certainty": "Likely",
        "urgency": "Expected",
        "event": "Small Craft Advisory",
        "sender": "w-nws.webmaster@noaa.gov",
        "senderName": "NWS Anchorage AK",
        "headline": "Small Craft Advisory issued September 25 at 3:30PM AKDT until September 26 at 5:00PM AKDT by NWS Anchorage AK",
        "description": "Coastal Waters Forecast for Southwest Alaska+Bristol Bay+The\nAlaska Peninsula Waters and the Aleutian Islands up to 100 nm out.\n\nWind forecasts reflect the predominant speed and direction\nexpected. Sea forecasts represent an average of the highest\none-third of the combined wind wave and swell height.\n\n.TONIGHT...E wind 25 kt. Seas 11 ft. Rain showers.\n.SAT...NE wind 20 kt. Seas 8 ft.\n.SAT NIGHT...N wind 20 kt. Seas 7 ft.\n.SUN AND SUN NIGHT...NW wind 25 kt. Seas 8 ft.\n.MON...NW wind 25 kt. Seas 8 ft.\n.TUE THROUGH WED...N wind 20 kt. Seas 6 ft.",
        "instruction": null,
        "response": "Avoid",
        "note": null,
        "parameters": {
          "AWIPSidentifier": [
            "CWFALU"
          ],
          "WMOidentifier": [
            "FZAK52 PAFC 252330"
          ],
          "NWSheadline": [
            "SMALL CRAFT ADVISORY THROUGH SATURDAY"
          ],
          "BLOCKCHANNEL": [
            "EAS",
            "NWEM",
            "CMAS"
          ],
          "VTEC": [
            "/O.NEW.PAFC.SC.Y.8432.260925T2300Z-260927T0100Z/"
          ],
          "eventEndingTime": [
            "2026-09-26T17:00:00-08:00"
          ]
        },
        "scope": "Public",
        "code": "IPAWSv1.0",
        "language": "en-US",
        "web": "http://www.weather.gov",
        "eventCode": {
          "SAME": [
            "NWS"
          ],
          "NationalWeatherService": [
            "SCY"
          ]
        }
      }
    },
    {
      "id": "https://api.weather.gov/alerts/urn:oid:2.49.0.1.840.0.197bfb5bb4554ec300bbedfe62efe161b44db291.017.1",
      "type": "Feature",
      "geometry": null,
      "properties": {
        "@id": "https://api.weather.gov/alerts/urn:oid:2.49.0.1.840.0.197bfb5bb4554ec300bbedfe62efe161b44db291.017.1",
        "@type": "wx:Alert",
        "id": "urn:oid:2.49.0.1.840.0.197bfb5bb4554ec300bbedfe62efe161b44db291.017.1",
        "areaDesc": "Unalga Pass to Nikolski Pacific Side from 15 to 85 NM",
        "geocode": {
          "SAME": [
            "058774"
          ],
          "UGC": [
            "PKZ774"
          ]
        },
        "affectedZones": [
          "https://api.weather.gov/zones/forecast/PKZ774"
        ],
        "references": [],
        "sent": "2026-09-25T15:30:00-08:00",
        "effective": "2026-09-25T15:30:00-08:00",
        "onset": "2026-09-25T15:00:00-08:00",
        "expires": "2026-09-26T04:00:00-08:00",
        "ends": "2026-09-26T17:00:00-08:00",
        "status": "Actual",
        "messageType": "Alert",
        "category": "Met",
        "severity": "Moderate",
        "certainty": "Likely",
        "urgency": "Expected",
        "event": "Gale Warning",
        "sender": "w-nws.webmaster@noaa.gov",
        "senderName": "NWS Anchorage AK",
        "headline": "Gale Warning issued September 25 at 3:30PM AKDT until September 26 at 5:00PM AKDT by NWS Anchorage AK",
        "description": "Coastal Waters Forecast for Southwest Alaska+Bristol Bay+The\nAlaska Peninsula Waters and the Aleutian Islands up to 100 nm out.\n\nWind forecasts reflect the predominant speed and direction\nexpected. Sea forecasts represent an average of the highest\none-third of the combined wind wave and swell height.\n\n.TONIGHT...SW wind 45 kt. Seas 21 ft.\n.SAT...W wind 40 kt. Seas 22 ft.\n.SAT NIGHT...W wind 30 kt. Seas 15 ft.\n.SUN AND SUN NIGHT...NW wind 25 kt. Seas 9 ft.\n.MON...NW wind 25 kt. Seas 8 ft.\n.TUE...W wind 20 kt. Seas 6 ft.\n.WED...S wind 25 kt. Seas 7 ft.",
        "instruction": null,
        "response": "Avoid",
        "note": null,
        "parameters": {
          "AWIPSidentifier": [
            "CWFALU"
          ],
          "WMOidentifier": [
            "FZAK52 PAFC 252330"
          ],
          "NWSheadline": [
            "GALE WARNING THROUGH SATURDAY"
          ],
          "BLOCKCHANNEL": [
            "EAS",
            "NWEM",
            "CMAS"
          ],
          "VTEC": [
            "/O.NEW.PAFC.GL.W.8413.260925T2300Z-260927T0100Z/"
          ],
          "eventEndingTime": [
            "2026-09-26T17:00:00-08:00"
          ]
        },
        "scope": "Public",
        "code": "IPAWSv1.0",
        "language": "en-US",
        "web": "http://www.weather.gov",
        "eventCode": {
          "SAME": [
            "NWS"
          ],
          "NationalWeatherService": [
            "GLW"
          ]
        }
      }
    },
    {
      "id": "https://api.weather.gov/alerts/urn:oid:2.49.0.1.840.0.197bfb5bb4554ec300bbedfe62efe161b44db291.020.1",
      "type": "Feature",
      "geometry": null,
      "properties": {
        "@id": "https://api.weather.gov/alerts/urn:oid:2.49.0.1.840.0.197bfb5bb4554ec300bbedfe62efe161b44db291.020.1",
        "@type": "wx:Alert",
        "id": "urn:oid:2.49.0.1.840.0.197bfb5bb4554ec300bbedfe62efe161b44db291.020.1",
        "areaDesc": "Nikolski to Seguam Pacfic Side out to 15 NM",
        "geocode": {
          "SAME": [
            "058777"
          ],
          "UGC": [
            "PKZ777"
          ]
        },
        "affectedZones": [
          "https://api.weather.gov/zones/forecast/PKZ777"
        ],
        "references": [],
        "sent": "2026-09-25T15:30:00-08:00",
        "effective": "2026-09-25T15:30:00-08:00",
        "onset": "2026-09-25T15:00:00-08:00",
        "expires": "2026-09-26T04:00:00-08:00",
        "ends": "2026-09-26T17:00:00-08:00",
        "status": "Actual",
        "messageType": "Alert",
        "category": "Met",
        "severity": "Moderate",
        "certainty": "Likely",
        "urgency": "Expected",
        "event": "Gale Warning",
        "sender": "w-nws.webmaster@noaa.gov",
        "senderName": "NWS Anchorage AK",
        "headline": "Gale Warning issued September 25 at 3:30PM AKDT until September 26 at 5:00PM AKDT by NWS Anchorage AK",
        "description": "Coastal Waters Forecast for Southwest Alaska+Bristol Bay+The\nAlaska Peninsula Waters and the Aleutian Islands up to 100 nm out.\n\nWind forecasts reflect the predominant speed and direction\nexpected. Sea forecasts represent an average of the highest\none-third of the combined wind wave and swell height.\n\n.TONIGHT...W wind 45 kt. Seas 20 ft.\n.SAT...W wind 40 kt diminishing to 30 kt in the afternoon. Seas\n18 ft.\n.SAT NIGHT...W wind 25 kt. Seas 11 ft.\n.SUN...NW wind 20 kt. Seas 8 ft.\n.SUN NIGHT...NW wind 25 kt. Seas 8 ft.\n.MON THROUGH TUE...SW wind 20 kt. Seas 6 ft.\n.WED...SE wind 25 kt. Seas 13 ft.",
        "instruction": null,
        "response": "Avoid",
        "note": null,
        "parameters": {
          "AWIPSidentifier": [
            "CWFALU"
          ],
          "WMOidentifier": [
            "FZAK52 PAFC 252330"
          ],
          "NWSheadline": [
            "GALE WARNING THROUGH SATURDAY"
          ],
          "BLOCKCHANNEL": [
            "EAS",
            "NWEM",
            "CMAS"
          ],
          "VTEC": [
            "/O.NEW.PAFC.GL.W.8416.260925T2300Z-260927T0100Z/"
          ],
          "eventEndingTime": [
            "2026-09-26T17:00:00-08:00"
          ]
        },
        "scope": "Public",
        "code": "IPAWSv1.0",
        "language": "en-US",
        "web": "http://www.weather.gov",
        "eventCode": {
          "SAME": [
            "NWS"
          ],
          "NationalWeatherService": [
            "GLW"
          ]
        }
      }
    },
    {
      "id": "https://api.weather.gov/alerts/urn:oid:2.49.0.1.840.0.121e3e63196b9e41dcd19434dbc49618ea30cdb9.005.1",
      "type": "Feature",
      "geometry": null,
      "properties": {
        "@id": "https://api.weather.gov/alerts/urn:oid:2.49.0.1.840.0.121e3e63196b9e41dcd19434dbc49618ea30cdb9.005.1",
        "@type": "wx:Alert",
        "id": "urn:oid:2.49.0.1.840.0.121e3e63196b9e41dcd19434dbc49618ea30cdb9.005.1",
        "areaDesc": "Bering Sea Offshore East of 171W",
        "geocode": {
          "SAME": [
            "058414"
          ],
          "UGC": [
            "PKZ414"
          ]
        },
        "affectedZones": [
          "https://api.weather.gov/zones/forecast/PKZ414"
        ],
        "references": [],
        "sent": "2026-09-25T15:30:00-08:00",
        "effective": "2026-09-25T15:30:00-08:00",
        "onset": "2026-09-25T15:00:00-08:00",
        "expires": "2026-09-26T06:00:00-08:00",
        "ends": "2026-09-26T17:00:00-08:00",
        "status": "Actual",
        "messageType": "Alert",
        "category": "Met",
        "severity": "Moderate",
        "certainty": "Likely",
        "urgency": "Expected",
        "event": "Gale Warning",
        "sender": "w-nws.webmaster@noaa.gov",
        "senderName": "NWS Anchorage AK",
        "headline": "Gale Warning issued September 25 at 3:30PM AKDT until September 26 at 5:00PM AKDT by NWS Anchorage AK",
        "description": "Offshore Waters Forecast for the Bering Sea\n\nWind forecasts reflect the predominant speed and direction\nexpected. Sea forecasts represent an average of the highest\none-third of the combined wind wave and swell height.\n\n.TONIGHT...SW wind 25 to 40 kt. Seas 13 to 21 ft. Rain showers.\n.SAT...W wind 20 to 35 kt. Seas 10 to 18 ft.\n.SAT NIGHT...NW wind 20 to 30 kt. Seas 9 to 14 ft.\n.SUN...NW wind 25 kt. Seas 10 ft.\n.SUN NIGHT...NW wind 20 to 30 kt. Seas 7 to 11 ft.\n.MON THROUGH TUE...NW wind 10 to 25 kt. Seas 5 to 10 ft.\n.WED...NE wind 10 to 20 kt. Seas 3 to 6 ft.",
        "instruction": null,
        "response": "Avoid",
        "note": null,
        "parameters": {
          "AWIPSidentifier": [
            "OFFALU"
          ],
          "WMOidentifier": [
            "FZAK62 PAFC 252330"
          ],
          "NWSheadline": [
            "GALE WARNING THROUGH SATURDAY"
          ],
          "BLOCKCHANNEL": [
            "EAS",
            "NWEM",
            "CMAS"
          ],
          "VTEC": [
            "/O.NEW.PAFC.GL.W.9808.260925T2300Z-260927T0100Z/"
          ],
          "eventEndingTime": [
            "2026-09-26T17:00:00-08:00"
          ]
        },
        "scope": "Public",
        "code": "IPAWSv1.0",
        "language": "en-US",
        "web": "http://www.weather.gov",
        "eventCode": {
          "SAME": [
            "NWS"
          ],
          "NationalWeatherService": [
            "GLW"
          ]
        }
      }
    },
    {
      "id": "https://api.weather.gov/alerts/urn:oid:2.49.0.1.840.0.197bfb5bb4554ec300bbedfe62efe161b44db291.021.1",
      "type": "Feature",
      "geometry": null,
      "properties": {
        "@id": "https://api.weather.gov/alerts/urn:oid:2.49.0.1.840.0.197bfb5bb4554ec300bbedfe62efe161b44db291.021.1",
        "@type": "wx:Alert",
        "id": "urn:oid:2.49.0.1.840.0.197bfb5bb4554ec300bbedfe62efe161b44db291.021.1",
        "areaDesc": "Nikolski to Seguam Pacific Side from 15 to 75 NM",
        "geocode": {
          "SAME": [
            "058778"
          ],
          "UGC": [
            "PKZ778"
          ]
        },
        "affectedZones": [
          "https://api.weather.gov/zones/forecast/PKZ778"
        ],
        "references": [],
        "sent": "2026-09-25T15:30:00-08:00",
        "effective": "2026-09-25T15:30:00-08:00",
        "onset": "2026-09-25T15:00:00-08:00",
        "expires": "2026-09-26T04:00:00-08:00",
        "ends": "2026-09-26T17:00:00-08:00",
        "status": "Actual",
        "messageType": "Alert",
        "category": "Met",
        "severity": "Moderate",
        "certainty": "Likely",
        "urgency": "Expected",
        "event": "Gale Warning",
        "sender": "w-nws.webmaster@noaa.gov",
        "senderName": "NWS Anchorage AK",
        "headline": "Gale Warning issued September 25 at 3:30PM AKDT until September 26 at 5:00PM AKDT by NWS Anchorage AK",
        "description": "Coastal Waters Forecast for Southwest Alaska+Bristol Bay+The\nAlaska Peninsula Waters and the Aleutian Islands up to 100 nm out.\n\nWind forecasts reflect the predominant speed and direction\nexpected. Sea forecasts represent an average of the highest\none-third of the combined wind wave and swell height.\n\n.TONIGHT...W wind 45 kt. Seas 20 ft.\n.SAT...W wind 40 kt diminishing to 30 kt in the afternoon. Seas\n19 ft.\n.SAT NIGHT...W wind 30 kt. Seas 13 ft.\n.SUN AND SUN NIGHT...NW wind 25 kt. Seas 9 ft.\n.MON THROUGH TUE...W wind 20 kt. Seas 7 ft.\n.WED...SE wind 25 kt. Seas 13 ft.",
        "instruction": null,
        "response": "Avoid",
        "note": null,
        "parameters": {
          "AWIPSidentifier": [
            "CWFALU"
          ],
          "WMOidentifier": [
            "FZAK52 PAFC 252330"
          ],
          "NWSheadline": [
            "GALE WARNING THROUGH SATURDAY"
          ],
          "BLOCKCHANNEL": [
            "EAS",
            "NWEM",
            "CMAS"
          ],
          "VTEC": [
            "/O.NEW.PAFC.GL.W.8417.260925T2300Z-260927T0100Z/"
          ],
          "eventEndingTime": [
            "2026-09-26T17:00:00-08:00"
          ]
        },
        "scope": "Public",
        "code": "IPAWSv1.0",
        "language": "en-US",
        "web": "http://www.weather.gov",
        "eventCode": {
          "SAME": [
            "NWS"
          ],
          "NationalWeatherService": [
            "GLW"
          ]
        }
      }
    },
    {
      "id": "https://api.weather.gov/alerts/urn:oid:2.49.0.1.840.0.197bfb5bb4554ec300bbedfe62efe161b44db291.008.1",
      "type": "Feature",
      "geometry": null,
      "properties": {
        "@id": "https://api.weather.gov/alerts/urn:oid:2.49.0.1.840.0.197bfb5bb4554ec300bbedfe62efe161b44db291.008.1",
        "@type": "wx:Alert",
        "id": "urn:oid:2.49.0.1.840.0.197bfb5bb4554ec300bbedfe62efe161b44db291.008.1",
        "areaDesc": "Port Heiden to Nelson Lagoon out to 15 NM",
        "geocode": {
          "SAME": [
            "058756"
          ],
          "UGC": [
            "PKZ756"
          ]
        },
        "affectedZones": [
          "https://api.weather.gov/zones/forecast/PKZ756"
        ],
        "references": [],
        "sent": "2026-09-25T15:30:00-08:00",
        "effective": "2026-09-25T15:30:00-08:00",
        "onset": "2026-09-26T05:00:00-08:00",
        "expires": "2026-09-26T04:00:00-08:00",
        "ends": "2026-09-26T17:00:00-08:00",
        "status": "Actual",
        "messageType": "Alert",
        "category": "Met",
        "severity": "Moderate",
        "certainty": "Likely",
        "urgency": "Expected",
        "event": "Gale Warning",
        "sender": "w-nws.webmaster@noaa.gov",
        "senderName": "NWS Anchorage AK",
        "headline": "Gale Warning issued September 25 at 3:30PM AKDT until September 26 at 5:00PM AKDT by NWS Anchorage AK",
        "description": "Coastal Waters Forecast for Southwest Alaska+Bristol Bay+The\nAlaska Peninsula Waters and the Aleutian Islands up to 100 nm out.\n\nWind forecasts reflect the predominant speed and direction\nexpected. Sea forecasts represent an average of the highest\none-third of the combined wind wave and swell height.\n\n.TONIGHT...S wind 30 kt. Seas 10 ft. Rain showers.\n.SAT...SW wind 35 kt. Seas 13 ft. Rain showers.\n.SAT NIGHT...SW wind 30 kt. Seas 13 ft. Rain showers.\n.SUN...W wind 25 kt. Seas 10 ft.\n.SUN NIGHT...NW wind 30 kt. Seas 9 ft.\n.MON...NW wind 30 kt. Seas 10 ft.\n.TUE...W wind 20 kt. Seas 7 ft.\n.WED...N wind 15 kt. Seas 4 ft.",
        "instruction": null,
        "response": "Avoid",
        "note": null,
        "parameters": {
          "AWIPSidentifier": [
            "CWFALU"
          ],
          "WMOidentifier": [
            "FZAK52 PAFC 252330"
          ],
          "NWSheadline": [
            "GALE WARNING SATURDAY"
          ],
          "BLOCKCHANNEL": [
            "EAS",
            "NWEM",
            "CMAS"
          ],
          "VTEC": [
            "/O.NEW.PAFC.GL.W.8404.260926T1300Z-260927T0100Z/"
          ],
          "eventEndingTime": [
            "2026-09-26T17:00:00-08:00"
          ]
        },
        "scope": "Public",
        "code": "IPAWSv1.0",
        "language": "en-US",
        "web": "http://www.weather.gov",
        "eventCode": {
          "SAME": [
            "NWS"
          ],
          "NationalWeatherService": [
            "GLW"
          ]
        }
      }
    },
    {
      "id": "https://api.weather.gov/alerts/urn:oid:2.49.0.1.840.0.197bfb5bb4554ec300bbedfe62efe161b44db291.011.1",
      "type": "Feature",
      "geometry": null,
      "properties": {
        "@id": "https://api.weather.gov/alerts/urn:oid:2.49.0.1.840.0.197bfb5bb4554ec300bbedfe62efe161b44db291.011.1",
        "@type": "wx:Alert",
        "id": "urn:oid:2.49.0.1.840.0.197bfb5bb4554ec300bbedfe62efe161b44db291.011.1",
        "areaDesc": "Nelson Lagoon to Unalga Pass from 15 to 70 NM",
        "geocode": {
          "SAME": [
            "058759"
          ],
          "UGC": [
            "PKZ759"
          ]
        },
        "affectedZones": [
          "https://api.weather.gov/zones/forecast/PKZ759"
        ],
        "references": [],
        "sent": "2026-09-25T15:30:00-08:00",
        "effective": "2026-09-25T15:30:00-08:00",
        "onset": "2026-09-25T15:00:00-08:00",
        "expires": "2026-09-26T04:00:00-08:00",
        "ends": "2026-09-26T17:00:00-08:00",
        "status": "Actual",
        "messageType": "Alert",
        "category": "Met",
        "severity": "Moderate",
        "certainty": "Likely",
        "urgency": "Expected",
        "event": "Gale Warning",
        "sender": "w-nws.webmaster@noaa.gov",
        "senderName": "NWS Anchorage AK",
        "headline": "Gale Warning issued September 25 at 3:30PM AKDT until September 26 at 5:00PM AKDT by NWS Anchorage AK",
        "description": "Coastal Waters Forecast for Southwest Alaska+Bristol Bay+The\nAlaska Peninsula Waters and the Aleutian Islands up to 100 nm out.\n\nWind forecasts reflect the predominant speed and direction\nexpected. Sea forecasts represent an average of the highest\none-third of the combined wind wave and swell height.\n\n.TONIGHT...SW wind 35 kt increasing to 45 kt after midnight. Seas\n21 ft. Rain showers.\n.SAT...SW wind 40 kt. Seas 23 ft. Rain showers.\n.SAT NIGHT...W wind 30 kt. Seas 17 ft. Rain showers.\n.SUN...W wind 25 kt. Seas 12 ft.\n.SUN NIGHT...NW wind 30 kt. Seas 11 ft.\n.MON...NW wind 30 kt. Seas 11 ft.\n.TUE...W wind 20 kt. Seas 6 ft.\n.WED...NE wind 20 kt. Seas 6 ft.",
        "instruction": null,
        "response": "Avoid",
        "note": null,
        "parameters": {
          "AWIPSidentifier": [
            "CWFALU"
          ],
          "WMOidentifier": [
            "FZAK52 PAFC 252330"
          ],
          "NWSheadline": [
            "GALE WARNING THROUGH SATURDAY"
          ],
          "BLOCKCHANNEL": [
            "EAS",
            "NWEM",
            "CMAS"
          ],
          "VTEC": [
            "/O.NEW.PAFC.GL.W.8407.260925T2300Z-260927T0100Z/"
          ],
          "eventEndingTime": [
            "2026-09-26T17:00:00-08:00"
          ]
        },
        "scope": "Public",
        "code": "IPAWSv1.0",
        "language": "en-US",
        "web": "http://www.weather.gov",
        "eventCode": {
          "SAME": [
            "NWS"
          ],
          "NationalWeatherService": [
            "GLW"
          ]
        }
      }
    },
    {
      "id": "https://api.weather.gov/alerts/urn:oid:2.49.0.1.840.0.197bfb5bb4554ec300bbedfe62efe161b44db291.014.1",
      "type": "Feature",
      "geometry": null,
      "properties": {
        "@id": "https://api.weather.gov/alerts/urn:oid:2.49.0.1.840.0.197bfb5bb4554ec300bbedfe62efe161b44db291.014.1",
        "@type": "wx:Alert",
        "id": "urn:oid:2.49.0.1.840.0.197bfb5bb4554ec300bbedfe62efe161b44db291.014.1",
        "areaDesc": "Unalga Pass to Nikolski Bering Side from 15 to 85 NM",
        "geocode": {
          "SAME": [
            "058772"
          ],
          "UGC": [
            "PKZ772"
          ]
        },
        "affectedZones": [
          "https://api.weather.gov/zones/forecast/PKZ772"
        ],
        "references": [],
        "sent": "2026-09-25T15:30:00-08:00",
        "effective": "2026-09-25T15:30:00-08:00",
        "onset": "2026-09-25T15:00:00-08:00",
        "expires": "2026-09-26T04:00:00-08:00",
        "ends": "2026-09-26T17:00:00-08:00",
        "status": "Actual",
        "messageType": "Alert",
        "category": "Met",
        "severity": "Moderate",
        "certainty": "Likely",
        "urgency": "Expected",
        "event": "Gale Warning",
        "sender": "w-nws.webmaster@noaa.gov",
        "senderName": "NWS Anchorage AK",
        "headline": "Gale Warning issued September 25 at 3:30PM AKDT until September 26 at 5:00PM AKDT by NWS Anchorage AK",
        "description": "Coastal Waters Forecast for Southwest Alaska+Bristol Bay+The\nAlaska Peninsula Waters and the Aleutian Islands up to 100 nm out.\n\nWind forecasts reflect the predominant speed and direction\nexpected. Sea forecasts represent an average of the highest\none-third of the combined wind wave and swell height.\n\n.TONIGHT...SW wind 45 kt. Seas 24 ft. Rain showers.\n.SAT...W wind 40 kt. Seas 23 ft. Rain showers.\n.SAT NIGHT...W wind 30 kt. Seas 15 ft.\n.SUN AND SUN NIGHT...NW wind 25 kt. Seas 11 ft.\n.MON THROUGH TUE...W wind 20 kt. Seas 8 ft.\n.WED...E wind 25 kt. Seas 6 ft.",
        "instruction": null,
        "response": "Avoid",
        "note": null,
        "parameters": {
          "AWIPSidentifier": [
            "CWFALU"
          ],
          "WMOidentifier": [
            "FZAK52 PAFC 252330"
          ],
          "NWSheadline": [
            "GALE WARNING THROUGH SATURDAY"
          ],
          "BLOCKCHANNEL": [
            "EAS",
            "NWEM",
            "CMAS"
          ],
          "VTEC": [
            "/O.NEW.PAFC.GL.W.8410.260925T2300Z-260927T0100Z/"
          ],
          "eventEndingTime": [
            "2026-09-26T17:00:00-08:00"
          ]
        },
        "scope": "Public",
        "code": "IPAWSv1.0",
        "language": "en-US",
        "web": "http://www.weather.gov",
        "eventCode": {
          "SAME": [
            "NWS"
          ],
          "NationalWeatherService": [
            "GLW"
          ]
        }
      }
    },
    {
      "id": "https://api.weather.gov/alerts/urn:oid:2.49.0.1.840.0.197bfb5bb4554ec300bbedfe62efe161b44db291.010.1",
      "type": "Feature",
      "geometry": null,
      "properties": {
        "@id": "https://api.weather.gov/alerts/urn:oid:2.49.0.1.840.0.197bfb5bb4554ec300bbedfe62efe161b44db291.010.1",
        "@type": "wx:Alert",
        "id": "urn:oid:2.49.0.1.840.0.197bfb5bb4554ec300bbedfe62efe161b44db291.010.1",
        "areaDesc": "Nelson Lagoon to Cape Sarichef out to 15 NM",
        "geocode": {
          "SAME": [
            "058758"
          ],
          "UGC": [
            "PKZ758"
          ]
        },
        "affectedZones": [
          "https://api.weather.gov/zones/forecast/PKZ758"
        ],
        "references": [],
        "sent": "2026-09-25T15:30:00-08:00",
        "effective": "2026-09-25T15:30:00-08:00",
        "onset": "2026-09-25T15:00:00-08:00",
        "expires": "2026-09-26T04:00:00-08:00",
        "ends": "2026-09-26T17:00:00-08:00",
        "status": "Actual",
        "messageType": "Alert",
        "category": "Met",
        "severity": "Moderate",
        "certainty": "Likely",
        "urgency": "Expected",
        "event": "Gale Warning",
        "sender": "w-nws.webmaster@noaa.gov",
        "senderName": "NWS Anchorage AK",
        "headline": "Gale Warning issued September 25 at 3:30PM AKDT until September 26 at 5:00PM AKDT by NWS Anchorage AK",
        "description": "Coastal Waters Forecast for Southwest Alaska+Bristol Bay+The\nAlaska Peninsula Waters and the Aleutian Islands up to 100 nm out.\n\nWind forecasts reflect the predominant speed and direction\nexpected. Sea forecasts represent an average of the highest\none-third of the combined wind wave and swell height.\n\n.TONIGHT...S wind 30 kt becoming SW 40 kt after midnight. Seas\n15 ft. Rain showers.\n.SAT...SW wind 40 kt. Seas 18 ft. Rain showers.\n.SAT NIGHT...W wind 30 kt. Seas 16 ft. Rain showers.\n.SUN AND SUN NIGHT...NW wind 30 kt. Seas 11 ft.\n.MON...NW wind 30 kt. Seas 11 ft.\n.TUE...W wind 20 kt. Seas 7 ft.\n.WED...N wind 20 kt. Seas 4 ft.",
        "instruction": null,
        "response": "Avoid",
        "note": null,
        "parameters": {
          "AWIPSidentifier": [
            "CWFALU"
          ],
          "WMOidentifier": [
            "FZAK52 PAFC 252330"
          ],
          "NWSheadline": [
            "GALE WARNING THROUGH SATURDAY"
          ],
          "BLOCKCHANNEL": [
            "EAS",
            "NWEM",
            "CMAS"
          ],
          "VTEC": [
            "/O.NEW.PAFC.GL.W.8406.260925T2300Z-260927T0100Z/"
          ],
          "eventEndingTime": [
            "2026-09-26T17:00:00-08:00"
          ]
        },
        "scope": "Public",
        "code": "IPAWSv1.0",
        "language": "en-US",
        "web": "http://www.weather.gov",
        "eventCode": {
          "SAME": [
            "NWS"
          ],
          "NationalWeatherService": [
            "GLW"
          ]
        }
      }
    },
    {
      "id": "https://api.weather.gov/alerts/urn:oid:2.49.0.1.840.0.197bfb5bb4554ec300bbedfe62efe161b44db291.023.1",
      "type": "Feature",
      "geometry": null,
      "properties": {
        "@id": "https://api.weather.gov/alerts/urn:oid:2.49.0.1.840.0.197bfb5bb4554ec300bbedfe62efe161b44db291.023.1",
        "@type": "wx:Alert",
        "id": "urn:oid:2.49.0.1.840.0.197bfb5bb4554ec300bbedfe62efe161b44db291.023.1",
        "areaDesc": "Seguam to Adak Bering Side from 15 to 85 NM",
        "geocode": {
          "SAME": [
            "058781"
          ],
          "UGC": [
            "PKZ781"
          ]
        },
        "affectedZones": [
          "https://api.weather.gov/zones/forecast/PKZ781"
        ],
        "references": [],
        "sent": "2026-09-25T15:30:00-08:00",
        "effective": "2026-09-25T15:30:00-08:00",
        "onset": "2026-09-25T15:00:00-08:00",
        "expires": "2026-09-26T04:00:00-08:00",
        "ends": "2026-09-26T17:00:00-08:00",
        "status": "Actual",
        "messageType": "Alert",
        "category": "Met",
        "severity": "Moderate",
        "certainty": "Likely",
        "urgency": "Expected",
        "event": "Gale Warning",
        "sender": "w-nws.webmaster@noaa.gov",
        "senderName": "NWS Anchorage AK",
        "headline": "Gale Warning issued September 25 at 3:30PM AKDT until September 26 at 5:00PM AKDT by NWS Anchorage AK",
        "description": "Coastal Waters Forecast for Southwest Alaska+Bristol Bay+The\nAlaska Peninsula Waters and the Aleutian Islands up to 100 nm out.\n\nWind forecasts reflect the predominant speed and direction\nexpected. Sea forecasts represent an average of the highest\none-third of the combined wind wave and swell height.\n\n.TONIGHT...W wind 40 kt. Seas 20 ft.\n.SAT...W wind 35 kt diminishing to 25 kt in the afternoon. Seas\n17 ft.\n.SAT NIGHT...W wind 20 kt. Seas 10 ft.\n.SUN AND SUN NIGHT...W wind 20 kt. Seas 7 ft.\n.MON...W wind 20 kt. Seas 6 ft.\n.TUE...SW wind 20 kt. Seas 6 ft.\n.WED...E wind 25 kt. Seas 9 ft.",
        "instruction": null,
        "response": "Avoid",
        "note": null,
        "parameters": {
          "AWIPSidentifier": [
            "CWFALU"
          ],
          "WMOidentifier": [
            "FZAK52 PAFC 252330"
          ],
          "NWSheadline": [
            "GALE WARNING THROUGH SATURDAY"
          ],
          "BLOCKCHANNEL": [
            "EAS",
            "NWEM",
            "CMAS"
          ],
          "VTEC": [
            "/O.NEW.PAFC.GL.W.8419.260925T2300Z-260927T0100Z/"
          ],
          "eventEndingTime": [
            "2026-09-26T17:00:00-08:00"
          ]
        },
        "scope": "Public",
        "code": "IPAWSv1.0",
        "language": "en-US",
        "web": "http://www.weather.gov",
        "eventCode": {
          "SAME": [
            "NWS"
          ],
          "NationalWeatherService": [
            "GLW"
          ]
        }
      }
    },
    {
      "id": "https://api.weather.gov/alerts/urn:oid:2.49.0.1.840.0.197bfb5bb4554ec300bbedfe62efe161b44db291.019.1",
      "type": "Feature",
      "geometry": null,
      "properties": {
        "@id": "https://api.weather.gov/alerts/urn:oid:2.49.0.1.840.0.197bfb5bb4554ec300bbedfe62efe161b44db291.019.1",
        "@type": "wx:Alert",
        "id": "urn:oid:2.49.0.1.840.0.197bfb5bb4554ec300bbedfe62efe161b44db291.019.1",
        "areaDesc": "Nikolski to Seguam Bering Side from 15 to 85 NM",
        "geocode": {
          "SAME": [
            "058776"
          ],
          "UGC": [
            "PKZ776"
          ]
        },
        "affectedZones": [
          "https://api.weather.gov/zones/forecast/PKZ776"
        ],
        "references": [],
        "sent": "2026-09-25T15:30:00-08:00",
        "effective": "2026-09-25T15:30:00-08:00",
        "onset": "2026-09-25T15:00:00-08:00",
        "expires": "2026-09-26T04:00:00-08:00",
        "ends": "2026-09-26T17:00:00-08:00",
        "status": "Actual",
        "messageType": "Alert",
        "category": "Met",
        "severity": "Moderate",
        "certainty": "Likely",
        "urgency": "Expected",
        "event": "Gale Warning",
        "sender": "w-nws.webmaster@noaa.gov",
        "senderName": "NWS Anchorage AK",
        "headline": "Gale Warning issued September 25 at 3:30PM AKDT until September 26 at 5:00PM AKDT by NWS Anchorage AK",
        "description": "Coastal Waters Forecast for Southwest Alaska+Bristol Bay+The\nAlaska Peninsula Waters and the Aleutian Islands up to 100 nm out.\n\nWind forecasts reflect the predominant speed and direction\nexpected. Sea forecasts represent an average of the highest\none-third of the combined wind wave and swell height.\n\n.TONIGHT...SW wind 45 kt. Seas 23 ft. Rain showers.\n.SAT...W wind 40 kt diminishing to 30 kt in the afternoon. Seas\n20 ft.\n.SAT NIGHT...W wind 25 kt. Seas 13 ft.\n.SUN AND SUN NIGHT...NW wind 25 kt. Seas 9 ft.\n.MON THROUGH TUE...W wind 20 kt. Seas 7 ft.\n.WED...E wind 25 kt. Seas 10 ft.",
        "instruction": null,
        "response": "Avoid",
        "note": null,
        "parameters": {
          "AWIPSidentifier": [
            "CWFALU"
          ],
          "WMOidentifier": [
            "FZAK52 PAFC 252330"
          ],
          "NWSheadline": [
            "GALE WARNING THROUGH SATURDAY"
          ],
          "BLOCKCHANNEL": [
            "EAS",
            "NWEM",
            "CMAS"
          ],
          "VTEC": [
            "/O.NEW.PAFC.GL.W.8415.260925T2300Z-260927T0100Z/"
          ],
          "eventEndingTime": [
            "2026-09-26T17:00:00-08:00"
          ]
        },
        "scope": "Public",
        "code": "IPAWSv1.0",
        "language": "en-US",
        "web": "http://www.weather.gov",
        "eventCode": {
          "SAME": [
            "NWS"
          ],
          "NationalWeatherService": [
            "GLW"
          ]
        }
      }
    },
    {
      "id": "https://api.weather.gov/alerts/urn:oid:2.49.0.1.840.0.197bfb5bb4554ec300bbedfe62efe161b44db291.016.1",
      "type": "Feature",
      "geometry": null,
      "properties": {
        "@id": "https://api.weather.gov/alerts/urn:oid:2.49.0.1.840.0.197bfb5bb4554ec300bbedfe62efe161b44db291.016.1",
        "@type": "wx:Alert",
        "id": "urn:oid:2.49.0.1.840.0.197bfb5bb4554ec300bbedfe62efe161b44db291.016.1",
        "areaDesc": "Unalga Pass to Nikolski Pacific Side out to 15 NM",
        "geocode": {
          "SAME": [
            "058773"
          ],
          "UGC": [
            "PKZ773"
          ]
        },
        "affectedZones": [
          "https://api.weather.gov/zones/forecast/PKZ773"
        ],
        "references": [],
        "sent": "2026-09-25T15:30:00-08:00",
        "effective": "2026-09-25T15:30:00-08:00",
        "onset": "2026-09-25T15:00:00-08:00",
        "expires": "2026-09-26T04:00:00-08:00",
        "ends": "2026-09-26T17:00:00-08:00",
        "status": "Actual",
        "messageType": "Alert",
        "category": "Met",
        "severity": "Moderate",
        "certainty": "Likely",
        "urgency": "Expected",
        "event": "Gale Warning",
        "sender": "w-nws.webmaster@noaa.gov",
        "senderName": "NWS Anchorage AK",
        "headline": "Gale Warning issued September 25 at 3:30PM AKDT until September 26 at 5:00PM AKDT by NWS Anchorage AK",
        "description": "Coastal Waters Forecast for Southwest Alaska+Bristol Bay+The\nAlaska Peninsula Waters and the Aleutian Islands up to 100 nm out.\n\nWind forecasts reflect the predominant speed and direction\nexpected. Sea forecasts represent an average of the highest\none-third of the combined wind wave and swell height.\n\n.TONIGHT...SW wind 45 kt. Seas 19 ft.\n.SAT...SW wind 40 kt. Seas 18 ft.\n.SAT NIGHT...W wind 30 kt. Seas 11 ft.\n.SUN AND SUN NIGHT...NW wind 25 kt. Seas 7 ft.\n.MON THROUGH TUE...W wind 20 kt. Seas 4 ft.\n.WED...SE wind 25 kt. Seas 6 ft.",
        "instruction": null,
        "response": "Avoid",
        "note": null,
        "parameters": {
          "AWIPSidentifier": [
            "CWFALU"
          ],
          "WMOidentifier": [
            "FZAK52 PAFC 252330"
          ],
          "NWSheadline": [
            "GALE WARNING THROUGH SATURDAY"
          ],
          "BLOCKCHANNEL": [
            "EAS",
            "NWEM",
            "CMAS"
          ],
          "VTEC": [
            "/O.NEW.PAFC.GL.W.8412.260925T2300Z-260927T0100Z/"
          ],
          "eventEndingTime": [
            "2026-09-26T17:00:00-08:00"
          ]
        },
        "scope": "Public",
        "code": "IPAWSv1.0",
        "language": "en-US",
        "web": "http://www.weather.gov",
        "eventCode": {
          "SAME": [
            "NWS"
          ],
          "NationalWeatherService": [
            "GLW"
          ]
        }
      }
    },
    {
      "id": "https://api.weather.gov/alerts/urn:oid:2.49.0.1.840.0.197bfb5bb4554ec300bbedfe62efe161b44db291.037.1",
      "type": "Feature",
      "geometry": null,
      "properties": {
        "@id": "https://api.weather.gov/alerts/urn:oid:2.49.0.1.840.0.197bfb5bb4554ec300bbedfe62efe161b44db291.037.1",
        "@type": "wx:Alert",
        "id": "urn:oid:2.49.0.1.840.0.197bfb5bb4554ec300bbedfe62efe161b44db291.037.1",
        "areaDesc": "Saint Matthew Island Waters",
        "geocode": {
          "SAME": [
            "058767"
          ],
          "UGC": [
            "PKZ767"
          ]
        },
        "affectedZones": [
          "https://api.weather.gov/zones/forecast/PKZ767"
        ],
        "references": [],
        "sent": "2026-09-25T15:30:00-08:00",
        "effective": "2026-09-25T15:30:00-08:00",
        "onset": "2026-09-26T05:00:00-08:00",
        "expires": "2026-09-26T04:00:00-08:00",
        "ends": "2026-09-27T05:00:00-08:00",
        "status": "Actual",
        "messageType": "Alert",
        "category": "Met",
        "severity": "Minor",
        "certainty": "Likely",
        "urgency": "Expected",
        "event": "Small Craft Advisory",
        "sender": "w-nws.webmaster@noaa.gov",
        "senderName": "NWS Anchorage AK",
        "headline": "Small Craft Advisory issued September 25 at 3:30PM AKDT until September 27 at 5:00AM AKDT by NWS Anchorage AK",
        "description": "Coastal Waters Forecast for Southwest Alaska+Bristol Bay+The\nAlaska Peninsula Waters and the Aleutian Islands up to 100 nm out.\n\nWind forecasts reflect the predominant speed and direction\nexpected. Sea forecasts represent an average of the highest\none-third of the combined wind wave and swell height.\n\n.TONIGHT...NE wind 30 kt. Seas 13 ft.\n.SAT...N wind 25 kt. Seas 10 ft.\n.SAT NIGHT...N wind 25 kt. Seas 8 ft.\n.SUN AND SUN NIGHT...NW wind 25 kt. Seas 7 ft.\n.MON...N wind 20 kt. Seas 6 ft.\n.TUE THROUGH WED...NE wind 20 kt. Seas 7 ft.",
        "instruction": null,
        "response": "Avoid",
        "note": null,
        "parameters": {
          "AWIPSidentifier": [
            "CWFALU"
          ],
          "WMOidentifier": [
            "FZAK52 PAFC 252330"
          ],
          "NWSheadline": [
            "SMALL CRAFT ADVISORY THROUGH SATURDAY NIGHT"
          ],
          "BLOCKCHANNEL": [
            "EAS",
            "NWEM",
            "CMAS"
          ],
          "VTEC": [
            "/O.NEW.PAFC.SC.Y.8433.260926T1300Z-260927T1300Z/"
          ],
          "eventEndingTime": [
            "2026-09-27T05:00:00-08:00"
          ]
        },
        "scope": "Public",
        "code": "IPAWSv1.0",
        "language": "en-US",
        "web": "http://www.weather.gov",
        "eventCode": {
          "SAME": [
            "NWS"
          ],
          "NationalWeatherService": [
            "SCY"
          ]
        }
      }
    },
    {
      "id": "https://api.weather.gov/alerts/urn:oid:2.49.0.1.840.0.197bfb5bb4554ec300bbedfe62efe161b44db291.015.1",
      "type": "Feature",
      "geometry": null,
      "properties": {
        "@id": "https://api.weather.gov/alerts/urn:oid:2.49.0.1.840.0.197bfb5bb4554ec300bbedfe62efe161b44db291.015.1",
        "@type": "wx:Alert",
        "id": "urn:oid:2.49.0.1.840.0.197bfb5bb4554ec300bbedfe62efe161b44db291.015.1",
        "areaDesc": "Unalaska Bay",
        "geocode": {
          "SAME": [
            "058771"
          ],
          "UGC": [
            "PKZ771"
          ]
        },
        "affectedZones": [
          "https://api.weather.gov/zones/forecast/PKZ771"
        ],
        "references": [],
        "sent": "2026-09-25T15:30:00-08:00",
        "effective": "2026-09-25T15:30:00-08:00",
        "onset": "2026-09-25T15:00:00-08:00",
        "expires": "2026-09-26T04:00:00-08:00",
        "ends": "2026-09-26T17:00:00-08:00",
        "status": "Actual",
        "messageType": "Alert",
        "category": "Met",
        "severity": "Moderate",
        "certainty": "Likely",
        "urgency": "Expected",
        "event": "Gale Warning",
        "sender": "w-nws.webmaster@noaa.gov",
        "senderName": "NWS Anchorage AK",
        "headline": "Gale Warning issued September 25 at 3:30PM AKDT until September 26 at 5:00PM AKDT by NWS Anchorage AK",
        "description": "Coastal Waters Forecast for Southwest Alaska+Bristol Bay+The\nAlaska Peninsula Waters and the Aleutian Islands up to 100 nm out.\n\nWind forecasts reflect the predominant speed and direction\nexpected. Sea forecasts represent an average of the highest\none-third of the combined wind wave and swell height.\n\n.TONIGHT...SW wind 30 kt increasing to 40 kt after midnight. Seas\n6 ft. Rain showers.\n.SAT...SW wind 35 kt. Seas 5 ft. Rain showers.\n.SAT NIGHT...W wind 30 kt. Seas 5 ft. Rain showers.\n.SUN...W wind 25 kt. Seas 4 ft.\n.SUN NIGHT...NW wind 25 kt. Seas 9 ft.\n.MON...W wind 25 kt. Seas 5 ft.\n.TUE...W wind 20 kt. Seas 3 ft.\n.WED...E wind 20 kt. Seas 2 ft.",
        "instruction": null,
        "response": "Avoid",
        "note": null,
        "parameters": {
          "AWIPSidentifier": [
            "CWFALU"
          ],
          "WMOidentifier": [
            "FZAK52 PAFC 252330"
          ],
          "NWSheadline": [
            "GALE WARNING THROUGH SATURDAY"
          ],
          "BLOCKCHANNEL": [
            "EAS",
            "NWEM",
            "CMAS"
          ],
          "VTEC": [
            "/O.NEW.PAFC.GL.W.8411.260925T2300Z-260927T0100Z/"
          ],
          "eventEndingTime": [
            "2026-09-26T17:00:00-08:00"
          ]
        },
        "scope": "Public",
        "code": "IPAWSv1.0",
        "language": "en-US",
        "web": "http://www.weather.gov",
        "eventCode": {
          "SAME": [
            "NWS"
          ],
          "NationalWeatherService": [
            "GLW"
          ]
        }
      }
    },
    {
      "id": "https://api.weather.gov/alerts/urn:oid:2.49.0.1.840.0.197bfb5bb4554ec300bbedfe62efe161b44db291.032.1",
      "type": "Feature",
      "geometry": null,
      "properties": {
        "@id": "https://api.weather.gov/alerts/urn:oid:2.49.0.1.840.0.197bfb5bb4554ec300bbedfe62efe161b44db291.032.1",
        "@type": "wx:Alert",
        "id": "urn:oid:2.49.0.1.840.0.197bfb5bb4554ec300bbedfe62efe161b44db291.032.1",
        "areaDesc": "Bristol Bay from Port Heiden to Cape Chichagof out to 15 NM",
        "geocode": {
          "SAME": [
            "058761"
          ],
          "UGC": [
            "PKZ761"
          ]
        },
        "affectedZones": [
          "https://api.weather.gov/zones/forecast/PKZ761"
        ],
        "references": [],
        "sent": "2026-09-25T15:30:00-08:00",
        "effective": "2026-09-25T15:30:00-08:00",
        "onset": "2026-09-26T05:00:00-08:00",
        "expires": "2026-09-26T04:00:00-08:00",
        "ends": "2026-09-27T05:00:00-08:00",
        "status": "Actual",
        "messageType": "Alert",
        "category": "Met",
        "severity": "Minor",
        "certainty": "Likely",
        "urgency": "Expected",
        "event": "Small Craft Advisory",
        "sender": "w-nws.webmaster@noaa.gov",
        "senderName": "NWS Anchorage AK",
        "headline": "Small Craft Advisory issued September 25 at 3:30PM AKDT until September 27 at 5:00AM AKDT by NWS Anchorage AK",
        "description": "Coastal Waters Forecast for Southwest Alaska+Bristol Bay+The\nAlaska Peninsula Waters and the Aleutian Islands up to 100 nm out.\n\nWind forecasts reflect the predominant speed and direction\nexpected. Sea forecasts represent an average of the highest\none-third of the combined wind wave and swell height.\n\n.TONIGHT...SE wind 20 kt. Seas 7 ft. Rain showers.\n.SAT...SW wind 25 kt. Seas 7 ft. Rain showers.\n.SAT NIGHT...S wind 25 kt. Seas 9 ft. Rain showers.\n.SUN...SW wind 25 kt. Seas 9 ft.\n.SUN NIGHT...NW wind 25 kt. Seas 8 ft.\n.MON...NW wind 25 kt. Seas 8 ft.\n.TUE...NW wind 20 kt. Seas 7 ft.\n.WED...NW wind 15 kt. Seas 5 ft.",
        "instruction": null,
        "response": "Avoid",
        "note": null,
        "parameters": {
          "AWIPSidentifier": [
            "CWFALU"
          ],
          "WMOidentifier": [
            "FZAK52 PAFC 252330"
          ],
          "NWSheadline": [
            "SMALL CRAFT ADVISORY SATURDAY AND SATURDAY NIGHT"
          ],
          "BLOCKCHANNEL": [
            "EAS",
            "NWEM",
            "CMAS"
          ],
          "VTEC": [
            "/O.NEW.PAFC.SC.Y.8428.260926T1300Z-260927T1300Z/"
          ],
          "eventEndingTime": [
            "2026-09-27T05:00:00-08:00"
          ]
        },
        "scope": "Public",
        "code": "IPAWSv1.0",
        "language": "en-US",
        "web": "http://www.weather.gov",
        "eventCode": {
          "SAME": [
            "NWS"
          ],
          "NationalWeatherService": [
            "SCY"
          ]
        }
      }
    },
    {
      "id": "https://api.weather.gov/alerts/urn:oid:2.49.0.1.840.0.197bfb5bb4554ec300bbedfe62efe161b44db291.006.1",
      "type": "Feature",
      "geometry": null,
      "properties": {
        "@id": "https://api.weather.gov/alerts/urn:oid:2.49.0.1.840.0.197bfb5bb4554ec300bbedfe62efe161b44db291.006.1",
        "@type": "wx:Alert",
        "id": "urn:oid:2.49.0.1.840.0.197bfb5bb4554ec300bbedfe62efe161b44db291.006.1",
        "areaDesc": "Cape Tolstoi to Cape Sarichef out to 15 NM",
        "geocode": {
          "SAME": [
            "058754"
          ],
          "UGC": [
            "PKZ754"
          ]
        },
        "affectedZones": [
          "https://api.weather.gov/zones/forecast/PKZ754"
        ],
        "references": [],
        "sent": "2026-09-25T15:30:00-08:00",
        "effective": "2026-09-25T15:30:00-08:00",
        "onset": "2026-09-26T05:00:00-08:00",
        "expires": "2026-09-26T04:00:00-08:00",
        "ends": "2026-09-27T05:00:00-08:00",
        "status": "Actual",
        "messageType": "Alert",
        "category": "Met",
        "severity": "Moderate",
        "certainty": "Likely",
        "urgency": "Expected",
        "event": "Gale Warning",
        "sender": "w-nws.webmaster@noaa.gov",
        "senderName": "NWS Anchorage AK",
        "headline": "Gale Warning issued September 25 at 3:30PM AKDT until September 27 at 5:00AM AKDT by NWS Anchorage AK",
        "description": "Coastal Waters Forecast for Southwest Alaska+Bristol Bay+The\nAlaska Peninsula Waters and the Aleutian Islands up to 100 nm out.\n\nWind forecasts reflect the predominant speed and direction\nexpected. Sea forecasts represent an average of the highest\none-third of the combined wind wave and swell height.\n\n.TONIGHT...SW wind 30 kt increasing to 40 kt after midnight. Seas\n15 ft. Rain showers.\n.SAT...SW wind 40 kt. Seas 16 ft. Rain showers.\n.SAT NIGHT...W wind 35 kt. Seas 13 ft.\n.SUN AND SUN NIGHT...NW wind 30 kt. Seas 7 ft.\n.MON...NW wind 30 kt. Seas 5 ft.\n.TUE THROUGH WED...NW wind 15 kt. Seas 4 ft.",
        "instruction": null,
        "response": "Avoid",
        "note": null,
        "parameters": {
          "AWIPSidentifier": [
            "CWFALU"
          ],
          "WMOidentifier": [
            "FZAK52 PAFC 252330"
          ],
          "NWSheadline": [
            "GALE WARNING THROUGH SATURDAY NIGHT"
          ],
          "BLOCKCHANNEL": [
            "EAS",
            "NWEM",
            "CMAS"
          ],
          "VTEC": [
            "/O.NEW.PAFC.GL.W.8402.260926T1300Z-260927T1300Z/"
          ],
          "eventEndingTime": [
            "2026-09-27T05:00:00-08:00"
          ]
        },
        "scope": "Public",
        "code": "IPAWSv1.0",
        "language": "en-US",
        "web": "http://www.weather.gov",
        "eventCode": {
          "SAME": [
            "NWS"
          ],
          "NationalWeatherService": [
            "GLW"
          ]
        }
      }
    },
    {
      "id": "https://api.weather.gov/alerts/urn:oid:2.49.0.1.840.0.197bfb5bb4554ec300bbedfe62efe161b44db291.003.1",
      "type": "Feature",
      "geometry": null,
      "properties": {
        "@id": "https://api.weather.gov/alerts/urn:oid:2.49.0.1.840.0.197bfb5bb4554ec300bbedfe62efe161b44db291.003.1",
        "@type": "wx:Alert",
        "id": "urn:oid:2.49.0.1.840.0.197bfb5bb4554ec300bbedfe62efe161b44db291.003.1",
        "areaDesc": "Sitkinak to Castle Cape from 15 to 100 NM",
        "geocode": {
          "SAME": [
            "058751"
          ],
          "UGC": [
            "PKZ751"
          ]
        },
        "affectedZones": [
          "https://api.weather.gov/zones/forecast/PKZ751"
        ],
        "references": [],
        "sent": "2026-09-25T15:30:00-08:00",
        "effective": "2026-09-25T15:30:00-08:00",
        "onset": "2026-09-26T05:00:00-08:00",
        "expires": "2026-09-26T04:00:00-08:00",
        "ends": "2026-09-27T05:00:00-08:00",
        "status": "Actual",
        "messageType": "Alert",
        "category": "Met",
        "severity": "Minor",
        "certainty": "Likely",
        "urgency": "Expected",
        "event": "Small Craft Advisory",
        "sender": "w-nws.webmaster@noaa.gov",
        "senderName": "NWS Anchorage AK",
        "headline": "Small Craft Advisory issued September 25 at 3:30PM AKDT until September 27 at 5:00AM AKDT by NWS Anchorage AK",
        "description": "Coastal Waters Forecast for Southwest Alaska+Bristol Bay+The\nAlaska Peninsula Waters and the Aleutian Islands up to 100 nm out.\n\nWind forecasts reflect the predominant speed and direction\nexpected. Sea forecasts represent an average of the highest\none-third of the combined wind wave and swell height.\n\n.TONIGHT...SW wind 30 kt. Seas 16 ft. Rain showers.\n.SAT...SW wind 30 kt. Seas 17 ft. Rain showers.\n.SAT NIGHT...SW wind 30 kt. Seas 17 ft.\n.SUN AND SUN NIGHT...W wind 30 kt. Seas 14 ft.\n.MON...NW wind 30 kt. Seas 11 ft.\n.TUE...W wind 20 kt. Seas 9 ft.\n.WED...W wind 15 kt. Seas 6 ft.",
        "instruction": null,
        "response": "Avoid",
        "note": null,
        "parameters": {
          "AWIPSidentifier": [
            "CWFALU"
          ],
          "WMOidentifier": [
            "FZAK52 PAFC 252330"
          ],
          "NWSheadline": [
            "SMALL CRAFT ADVISORY THROUGH SATURDAY NIGHT"
          ],
          "BLOCKCHANNEL": [
            "EAS",
            "NWEM",
            "CMAS"
          ],
          "VTEC": [
            "/O.NEW.PAFC.SC.Y.8399.260926T1300Z-260927T1300Z/"
          ],
          "eventEndingTime": [
            "2026-09-27T05:00:00-08:00"
          ]
        },
        "scope": "Public",
        "code": "IPAWSv1.0",
        "language": "en-US",
        "web": "http://www.weather.gov",
        "eventCode": {
          "SAME": [
            "NWS"
          ],
          "NationalWeatherService": [
            "SCY"
          ]
        }
      }
    },
    {
      "id": "https://api.weather.gov/alerts/urn:oid:2.49.0.1.840.0.197bfb5bb4554ec300bbedfe62efe161b44db291.007.1",
      "type": "Feature",
      "geometry": null,
      "properties": {
        "@id": "https://api.weather.gov/alerts/urn:oid:2.49.0.1.840.0.197bfb5bb4554ec300bbedfe62efe161b44db291.007.1",
        "@type": "wx:Alert",
        "id": "urn:oid:2.49.0.1.840.0.197bfb5bb4554ec300bbedfe62efe161b44db291.007.1",
        "areaDesc": "Cape Tolstoi to Unalga Pass from 15 to 100 NM",
        "geocode": {
          "SAME": [
            "058755"
          ],
          "UGC": [
            "PKZ755"
          ]
        },
        "affectedZones": [
          "https://api.weather.gov/zones/forecast/PKZ755"
        ],
        "references": [],
        "sent": "2026-09-25T15:30:00-08:00",
        "effective": "2026-09-25T15:30:00-08:00",
        "onset": "2026-09-26T05:00:00-08:00",
        "expires": "2026-09-26T04:00:00-08:00",
        "ends": "2026-09-27T05:00:00-08:00",
        "status": "Actual",
        "messageType": "Alert",
        "category": "Met",
        "severity": "Moderate",
        "certainty": "Likely",
        "urgency": "Expected",
        "event": "Gale Warning",
        "sender": "w-nws.webmaster@noaa.gov",
        "senderName": "NWS Anchorage AK",
        "headline": "Gale Warning issued September 25 at 3:30PM AKDT until September 27 at 5:00AM AKDT by NWS Anchorage AK",
        "description": "Coastal Waters Forecast for Southwest Alaska+Bristol Bay+The\nAlaska Peninsula Waters and the Aleutian Islands up to 100 nm out.\n\nWind forecasts reflect the predominant speed and direction\nexpected. Sea forecasts represent an average of the highest\none-third of the combined wind wave and swell height.\n\n.TONIGHT...SW wind 45 kt. Seas 20 ft. Rain showers.\n.SAT...SW wind 40 kt. Seas 22 ft.\n.SAT NIGHT...W wind 35 kt. Seas 18 ft.\n.SUN AND SUN NIGHT...NW wind 30 kt. Seas 13 ft.\n.MON...NW wind 30 kt. Seas 11 ft.\n.TUE THROUGH WED...W wind 20 kt. Seas 6 ft.",
        "instruction": null,
        "response": "Avoid",
        "note": null,
        "parameters": {
          "AWIPSidentifier": [
            "CWFALU"
          ],
          "WMOidentifier": [
            "FZAK52 PAFC 252330"
          ],
          "NWSheadline": [
            "GALE WARNING THROUGH SATURDAY NIGHT"
          ],
          "BLOCKCHANNEL": [
            "EAS",
            "NWEM",
            "CMAS"
          ],
          "VTEC": [
            "/O.NEW.PAFC.GL.W.8403.260926T1300Z-260927T1300Z/"
          ],
          "eventEndingTime": [
            "2026-09-27T05:00:00-08:00"
          ]
        },
        "scope": "Public",
        "code": "IPAWSv1.0",
        "language": "en-US",
        "web": "http://www.weather.gov",
        "eventCode": {
          "SAME": [
            "NWS"
          ],
          "NationalWeatherService": [
            "GLW"
          ]
        }
      }
    },
    {
      "id": "https://api.weather.gov/alerts/urn:oid:2.49.0.1.840.0.197bfb5bb4554ec300bbedfe62efe161b44db291.033.1",
      "type": "Feature",
      "geometry": null,
      "properties": {
        "@id": "https://api.weather.gov/alerts/urn:oid:2.49.0.1.840.0.197bfb5bb4554ec300bbedfe62efe161b44db291.033.1",
        "@type": "wx:Alert",
        "id": "urn:oid:2.49.0.1.840.0.197bfb5bb4554ec300bbedfe62efe161b44db291.033.1",
        "areaDesc": "Bristol Bay from Cape Chichagof to Cape Pierce out to 15 NM",
        "geocode": {
          "SAME": [
            "058762"
          ],
          "UGC": [
            "PKZ762"
          ]
        },
        "affectedZones": [
          "https://api.weather.gov/zones/forecast/PKZ762"
        ],
        "references": [],
        "sent": "2026-09-25T15:30:00-08:00",
        "effective": "2026-09-25T15:30:00-08:00",
        "onset": "2026-09-26T05:00:00-08:00",
        "expires": "2026-09-26T04:00:00-08:00",
        "ends": "2026-09-27T05:00:00-08:00",
        "status": "Actual",
        "messageType": "Alert",
        "category": "Met",
        "severity": "Minor",
        "certainty": "Likely",
        "urgency": "Expected",
        "event": "Small Craft Advisory",
        "sender": "w-nws.webmaster@noaa.gov",
        "senderName": "NWS Anchorage AK",
        "headline": "Small Craft Advisory issued September 25 at 3:30PM AKDT until September 27 at 5:00AM AKDT by NWS Anchorage AK",
        "description": "Coastal Waters Forecast for Southwest Alaska+Bristol Bay+The\nAlaska Peninsula Waters and the Aleutian Islands up to 100 nm out.\n\nWind forecasts reflect the predominant speed and direction\nexpected. Sea forecasts represent an average of the highest\none-third of the combined wind wave and swell height.\n\n.TONIGHT...SE wind 30 kt. Seas 7 ft. Rain showers.\n.SAT...S wind 25 kt. Seas 7 ft. Rain showers.\n.SAT NIGHT...S wind 20 kt. Seas 8 ft. Rain showers.\n.SUN...NW wind 15 kt. Seas 6 ft.\n.SUN NIGHT...N wind 20 kt. Seas 5 ft.\n.MON...NW wind 20 kt. Seas 5 ft.\n.TUE...NW wind 15 kt. Seas 4 ft.\n.WED...N wind 10 kt. Seas 3 ft.",
        "instruction": null,
        "response": "Avoid",
        "note": null,
        "parameters": {
          "AWIPSidentifier": [
            "CWFALU"
          ],
          "WMOidentifier": [
            "FZAK52 PAFC 252330"
          ],
          "NWSheadline": [
            "SMALL CRAFT ADVISORY THROUGH SATURDAY NIGHT"
          ],
          "BLOCKCHANNEL": [
            "EAS",
            "NWEM",
            "CMAS"
          ],
          "VTEC": [
            "/O.NEW.PAFC.SC.Y.8429.260926T1300Z-260927T1300Z/"
          ],
          "eventEndingTime": [
            "2026-09-27T05:00:00-08:00"
          ]
        },
        "scope": "Public",
        "code": "IPAWSv1.0",
        "language": "en-US",
        "web": "http://www.weather.gov",
        "eventCode": {
          "SAME": [
            "NWS"
          ],
          "NationalWeatherService": [
            "SCY"
          ]
        }
      }
    },
    {
      "id": "https://api.weather.gov/alerts/urn:oid:2.49.0.1.840.0.197bfb5bb4554ec300bbedfe62efe161b44db291.005.1",
      "type": "Feature",
      "geometry": null,
      "properties": {
        "@id": "https://api.weather.gov/alerts/urn:oid:2.49.0.1.840.0.197bfb5bb4554ec300bbedfe62efe161b44db291.005.1",
        "@type": "wx:Alert",
        "id": "urn:oid:2.49.0.1.840.0.197bfb5bb4554ec300bbedfe62efe161b44db291.005.1",
        "areaDesc": "Castle Cape to Cape Tolstoi from 15 to 100 NM",
        "geocode": {
          "SAME": [
            "058753"
          ],
          "UGC": [
            "PKZ753"
          ]
        },
        "affectedZones": [
          "https://api.weather.gov/zones/forecast/PKZ753"
        ],
        "references": [],
        "sent": "2026-09-25T15:30:00-08:00",
        "effective": "2026-09-25T15:30:00-08:00",
        "onset": "2026-09-26T05:00:00-08:00",
        "expires": "2026-09-26T04:00:00-08:00",
        "ends": "2026-09-27T05:00:00-08:00",
        "status": "Actual",
        "messageType": "Alert",
        "category": "Met",
        "severity": "Moderate",
        "certainty": "Likely",
        "urgency": "Expected",
        "event": "Gale Warning",
        "sender": "w-nws.webmaster@noaa.gov",
        "senderName": "NWS Anchorage AK",
        "headline": "Gale Warning issued September 25 at 3:30PM AKDT until September 27 at 5:00AM AKDT by NWS Anchorage AK",
        "description": "Coastal Waters Forecast for Southwest Alaska+Bristol Bay+The\nAlaska Peninsula Waters and the Aleutian Islands up to 100 nm out.\n\nWind forecasts reflect the predominant speed and direction\nexpected. Sea forecasts represent an average of the highest\none-third of the combined wind wave and swell height.\n\n.TONIGHT...SW wind 35 kt. Seas 18 ft. Rain showers.\n.SAT...SW wind 35 kt. Seas 20 ft. Rain showers.\n.SAT NIGHT...SW wind 35 kt. Seas 19 ft.\n.SUN AND SUN NIGHT...W wind 30 kt. Seas 14 ft.\n.MON...NW wind 30 kt. Seas 11 ft.\n.TUE...W wind 20 kt. Seas 7 ft.\n.WED...W wind 15 kt. Seas 6 ft.",
        "instruction": null,
        "response": "Avoid",
        "note": null,
        "parameters": {
          "AWIPSidentifier": [
            "CWFALU"
          ],
          "WMOidentifier": [
            "FZAK52 PAFC 252330"
          ],
          "NWSheadline": [
            "GALE WARNING THROUGH SATURDAY NIGHT"
          ],
          "BLOCKCHANNEL": [
            "EAS",
            "NWEM",
            "CMAS"
          ],
          "VTEC": [
            "/O.NEW.PAFC.GL.W.8401.260926T1300Z-260927T1300Z/"
          ],
          "eventEndingTime": [
            "2026-09-27T05:00:00-08:00"
          ]
        },
        "scope": "Public",
        "code": "IPAWSv1.0",
        "language": "en-US",
        "web": "http://www.weather.gov",
        "eventCode": {
          "SAME": [
            "NWS"
          ],
          "NationalWeatherService": [
            "GLW"
          ]
        }
      }
    },
    {
      "id": "https://api.weather.gov/alerts/urn:oid:2.49.0.1.840.0.197bfb5bb4554ec300bbedfe62efe161b44db291.035.1",
      "type": "Feature",
      "geometry": null,
      "properties": {
        "@id": "https://api.weather.gov/alerts/urn:oid:2.49.0.1.840.0.197bfb5bb4554ec300bbedfe62efe161b44db291.035.1",
        "@type": "wx:Alert",
        "id": "urn:oid:2.49.0.1.840.0.197bfb5bb4554ec300bbedfe62efe161b44db291.035.1",
        "areaDesc": "Kuskokwim Delta from 15 to 80 NM",
        "geocode": {
          "SAME": [
            "058764"
          ],
          "UGC": [
            "PKZ764"
          ]
        },
        "affectedZones": [
          "https://api.weather.gov/zones/forecast/PKZ764"
        ],
        "references": [],
        "sent": "2026-09-25T15:30:00-08:00",
        "effective": "2026-09-25T15:30:00-08:00",
        "onset": "2026-09-26T05:00:00-08:00",
        "expires": "2026-09-26T04:00:00-08:00",
        "ends": "2026-09-27T05:00:00-08:00",
        "status": "Actual",
        "messageType": "Alert",
        "category": "Met",
        "severity": "Minor",
        "certainty": "Likely",
        "urgency": "Expected",
        "event": "Small Craft Advisory",
        "sender": "w-nws.webmaster@noaa.gov",
        "senderName": "NWS Anchorage AK",
        "headline": "Small Craft Advisory issued September 25 at 3:30PM AKDT until September 27 at 5:00AM AKDT by NWS Anchorage AK",
        "description": "Coastal Waters Forecast for Southwest Alaska+Bristol Bay+The\nAlaska Peninsula Waters and the Aleutian Islands up to 100 nm out.\n\nWind forecasts reflect the predominant speed and direction\nexpected. Sea forecasts represent an average of the highest\none-third of the combined wind wave and swell height.\n\n.TONIGHT...S wind 30 kt. Seas 12 ft. Rain showers.\n.SAT...SE wind 25 kt. Seas 13 ft. Rain showers.\n.SAT NIGHT...NW wind 25 kt. Seas 13 ft.\n.SUN AND SUN NIGHT...NW wind 25 kt. Seas 10 ft.\n.MON...NW wind 25 kt. Seas 8 ft.\n.TUE...NW wind 15 kt. Seas 6 ft.\n.WED...N wind 20 kt. Seas 4 ft.",
        "instruction": null,
        "response": "Avoid",
        "note": null,
        "parameters": {
          "AWIPSidentifier": [
            "CWFALU"
          ],
          "WMOidentifier": [
            "FZAK52 PAFC 252330"
          ],
          "NWSheadline": [
            "SMALL CRAFT ADVISORY THROUGH SATURDAY NIGHT"
          ],
          "BLOCKCHANNEL": [
            "EAS",
            "NWEM",
            "CMAS"
          ],
          "VTEC": [
            "/O.NEW.PAFC.SC.Y.8431.260926T1300Z-260927T1300Z/"
          ],
          "eventEndingTime": [
            "2026-09-27T05:00:00-08:00"
          ]
        },
        "scope": "Public",
        "code": "IPAWSv1.0",
        "language": "en-US",
        "web": "http://www.weather.gov",
        "eventCode": {
          "SAME": [
            "NWS"
          ],
          "NationalWeatherService": [
            "SCY"
          ]
        }
      }
    },
    {
      "id": "https://api.weather.gov/alerts/urn:oid:2.49.0.1.840.0.197bfb5bb4554ec300bbedfe62efe161b44db291.002.1",
      "type": "Feature",
      "geometry": null,
      "properties": {
        "@id": "https://api.weather.gov/alerts/urn:oid:2.49.0.1.840.0.197bfb5bb4554ec300bbedfe62efe161b44db291.002.1",
        "@type": "wx:Alert",
        "id": "urn:oid:2.49.0.1.840.0.197bfb5bb4554ec300bbedfe62efe161b44db291.002.1",
        "areaDesc": "Sitkinak to Castle Cape out to 15 NM",
        "geocode": {
          "SAME": [
            "058750"
          ],
          "UGC": [
            "PKZ750"
          ]
        },
        "affectedZones": [
          "https://api.weather.gov/zones/forecast/PKZ750"
        ],
        "references": [],
        "sent": "2026-09-25T15:30:00-08:00",
        "effective": "2026-09-25T15:30:00-08:00",
        "onset": "2026-09-26T05:00:00-08:00",
        "expires": "2026-09-26T04:00:00-08:00",
        "ends": "2026-09-27T05:00:00-08:00",
        "status": "Actual",
        "messageType": "Alert",
        "category": "Met",
        "severity": "Minor",
        "certainty": "Likely",
        "urgency": "Expected",
        "event": "Small Craft Advisory",
        "sender": "w-nws.webmaster@noaa.gov",
        "senderName": "NWS Anchorage AK",
        "headline": "Small Craft Advisory issued September 25 at 3:30PM AKDT until September 27 at 5:00AM AKDT by NWS Anchorage AK",
        "description": "Coastal Waters Forecast for Southwest Alaska+Bristol Bay+The\nAlaska Peninsula Waters and the Aleutian Islands up to 100 nm out.\n\nWind forecasts reflect the predominant speed and direction\nexpected. Sea forecasts represent an average of the highest\none-third of the combined wind wave and swell height.\n\n.TONIGHT...SW wind 20 kt becoming S 30 kt after midnight. Seas 8\nft. Rain showers.\n.SAT...SW wind 30 kt. Seas 10 ft. Rain showers.\n.SAT NIGHT...SW wind 30 kt. Seas 11 ft.\n.SUN AND SUN NIGHT...W wind 20 kt. Seas 8 ft.\n.MON...NW wind 25 kt. Seas 6 ft.\n.TUE...W wind 20 kt. Seas 5 ft.\n.WED...NW wind 15 kt. Seas 4 ft.",
        "instruction": null,
        "response": "Avoid",
        "note": null,
        "parameters": {
          "AWIPSidentifier": [
            "CWFALU"
          ],
          "WMOidentifier": [
            "FZAK52 PAFC 252330"
          ],
          "NWSheadline": [
            "SMALL CRAFT ADVISORY THROUGH SATURDAY NIGHT"
          ],
          "BLOCKCHANNEL": [
            "EAS",
            "NWEM",
            "CMAS"
          ],
          "VTEC": [
            "/O.NEW.PAFC.SC.Y.8398.260926T1300Z-260927T1300Z/"
          ],
          "eventEndingTime": [
            "2026-09-27T05:00:00-08:00"
          ]
        },
        "scope": "Public",
        "code": "IPAWSv1.0",
        "language": "en-US",
        "web": "http://www.weather.gov",
        "eventCode": {
          "SAME": [
            "NWS"
          ],
          "NationalWeatherService": [
            "SCY"
          ]
        }
      }
    },
    {
      "id": "https://api.weather.gov/alerts/urn:oid:2.49.0.1.840.0.197bfb5bb4554ec300bbedfe62efe161b44db291.030.1",
      "type": "Feature",
      "geometry": null,
      "properties": {
        "@id": "https://api.weather.gov/alerts/urn:oid:2.49.0.1.840.0.197bfb5bb4554ec300bbedfe62efe161b44db291.030.1",
        "@type": "wx:Alert",
        "id": "urn:oid:2.49.0.1.840.0.197bfb5bb4554ec300bbedfe62efe161b44db291.030.1",
        "areaDesc": "Pribilof Islands Nearshore Waters",
        "geocode": {
          "SAME": [
            "058766"
          ],
          "UGC": [
            "PKZ766"
          ]
        },
        "affectedZones": [
          "https://api.weather.gov/zones/forecast/PKZ766"
        ],
        "references": [],
        "sent": "2026-09-25T15:30:00-08:00",
        "effective": "2026-09-25T15:30:00-08:00",
        "onset": "2026-09-26T05:00:00-08:00",
        "expires": "2026-09-26T04:00:00-08:00",
        "ends": "2026-09-27T05:00:00-08:00",
        "status": "Actual",
        "messageType": "Alert",
        "category": "Met",
        "severity": "Minor",
        "certainty": "Likely",
        "urgency": "Expected",
        "event": "Small Craft Advisory",
        "sender": "w-nws.webmaster@noaa.gov",
        "senderName": "NWS Anchorage AK",
        "headline": "Small Craft Advisory issued September 25 at 3:30PM AKDT until September 27 at 5:00AM AKDT by NWS Anchorage AK",
        "description": "Coastal Waters Forecast for Southwest Alaska+Bristol Bay+The\nAlaska Peninsula Waters and the Aleutian Islands up to 100 nm out.\n\nWind forecasts reflect the predominant speed and direction\nexpected. Sea forecasts represent an average of the highest\none-third of the combined wind wave and swell height.\n\n.TONIGHT...SW wind 30 kt. Seas 17 ft. Rain showers.\n.SAT...NW wind 25 kt. Seas 14 ft.\n.SAT NIGHT...NW wind 25 kt. Seas 11 ft.\n.SUN AND SUN NIGHT...NW wind 25 kt. Seas 9 ft.\n.MON...NW wind 20 kt. Seas 6 ft.\n.TUE...NW wind 15 kt. Seas 6 ft.\n.WED...NE wind 25 kt. Seas 5 ft.",
        "instruction": null,
        "response": "Avoid",
        "note": null,
        "parameters": {
          "AWIPSidentifier": [
            "CWFALU"
          ],
          "WMOidentifier": [
            "FZAK52 PAFC 252330"
          ],
          "NWSheadline": [
            "SMALL CRAFT ADVISORY THROUGH SATURDAY NIGHT"
          ],
          "BLOCKCHANNEL": [
            "EAS",
            "NWEM",
            "CMAS"
          ],
          "VTEC": [
            "/O.NEW.PAFC.SC.Y.8426.260926T1300Z-260927T1300Z/"
          ],
          "eventEndingTime": [
            "2026-09-27T05:00:00-08:00"
          ]
        },
        "scope": "Public",
        "code": "IPAWSv1.0",
        "language": "en-US",
        "web": "http://www.weather.gov",
        "eventCode": {
          "SAME": [
            "NWS"
          ],
          "NationalWeatherService": [
            "SCY"
          ]
        }
      }
    },
    {
      "id": "https://api.weather.gov/alerts/urn:oid:2.49.0.1.840.0.197bfb5bb4554ec300bbedfe62efe161b44db291.029.1",
      "type": "Feature",
      "geometry": null,
      "properties": {
        "@id": "https://api.weather.gov/alerts/urn:oid:2.49.0.1.840.0.197bfb5bb4554ec300bbedfe62efe161b44db291.029.1",
        "@type": "wx:Alert",
        "id": "urn:oid:2.49.0.1.840.0.197bfb5bb4554ec300bbedfe62efe161b44db291.029.1",
        "areaDesc": "Kiska to Attu Pacific Side",
        "geocode": {
          "SAME": [
            "058787"
          ],
          "UGC": [
            "PKZ787"
          ]
        },
        "affectedZones": [
          "https://api.weather.gov/zones/forecast/PKZ787"
        ],
        "references": [],
        "sent": "2026-09-25T15:30:00-08:00",
        "effective": "2026-09-25T15:30:00-08:00",
        "onset": "2026-09-26T05:00:00-08:00",
        "expires": "2026-09-26T04:00:00-08:00",
        "ends": "2026-09-27T05:00:00-08:00",
        "status": "Actual",
        "messageType": "Alert",
        "category": "Met",
        "severity": "Minor",
        "certainty": "Likely",
        "urgency": "Expected",
        "event": "Small Craft Advisory",
        "sender": "w-nws.webmaster@noaa.gov",
        "senderName": "NWS Anchorage AK",
        "headline": "Small Craft Advisory issued September 25 at 3:30PM AKDT until September 27 at 5:00AM AKDT by NWS Anchorage AK",
        "description": "Coastal Waters Forecast for Southwest Alaska+Bristol Bay+The\nAlaska Peninsula Waters and the Aleutian Islands up to 100 nm out.\n\nWind forecasts reflect the predominant speed and direction\nexpected. Sea forecasts represent an average of the highest\none-third of the combined wind wave and swell height.\n\n.TONIGHT...W wind 30 kt. Seas 13 ft.\n.SAT...W wind 25 kt. Seas 11 ft.\n.SAT NIGHT...NW wind 20 kt in the evening becoming variable 10 kt.\nSeas 9 ft.\n.SUN AND SUN NIGHT...Variable wind 10 kt. Seas 6 ft.\n.MON...SW wind 15 kt. Seas 5 ft.\n.TUE...SE wind 30 kt. Seas 15 ft.\n.WED...E wind 25 kt. Seas 15 ft.",
        "instruction": null,
        "response": "Avoid",
        "note": null,
        "parameters": {
          "AWIPSidentifier": [
            "CWFALU"
          ],
          "WMOidentifier": [
            "FZAK52 PAFC 252330"
          ],
          "NWSheadline": [
            "SMALL CRAFT ADVISORY THROUGH SATURDAY NIGHT"
          ],
          "BLOCKCHANNEL": [
            "EAS",
            "NWEM",
            "CMAS"
          ],
          "VTEC": [
            "/O.NEW.PAFC.SC.Y.8425.260926T1300Z-260927T1300Z/"
          ],
          "eventEndingTime": [
            "2026-09-27T05:00:00-08:00"
          ]
        },
        "scope": "Public",
        "code": "IPAWSv1.0",
        "language": "en-US",
        "web": "http://www.weather.gov",
        "eventCode": {
          "SAME": [
            "NWS"
          ],
          "NationalWeatherService": [
            "SCY"
          ]
        }
      }
    },
    {
      "id": "https://api.weather.gov/alerts/urn:oid:2.49.0.1.840.0.197bfb5bb4554ec300bbedfe62efe161b44db291.028.1",
      "type": "Feature",
      "geometry": null,
      "properties": {
        "@id": "https://api.weather.gov/alerts/urn:oid:2.49.0.1.840.0.197bfb5bb4554ec300bbedfe62efe161b44db291.028.1",
        "@type": "wx:Alert",
        "id": "urn:oid:2.49.0.1.840.0.197bfb5bb4554ec300bbedfe62efe161b44db291.028.1",
        "areaDesc": "Kiska to Attu Bering Side",
        "geocode": {
          "SAME": [
            "058786"
          ],
          "UGC": [
            "PKZ786"
          ]
        },
        "affectedZones": [
          "https://api.weather.gov/zones/forecast/PKZ786"
        ],
        "references": [],
        "sent": "2026-09-25T15:30:00-08:00",
        "effective": "2026-09-25T15:30:00-08:00",
        "onset": "2026-09-26T05:00:00-08:00",
        "expires": "2026-09-26T04:00:00-08:00",
        "ends": "2026-09-27T05:00:00-08:00",
        "status": "Actual",
        "messageType": "Alert",
        "category": "Met",
        "severity": "Minor",
        "certainty": "Likely",
        "urgency": "Expected",
        "event": "Small Craft Advisory",
        "sender": "w-nws.webmaster@noaa.gov",
        "senderName": "NWS Anchorage AK",
        "headline": "Small Craft Advisory issued September 25 at 3:30PM AKDT until September 27 at 5:00AM AKDT by NWS Anchorage AK",
        "description": "Coastal Waters Forecast for Southwest Alaska+Bristol Bay+The\nAlaska Peninsula Waters and the Aleutian Islands up to 100 nm out.\n\nWind forecasts reflect the predominant speed and direction\nexpected. Sea forecasts represent an average of the highest\none-third of the combined wind wave and swell height.\n\n.TONIGHT...W wind 30 kt. Seas 14 ft. Rain showers.\n.SAT...NW wind 20 kt in the morning becoming variable 10 kt. Seas\n10 ft.\n.SAT NIGHT...NW wind 15 kt. Seas 8 ft.\n.SUN AND SUN NIGHT...W wind 15 kt. Seas 6 ft.\n.MON...SW wind 15 kt. Seas 5 ft.\n.TUE THROUGH WED...E wind 30 kt. Seas 13 ft.",
        "instruction": null,
        "response": "Avoid",
        "note": null,
        "parameters": {
          "AWIPSidentifier": [
            "CWFALU"
          ],
          "WMOidentifier": [
            "FZAK52 PAFC 252330"
          ],
          "NWSheadline": [
            "SMALL CRAFT ADVISORY THROUGH SATURDAY NIGHT"
          ],
          "BLOCKCHANNEL": [
            "EAS",
            "NWEM",
            "CMAS"
          ],
          "VTEC": [
            "/O.NEW.PAFC.SC.Y.8424.260926T1300Z-260927T1300Z/"
          ],
          "eventEndingTime": [
            "2026-09-27T05:00:00-08:00"
          ]
        },
        "scope": "Public",
        "code": "IPAWSv1.0",
        "language": "en-US",
        "web": "http://www.weather.gov",
        "eventCode": {
          "SAME": [
            "NWS"
          ],
          "NationalWeatherService": [
            "SCY"
          ]
        }
      }
    },
    {
      "id": "https://api.weather.gov/alerts/urn:oid:2.49.0.1.840.0.197bfb5bb4554ec300bbedfe62efe161b44db291.031.1",
      "type": "Feature",
      "geometry": null,
      "properties": {
        "@id": "https://api.weather.gov/alerts/urn:oid:2.49.0.1.840.0.197bfb5bb4554ec300bbedfe62efe161b44db291.031.1",
        "@type": "wx:Alert",
        "id": "urn:oid:2.49.0.1.840.0.197bfb5bb4554ec300bbedfe62efe161b44db291.031.1",
        "areaDesc": "Bristol Bay greater than 15 NM",
        "geocode": {
          "SAME": [
            "058760"
          ],
          "UGC": [
            "PKZ760"
          ]
        },
        "affectedZones": [
          "https://api.weather.gov/zones/forecast/PKZ760"
        ],
        "references": [],
        "sent": "2026-09-25T15:30:00-08:00",
        "effective": "2026-09-25T15:30:00-08:00",
        "onset": "2026-09-26T05:00:00-08:00",
        "expires": "2026-09-26T04:00:00-08:00",
        "ends": "2026-09-27T05:00:00-08:00",
        "status": "Actual",
        "messageType": "Alert",
        "category": "Met",
        "severity": "Minor",
        "certainty": "Likely",
        "urgency": "Expected",
        "event": "Small Craft Advisory",
        "sender": "w-nws.webmaster@noaa.gov",
        "senderName": "NWS Anchorage AK",
        "headline": "Small Craft Advisory issued September 25 at 3:30PM AKDT until September 27 at 5:00AM AKDT by NWS Anchorage AK",
        "description": "Coastal Waters Forecast for Southwest Alaska+Bristol Bay+The\nAlaska Peninsula Waters and the Aleutian Islands up to 100 nm out.\n\nWind forecasts reflect the predominant speed and direction\nexpected. Sea forecasts represent an average of the highest\none-third of the combined wind wave and swell height.\n\n.TONIGHT...S wind 25 kt. Seas 10 ft. Rain showers.\n.SAT...S wind 30 kt. Seas 11 ft. Rain showers.\n.SAT NIGHT...SW wind 25 kt. Seas 12 ft. Rain showers.\n.SUN...W wind 25 kt. Seas 10 ft.\n.SUN NIGHT...NW wind 25 kt. Seas 8 ft.\n.MON...NW wind 25 kt. Seas 8 ft.\n.TUE...NW wind 20 kt. Seas 7 ft.\n.WED...N wind 15 kt. Seas 5 ft.",
        "instruction": null,
        "response": "Avoid",
        "note": null,
        "parameters": {
          "AWIPSidentifier": [
            "CWFALU"
          ],
          "WMOidentifier": [
            "FZAK52 PAFC 252330"
          ],
          "NWSheadline": [
            "SMALL CRAFT ADVISORY THROUGH SATURDAY NIGHT"
          ],
          "BLOCKCHANNEL": [
            "EAS",
            "NWEM",
            "CMAS"
          ],
          "VTEC": [
            "/O.NEW.PAFC.SC.Y.8427.260926T1300Z-260927T1300Z/"
          ],
          "eventEndingTime": [
            "2026-09-27T05:00:00-08:00"
          ]
        },
        "scope": "Public",
        "code": "IPAWSv1.0",
        "language": "en-US",
        "web": "http://www.weather.gov",
        "eventCode": {
          "SAME": [
            "NWS"
          ],
          "NationalWeatherService": [
            "SCY"
          ]
        }
      }
    },
    {
      "id": "https://api.weather.gov/alerts/urn:oid:2.49.0.1.840.0.d78883207a6ee0791ef24aa8dab3d7c0978c00a1.016.1",
      "type": "Feature",
      "geometry": null,
      "properties": {
        "@id": "https://api.weather.gov/alerts/urn:oid:2.49.0.1.840.0.d78883207a6ee0791ef24aa8dab3d7c0978c00a1.016.1",
        "@type": "wx:Alert",
        "id": "urn:oid:2.49.0.1.840.0.d78883207a6ee0791ef24aa8dab3d7c0978c00a1.016.1",
        "areaDesc": "Barren Islands East",
        "geocode": {
          "SAME": [
            "058731"
          ],
          "UGC": [
            "PKZ731"
          ]
        },
        "affectedZones": [
          "https://api.weather.gov/zones/forecast/PKZ731"
        ],
        "references": [],
        "sent": "2026-09-25T14:47:00-08:00",
        "effective": "2026-09-25T14:47:00-08:00",
        "onset": "2026-09-25T14:00:00-08:00",
        "expires": "2026-09-26T04:00:00-08:00",
        "ends": "2026-09-26T17:00:00-08:00",
        "status": "Actual",
        "messageType": "Alert",
        "category": "Met",
        "severity": "Minor",
        "certainty": "Likely",
        "urgency": "Expected",
        "event": "Small Craft Advisory",
        "sender": "w-nws.webmaster@noaa.gov",
        "senderName": "NWS Anchorage AK",
        "headline": "Small Craft Advisory issued September 25 at 2:47PM AKDT until September 26 at 5:00PM AKDT by NWS Anchorage AK",
        "description": "Coastal Waters Forecast for the Northern Gulf of Alaska Coast\nup to 100 nm out including Kodiak Island and Cook Inlet.\n\nWind forecasts reflect the predominant speed and direction\nexpected. Sea forecasts represent an average of the highest\none-third of the combined wind wave and swell height.\n\n.TONIGHT...SE wind 25 kt. Seas 11 ft.\n.SAT...S wind 20 kt. Seas 8 ft. Widespread rain showers.\n.SAT NIGHT...S wind 20 kt. Seas 7 ft.\n.SUN...S wind 15 kt. Seas 6 ft.\n.SUN NIGHT...Variable wind 10 kt. Seas 4 ft.\n.MON THROUGH TUE...W wind 25 kt. Seas 6 ft.\n.WED...NW wind 15 kt. Seas 6 ft.",
        "instruction": null,
        "response": "Avoid",
        "note": null,
        "parameters": {
          "AWIPSidentifier": [
            "CWFAER"
          ],
          "WMOidentifier": [
            "FZAK51 PAFC 252247"
          ],
          "NWSheadline": [
            "SMALL CRAFT ADVISORY THROUGH SATURDAY"
          ],
          "BLOCKCHANNEL": [
            "EAS",
            "NWEM",
            "CMAS"
          ],
          "VTEC": [
            "/O.NEW.PAFC.SC.Y.2252.260925T2200Z-260927T0100Z/"
          ],
          "eventEndingTime": [
            "2026-09-26T17:00:00-08:00"
          ]
        },
        "scope": "Public",
        "code": "IPAWSv1.0",
        "language": "en-US",
        "web": "http://www.weather.gov",
        "eventCode": {
          "SAME": [
            "NWS"
          ],
          "NationalWeatherService": [
            "SCY"
          ]
        }
      }
    },
    {
      "id": "https://api.weather.gov/alerts/urn:oid:2.49.0.1.840.0.d78883207a6ee0791ef24aa8dab3d7c0978c00a1.005.1",
      "type": "Feature",
      "geometry": null,
      "properties": {
        "@id": "https://api.weather.gov/alerts/urn:oid:2.49.0.1.840.0.d78883207a6ee0791ef24aa8dab3d7c0978c00a1.005.1",
        "@type": "wx:Alert",
        "id": "urn:oid:2.49.0.1.840.0.d78883207a6ee0791ef24aa8dab3d7c0978c00a1.005.1",
        "areaDesc": "Cape Cleare to Gore Point out to 15 NM",
        "geocode": {
          "SAME": [
            "058715"
          ],
          "UGC": [
            "PKZ715"
          ]
        },
        "affectedZones": [
          "https://api.weather.gov/zones/forecast/PKZ715"
        ],
        "references": [],
        "sent": "2026-09-25T14:47:00-08:00",
        "effective": "2026-09-25T14:47:00-08:00",
        "onset": "2026-09-25T14:00:00-08:00",
        "expires": "2026-09-26T04:00:00-08:00",
        "ends": "2026-09-26T17:00:00-08:00",
        "status": "Actual",
        "messageType": "Alert",
        "category": "Met",
        "severity": "Minor",
        "certainty": "Likely",
        "urgency": "Expected",
        "event": "Small Craft Advisory",
        "sender": "w-nws.webmaster@noaa.gov",
        "senderName": "NWS Anchorage AK",
        "headline": "Small Craft Advisory issued September 25 at 2:47PM AKDT until September 26 at 5:00PM AKDT by NWS Anchorage AK",
        "description": "Coastal Waters Forecast for the Northern Gulf of Alaska Coast\nup to 100 nm out including Kodiak Island and Cook Inlet.\n\nWind forecasts reflect the predominant speed and direction\nexpected. Sea forecasts represent an average of the highest\none-third of the combined wind wave and swell height.\n\n.TONIGHT...E wind 30 kt becoming SE 20 kt after midnight. Seas\n10 ft. Widespread rain showers.\n.SAT...SE wind 20 kt. Seas 10 ft. Widespread rain showers.\n.SAT NIGHT...S wind 15 kt. Seas 7 ft. Widespread rain showers.\n.SUN...Variable wind 10 kt. Seas 7 ft.\n.SUN NIGHT...Variable wind 10 kt. Seas 6 ft.\n.MON THROUGH WED...Variable wind 10 kt. Seas 4 ft.",
        "instruction": null,
        "response": "Avoid",
        "note": null,
        "parameters": {
          "AWIPSidentifier": [
            "CWFAER"
          ],
          "WMOidentifier": [
            "FZAK51 PAFC 252247"
          ],
          "NWSheadline": [
            "SMALL CRAFT ADVISORY THROUGH SATURDAY"
          ],
          "BLOCKCHANNEL": [
            "EAS",
            "NWEM",
            "CMAS"
          ],
          "VTEC": [
            "/O.NEW.PAFC.SC.Y.2245.260925T2200Z-260927T0100Z/"
          ],
          "eventEndingTime": [
            "2026-09-26T17:00:00-08:00"
          ]
        },
        "scope": "Public",
        "code": "IPAWSv1.0",
        "language": "en-US",
        "web": "http://www.weather.gov",
        "eventCode": {
          "SAME": [
            "NWS"
          ],
          "NationalWeatherService": [
            "SCY"
          ]
        }
      }
    },
    {
      "id": "https://api.weather.gov/alerts/urn:oid:2.49.0.1.840.0.d78883207a6ee0791ef24aa8dab3d7c0978c00a1.015.1",
      "type": "Feature",
      "geometry": null,
      "properties": {
        "@id": "https://api.weather.gov/alerts/urn:oid:2.49.0.1.840.0.d78883207a6ee0791ef24aa8dab3d7c0978c00a1.015.1",
        "@type": "wx:Alert",
        "id": "urn:oid:2.49.0.1.840.0.d78883207a6ee0791ef24aa8dab3d7c0978c00a1.015.1",
        "areaDesc": "West of Barren Islands Including Kamishak Bay",
        "geocode": {
          "SAME": [
            "058730"
          ],
          "UGC": [
            "PKZ730"
          ]
        },
        "affectedZones": [
          "https://api.weather.gov/zones/forecast/PKZ730"
        ],
        "references": [],
        "sent": "2026-09-25T14:47:00-08:00",
        "effective": "2026-09-25T14:47:00-08:00",
        "onset": "2026-09-25T14:00:00-08:00",
        "expires": "2026-09-26T04:00:00-08:00",
        "ends": "2026-09-26T17:00:00-08:00",
        "status": "Actual",
        "messageType": "Alert",
        "category": "Met",
        "severity": "Minor",
        "certainty": "Likely",
        "urgency": "Expected",
        "event": "Small Craft Advisory",
        "sender": "w-nws.webmaster@noaa.gov",
        "senderName": "NWS Anchorage AK",
        "headline": "Small Craft Advisory issued September 25 at 2:47PM AKDT until September 26 at 5:00PM AKDT by NWS Anchorage AK",
        "description": "Coastal Waters Forecast for the Northern Gulf of Alaska Coast\nup to 100 nm out including Kodiak Island and Cook Inlet.\n\nWind forecasts reflect the predominant speed and direction\nexpected. Sea forecasts represent an average of the highest\none-third of the combined wind wave and swell height.\n\n.TONIGHT...SE wind 25 kt. Seas 7 ft. Rain showers.\n.SAT...SE wind 25 kt. Seas 5 ft. Rain showers.\n.SAT NIGHT...SE wind 20 kt. Seas 4 ft. Rain showers.\n.SUN...SE wind 15 kt. Seas 3 ft.\n.SUN NIGHT...Variable wind 10 kt. Seas 4 ft.\n.MON THROUGH TUE...W wind 25 kt. Seas 7 ft.\n.WED...W wind 20 kt. Seas 5 ft.",
        "instruction": null,
        "response": "Avoid",
        "note": null,
        "parameters": {
          "AWIPSidentifier": [
            "CWFAER"
          ],
          "WMOidentifier": [
            "FZAK51 PAFC 252247"
          ],
          "NWSheadline": [
            "SMALL CRAFT ADVISORY THROUGH SATURDAY"
          ],
          "BLOCKCHANNEL": [
            "EAS",
            "NWEM",
            "CMAS"
          ],
          "VTEC": [
            "/O.NEW.PAFC.SC.Y.2251.260925T2200Z-260927T0100Z/"
          ],
          "eventEndingTime": [
            "2026-09-26T17:00:00-08:00"
          ]
        },
        "scope": "Public",
        "code": "IPAWSv1.0",
        "language": "en-US",
        "web": "http://www.weather.gov",
        "eventCode": {
          "SAME": [
            "NWS"
          ],
          "NationalWeatherService": [
            "SCY"
          ]
        }
      }
    },
    {
      "id": "https://api.weather.gov/alerts/urn:oid:2.49.0.1.840.0.d78883207a6ee0791ef24aa8dab3d7c0978c00a1.003.2",
      "type": "Feature",
      "geometry": null,
      "properties": {
        "@id": "https://api.weather.gov/alerts/urn:oid:2.49.0.1.840.0.d78883207a6ee0791ef24aa8dab3d7c0978c00a1.003.2",
        "@type": "wx:Alert",
        "id": "urn:oid:2.49.0.1.840.0.d78883207a6ee0791ef24aa8dab3d7c0978c00a1.003.2",
        "areaDesc": "Gravel Point to Cape Cleare out to 15 NM",
        "geocode": {
          "SAME": [
            "058711"
          ],
          "UGC": [
            "PKZ711"
          ]
        },
        "affectedZones": [
          "https://api.weather.gov/zones/forecast/PKZ711"
        ],
        "references": [],
        "sent": "2026-09-25T14:47:00-08:00",
        "effective": "2026-09-25T14:47:00-08:00",
        "onset": "2026-09-26T17:00:00-08:00",
        "expires": "2026-09-26T04:00:00-08:00",
        "ends": "2026-09-27T05:00:00-08:00",
        "status": "Actual",
        "messageType": "Alert",
        "category": "Met",
        "severity": "Moderate",
        "certainty": "Likely",
        "urgency": "Expected",
        "event": "Gale Warning",
        "sender": "w-nws.webmaster@noaa.gov",
        "senderName": "NWS Anchorage AK",
        "headline": "Gale Warning issued September 25 at 2:47PM AKDT until September 27 at 5:00AM AKDT by NWS Anchorage AK",
        "description": "Coastal Waters Forecast for the Northern Gulf of Alaska Coast\nup to 100 nm out including Kodiak Island and Cook Inlet.\n\nWind forecasts reflect the predominant speed and direction\nexpected. Sea forecasts represent an average of the highest\none-third of the combined wind wave and swell height.\n\n.TONIGHT...SE wind 35 kt. Seas 11 ft. Widespread rain showers.\n.SAT...SE wind 30 kt. Seas 13 ft. Widespread rain showers.\n.SAT NIGHT...SE wind 35 kt becoming S 20 kt after midnight. Seas\n11 ft. Widespread rain showers.\n.SUN...SE wind 20 kt. Seas 7 ft.\n.SUN NIGHT...E wind 15 kt. Seas 8 ft.\n.MON...NE wind 20 kt. Seas 6 ft.\n.TUE...Variable wind 10 kt. Seas 6 ft.\n.WED...E wind 15 kt. Seas 4 ft.",
        "instruction": null,
        "response": "Avoid",
        "note": null,
        "parameters": {
          "AWIPSidentifier": [
            "CWFAER"
          ],
          "WMOidentifier": [
            "FZAK51 PAFC 252247"
          ],
          "NWSheadline": [
            "GALE WARNING TONIGHT AND SATURDAY NIGHT"
          ],
          "BLOCKCHANNEL": [
            "EAS",
            "NWEM",
            "CMAS"
          ],
          "VTEC": [
            "/O.NEW.PAFC.GL.W.2244.260927T0100Z-260927T1300Z/"
          ],
          "eventEndingTime": [
            "2026-09-27T05:00:00-08:00"
          ]
        },
        "scope": "Public",
        "code": "IPAWSv1.0",
        "language": "en-US",
        "web": "http://www.weather.gov",
        "eventCode": {
          "SAME": [
            "NWS"
          ],
          "NationalWeatherService": [
            "GLW"
          ]
        }
      }
    },
    {
      "id": "https://api.weather.gov/alerts/urn:oid:2.49.0.1.840.0.d78883207a6ee0791ef24aa8dab3d7c0978c00a1.006.1",
      "type": "Feature",
      "geometry": null,
      "properties": {
        "@id": "https://api.weather.gov/alerts/urn:oid:2.49.0.1.840.0.d78883207a6ee0791ef24aa8dab3d7c0978c00a1.006.1",
        "@type": "wx:Alert",
        "id": "urn:oid:2.49.0.1.840.0.d78883207a6ee0791ef24aa8dab3d7c0978c00a1.006.1",
        "areaDesc": "Cape Cleare to Gore Point from 15 to 75 NM",
        "geocode": {
          "SAME": [
            "058716"
          ],
          "UGC": [
            "PKZ716"
          ]
        },
        "affectedZones": [
          "https://api.weather.gov/zones/forecast/PKZ716"
        ],
        "references": [],
        "sent": "2026-09-25T14:47:00-08:00",
        "effective": "2026-09-25T14:47:00-08:00",
        "onset": "2026-09-26T05:00:00-08:00",
        "expires": "2026-09-26T04:00:00-08:00",
        "ends": "2026-09-27T05:00:00-08:00",
        "status": "Actual",
        "messageType": "Alert",
        "category": "Met",
        "severity": "Minor",
        "certainty": "Likely",
        "urgency": "Expected",
        "event": "Small Craft Advisory",
        "sender": "w-nws.webmaster@noaa.gov",
        "senderName": "NWS Anchorage AK",
        "headline": "Small Craft Advisory issued September 25 at 2:47PM AKDT until September 27 at 5:00AM AKDT by NWS Anchorage AK",
        "description": "Coastal Waters Forecast for the Northern Gulf of Alaska Coast\nup to 100 nm out including Kodiak Island and Cook Inlet.\n\nWind forecasts reflect the predominant speed and direction\nexpected. Sea forecasts represent an average of the highest\none-third of the combined wind wave and swell height.\n\n.TONIGHT...SE wind 25 kt. Seas 13 ft. Rain showers.\n.SAT...S wind 20 kt. Seas 10 ft. Rain showers.\n.SAT NIGHT...S wind 15 kt. Seas 9 ft. Rain showers.\n.SUN...S wind 15 kt. Seas 9 ft.\n.SUN NIGHT...Variable wind 10 kt. Seas 8 ft.\n.MON...NW wind 15 kt. Seas 6 ft.\n.TUE THROUGH WED...W wind 15 kt. Seas 8 ft.",
        "instruction": null,
        "response": "Avoid",
        "note": null,
        "parameters": {
          "AWIPSidentifier": [
            "CWFAER"
          ],
          "WMOidentifier": [
            "FZAK51 PAFC 252247"
          ],
          "NWSheadline": [
            "SMALL CRAFT ADVISORY THROUGH SATURDAY NIGHT"
          ],
          "BLOCKCHANNEL": [
            "EAS",
            "NWEM",
            "CMAS"
          ],
          "VTEC": [
            "/O.NEW.PAFC.SC.Y.2246.260926T1300Z-260927T1300Z/"
          ],
          "eventEndingTime": [
            "2026-09-27T05:00:00-08:00"
          ]
        },
        "scope": "Public",
        "code": "IPAWSv1.0",
        "language": "en-US",
        "web": "http://www.weather.gov",
        "eventCode": {
          "SAME": [
            "NWS"
          ],
          "NationalWeatherService": [
            "SCY"
          ]
        }
      }
    },
    {
      "id": "https://api.weather.gov/alerts/urn:oid:2.49.0.1.840.0.d78883207a6ee0791ef24aa8dab3d7c0978c00a1.002.2",
      "type": "Feature",
      "geometry": null,
      "properties": {
        "@id": "https://api.weather.gov/alerts/urn:oid:2.49.0.1.840.0.d78883207a6ee0791ef24aa8dab3d7c0978c00a1.002.2",
        "@type": "wx:Alert",
        "id": "urn:oid:2.49.0.1.840.0.d78883207a6ee0791ef24aa8dab3d7c0978c00a1.002.2",
        "areaDesc": "Cape Suckling to Gravel Point out to 15 NM",
        "geocode": {
          "SAME": [
            "058710"
          ],
          "UGC": [
            "PKZ710"
          ]
        },
        "affectedZones": [
          "https://api.weather.gov/zones/forecast/PKZ710"
        ],
        "references": [],
        "sent": "2026-09-25T14:47:00-08:00",
        "effective": "2026-09-25T14:47:00-08:00",
        "onset": "2026-09-26T17:00:00-08:00",
        "expires": "2026-09-26T04:00:00-08:00",
        "ends": "2026-09-27T05:00:00-08:00",
        "status": "Actual",
        "messageType": "Alert",
        "category": "Met",
        "severity": "Moderate",
        "certainty": "Likely",
        "urgency": "Expected",
        "event": "Gale Warning",
        "sender": "w-nws.webmaster@noaa.gov",
        "senderName": "NWS Anchorage AK",
        "headline": "Gale Warning issued September 25 at 2:47PM AKDT until September 27 at 5:00AM AKDT by NWS Anchorage AK",
        "description": "Coastal Waters Forecast for the Northern Gulf of Alaska Coast\nup to 100 nm out including Kodiak Island and Cook Inlet.\n\nWind forecasts reflect the predominant speed and direction\nexpected. Sea forecasts represent an average of the highest\none-third of the combined wind wave and swell height.\n\n.TONIGHT...E wind 35 kt. Seas 11 ft. Widespread rain showers.\n.SAT...E wind 30 kt. Seas 12 ft. Widespread rain showers.\n.SAT NIGHT...E wind 35 kt. Seas 11 ft. Widespread rain showers.\n.SUN AND SUN NIGHT...E wind 20 kt. Seas 8 ft.\n.MON...E wind 20 kt. Seas 6 ft.\n.TUE...Variable wind 10 kt. Seas 6 ft.\n.WED...E wind 15 kt. Seas 5 ft.",
        "instruction": null,
        "response": "Avoid",
        "note": null,
        "parameters": {
          "AWIPSidentifier": [
            "CWFAER"
          ],
          "WMOidentifier": [
            "FZAK51 PAFC 252247"
          ],
          "NWSheadline": [
            "GALE WARNING TONIGHT AND SATURDAY NIGHT"
          ],
          "BLOCKCHANNEL": [
            "EAS",
            "NWEM",
            "CMAS"
          ],
          "VTEC": [
            "/O.NEW.PAFC.GL.W.2242.260927T0100Z-260927T1300Z/"
          ],
          "eventEndingTime": [
            "2026-09-27T05:00:00-08:00"
          ]
        },
        "scope": "Public",
        "code": "IPAWSv1.0",
        "language": "en-US",
        "web": "http://www.weather.gov",
        "eventCode": {
          "SAME": [
            "NWS"
          ],
          "NationalWeatherService": [
            "GLW"
          ]
        }
      }
    },
    {
      "id": "https://api.weather.gov/alerts/urn:oid:2.49.0.1.840.0.d78883207a6ee0791ef24aa8dab3d7c0978c00a1.010.1",
      "type": "Feature",
      "geometry": null,
      "properties": {
        "@id": "https://api.weather.gov/alerts/urn:oid:2.49.0.1.840.0.d78883207a6ee0791ef24aa8dab3d7c0978c00a1.010.1",
        "@type": "wx:Alert",
        "id": "urn:oid:2.49.0.1.840.0.d78883207a6ee0791ef24aa8dab3d7c0978c00a1.010.1",
        "areaDesc": "Southwest Prince William Sound",
        "geocode": {
          "SAME": [
            "058726"
          ],
          "UGC": [
            "PKZ726"
          ]
        },
        "affectedZones": [
          "https://api.weather.gov/zones/forecast/PKZ726"
        ],
        "references": [],
        "sent": "2026-09-25T14:47:00-08:00",
        "effective": "2026-09-25T14:47:00-08:00",
        "onset": "2026-09-26T05:00:00-08:00",
        "expires": "2026-09-26T04:00:00-08:00",
        "ends": "2026-09-27T05:00:00-08:00",
        "status": "Actual",
        "messageType": "Alert",
        "category": "Met",
        "severity": "Minor",
        "certainty": "Likely",
        "urgency": "Expected",
        "event": "Small Craft Advisory",
        "sender": "w-nws.webmaster@noaa.gov",
        "senderName": "NWS Anchorage AK",
        "headline": "Small Craft Advisory issued September 25 at 2:47PM AKDT until September 27 at 5:00AM AKDT by NWS Anchorage AK",
        "description": "Coastal Waters Forecast for the Northern Gulf of Alaska Coast\nup to 100 nm out including Kodiak Island and Cook Inlet.\n\nWind forecasts reflect the predominant speed and direction\nexpected. Sea forecasts represent an average of the highest\none-third of the combined wind wave and swell height.\n\n.TONIGHT...E wind 30 kt. Seas 7 ft. Rain.\n.SAT...SE wind 30 kt. Seas 4 ft building to 6 ft in the afternoon.\nRain.\n.SAT NIGHT...SE wind 30 kt diminishing to 15 kt after midnight.\nSeas 6 ft subsiding to 2 ft after midnight. Widespread rain showers.\n.SUN...E wind 15 kt. Seas 2 ft.\n.SUN NIGHT...NE wind 10 kt. Seas 2 ft.\n.MON...N wind 15 kt. Seas 2 ft.\n.TUE THROUGH WED...NE wind 10 kt. Seas 2 ft.",
        "instruction": null,
        "response": "Avoid",
        "note": null,
        "parameters": {
          "AWIPSidentifier": [
            "CWFAER"
          ],
          "WMOidentifier": [
            "FZAK51 PAFC 252247"
          ],
          "NWSheadline": [
            "SMALL CRAFT ADVISORY THROUGH SATURDAY NIGHT"
          ],
          "BLOCKCHANNEL": [
            "EAS",
            "NWEM",
            "CMAS"
          ],
          "VTEC": [
            "/O.NEW.PAFC.SC.Y.2249.260926T1300Z-260927T1300Z/"
          ],
          "eventEndingTime": [
            "2026-09-27T05:00:00-08:00"
          ]
        },
        "scope": "Public",
        "code": "IPAWSv1.0",
        "language": "en-US",
        "web": "http://www.weather.gov",
        "eventCode": {
          "SAME": [
            "NWS"
          ],
          "NationalWeatherService": [
            "SCY"
          ]
        }
      }
    },
    {
      "id": "https://api.weather.gov/alerts/urn:oid:2.49.0.1.840.0.d78883207a6ee0791ef24aa8dab3d7c0978c00a1.018.1",
      "type": "Feature",
      "geometry": null,
      "properties": {
        "@id": "https://api.weather.gov/alerts/urn:oid:2.49.0.1.840.0.d78883207a6ee0791ef24aa8dab3d7c0978c00a1.018.1",
        "@type": "wx:Alert",
        "id": "urn:oid:2.49.0.1.840.0.d78883207a6ee0791ef24aa8dab3d7c0978c00a1.018.1",
        "areaDesc": "Marmot Island to Sitkinak out to 15 NM",
        "geocode": {
          "SAME": [
            "058732"
          ],
          "UGC": [
            "PKZ732"
          ]
        },
        "affectedZones": [
          "https://api.weather.gov/zones/forecast/PKZ732"
        ],
        "references": [],
        "sent": "2026-09-25T14:47:00-08:00",
        "effective": "2026-09-25T14:47:00-08:00",
        "onset": "2026-09-26T05:00:00-08:00",
        "expires": "2026-09-26T04:00:00-08:00",
        "ends": "2026-09-27T05:00:00-08:00",
        "status": "Actual",
        "messageType": "Alert",
        "category": "Met",
        "severity": "Minor",
        "certainty": "Likely",
        "urgency": "Expected",
        "event": "Small Craft Advisory",
        "sender": "w-nws.webmaster@noaa.gov",
        "senderName": "NWS Anchorage AK",
        "headline": "Small Craft Advisory issued September 25 at 2:47PM AKDT until September 27 at 5:00AM AKDT by NWS Anchorage AK",
        "description": "Coastal Waters Forecast for the Northern Gulf of Alaska Coast\nup to 100 nm out including Kodiak Island and Cook Inlet.\n\nWind forecasts reflect the predominant speed and direction\nexpected. Sea forecasts represent an average of the highest\none-third of the combined wind wave and swell height.\n\n.TONIGHT...S wind 25 kt. Seas 11 ft.\n.SAT...S wind 25 kt. Seas 10 ft. Rain showers.\n.SAT NIGHT...SW wind 25 kt. Seas 9 ft.\n.SUN AND SUN NIGHT...W wind 20 kt. Seas 7 ft.\n.MON THROUGH TUE...W wind 20 kt. Seas 6 ft.\n.WED...W wind 15 kt. Seas 4 ft.",
        "instruction": null,
        "response": "Avoid",
        "note": null,
        "parameters": {
          "AWIPSidentifier": [
            "CWFAER"
          ],
          "WMOidentifier": [
            "FZAK51 PAFC 252247"
          ],
          "NWSheadline": [
            "SMALL CRAFT ADVISORY THROUGH SATURDAY NIGHT"
          ],
          "BLOCKCHANNEL": [
            "EAS",
            "NWEM",
            "CMAS"
          ],
          "VTEC": [
            "/O.NEW.PAFC.SC.Y.2254.260926T1300Z-260927T1300Z/"
          ],
          "eventEndingTime": [
            "2026-09-27T05:00:00-08:00"
          ]
        },
        "scope": "Public",
        "code": "IPAWSv1.0",
        "language": "en-US",
        "web": "http://www.weather.gov",
        "eventCode": {
          "SAME": [
            "NWS"
          ],
          "NationalWeatherService": [
            "SCY"
          ]
        }
      }
    },
    {
      "id": "https://api.weather.gov/alerts/urn:oid:2.49.0.1.840.0.d78883207a6ee0791ef24aa8dab3d7c0978c00a1.019.1",
      "type": "Feature",
      "geometry": null,
      "properties": {
        "@id": "https://api.weather.gov/alerts/urn:oid:2.49.0.1.840.0.d78883207a6ee0791ef24aa8dab3d7c0978c00a1.019.1",
        "@type": "wx:Alert",
        "id": "urn:oid:2.49.0.1.840.0.d78883207a6ee0791ef24aa8dab3d7c0978c00a1.019.1",
        "areaDesc": "Marmot Island To Sitkinak from 15 to 85 NM",
        "geocode": {
          "SAME": [
            "058734"
          ],
          "UGC": [
            "PKZ734"
          ]
        },
        "affectedZones": [
          "https://api.weather.gov/zones/forecast/PKZ734"
        ],
        "references": [],
        "sent": "2026-09-25T14:47:00-08:00",
        "effective": "2026-09-25T14:47:00-08:00",
        "onset": "2026-09-26T05:00:00-08:00",
        "expires": "2026-09-26T04:00:00-08:00",
        "ends": "2026-09-27T05:00:00-08:00",
        "status": "Actual",
        "messageType": "Alert",
        "category": "Met",
        "severity": "Minor",
        "certainty": "Likely",
        "urgency": "Expected",
        "event": "Small Craft Advisory",
        "sender": "w-nws.webmaster@noaa.gov",
        "senderName": "NWS Anchorage AK",
        "headline": "Small Craft Advisory issued September 25 at 2:47PM AKDT until September 27 at 5:00AM AKDT by NWS Anchorage AK",
        "description": "Coastal Waters Forecast for the Northern Gulf of Alaska Coast\nup to 100 nm out including Kodiak Island and Cook Inlet.\n\nWind forecasts reflect the predominant speed and direction\nexpected. Sea forecasts represent an average of the highest\none-third of the combined wind wave and swell height.\n\n.TONIGHT...SW wind 25 kt. Seas 15 ft. Rain showers.\n.SAT...SW wind 25 kt. Seas 13 ft.\n.SAT NIGHT...SW wind 25 kt. Seas 14 ft.\n.SUN...SW wind 25 kt. Seas 12 ft.\n.SUN NIGHT...W wind 20 kt. Seas 9 ft.\n.MON THROUGH TUE...W wind 25 kt. Seas 10 ft.\n.WED...W wind 15 kt. Seas 9 ft.",
        "instruction": null,
        "response": "Avoid",
        "note": null,
        "parameters": {
          "AWIPSidentifier": [
            "CWFAER"
          ],
          "WMOidentifier": [
            "FZAK51 PAFC 252247"
          ],
          "NWSheadline": [
            "SMALL CRAFT ADVISORY THROUGH SATURDAY NIGHT"
          ],
          "BLOCKCHANNEL": [
            "EAS",
            "NWEM",
            "CMAS"
          ],
          "VTEC": [
            "/O.NEW.PAFC.SC.Y.2255.260926T1300Z-260927T1300Z/"
          ],
          "eventEndingTime": [
            "2026-09-27T05:00:00-08:00"
          ]
        },
        "scope": "Public",
        "code": "IPAWSv1.0",
        "language": "en-US",
        "web": "http://www.weather.gov",
        "eventCode": {
          "SAME": [
            "NWS"
          ],
          "NationalWeatherService": [
            "SCY"
          ]
        }
      }
    },
    {
      "id": "https://api.weather.gov/alerts/urn:oid:2.49.0.1.840.0.d78883207a6ee0791ef24aa8dab3d7c0978c00a1.004.1",
      "type": "Feature",
      "geometry": null,
      "properties": {
        "@id": "https://api.weather.gov/alerts/urn:oid:2.49.0.1.840.0.d78883207a6ee0791ef24aa8dab3d7c0978c00a1.004.1",
        "@type": "wx:Alert",
        "id": "urn:oid:2.49.0.1.840.0.d78883207a6ee0791ef24aa8dab3d7c0978c00a1.004.1",
        "areaDesc": "Cape Suckling to Cape Cleare from 15 to 75 NM",
        "geocode": {
          "SAME": [
            "058712"
          ],
          "UGC": [
            "PKZ712"
          ]
        },
        "affectedZones": [
          "https://api.weather.gov/zones/forecast/PKZ712"
        ],
        "references": [],
        "sent": "2026-09-25T14:47:00-08:00",
        "effective": "2026-09-25T14:47:00-08:00",
        "onset": "2026-09-26T05:00:00-08:00",
        "expires": "2026-09-26T04:00:00-08:00",
        "ends": "2026-09-27T05:00:00-08:00",
        "status": "Actual",
        "messageType": "Alert",
        "category": "Met",
        "severity": "Minor",
        "certainty": "Likely",
        "urgency": "Expected",
        "event": "Small Craft Advisory",
        "sender": "w-nws.webmaster@noaa.gov",
        "senderName": "NWS Anchorage AK",
        "headline": "Small Craft Advisory issued September 25 at 2:47PM AKDT until September 27 at 5:00AM AKDT by NWS Anchorage AK",
        "description": "Coastal Waters Forecast for the Northern Gulf of Alaska Coast\nup to 100 nm out including Kodiak Island and Cook Inlet.\n\nWind forecasts reflect the predominant speed and direction\nexpected. Sea forecasts represent an average of the highest\none-third of the combined wind wave and swell height.\n\n.TONIGHT...SE wind 30 kt. Seas 12 ft. Rain showers.\n.SAT...SE wind 25 kt. Seas 11 ft. Rain showers.\n.SAT NIGHT...S wind 25 kt diminishing to 15 kt after midnight.\nSeas 11 ft. Widespread rain showers.\n.SUN AND SUN NIGHT...SE wind 15 kt. Seas 10 ft.\n.MON...Variable wind 10 kt. Seas 8 ft.\n.TUE...Variable wind 10 kt. Seas 7 ft.\n.WED...Variable wind 10 kt. Seas 7 ft.",
        "instruction": null,
        "response": "Avoid",
        "note": null,
        "parameters": {
          "AWIPSidentifier": [
            "CWFAER"
          ],
          "WMOidentifier": [
            "FZAK51 PAFC 252247"
          ],
          "NWSheadline": [
            "SMALL CRAFT ADVISORY THROUGH SATURDAY NIGHT"
          ],
          "BLOCKCHANNEL": [
            "EAS",
            "NWEM",
            "CMAS"
          ],
          "VTEC": [
            "/O.NEW.PAFC.SC.Y.2244.260926T1300Z-260927T1300Z/"
          ],
          "eventEndingTime": [
            "2026-09-27T05:00:00-08:00"
          ]
        },
        "scope": "Public",
        "code": "IPAWSv1.0",
        "language": "en-US",
        "web": "http://www.weather.gov",
        "eventCode": {
          "SAME": [
            "NWS"
          ],
          "NationalWeatherService": [
            "SCY"
          ]
        }
      }
    },
    {
      "id": "https://api.weather.gov/alerts/urn:oid:2.49.0.1.840.0.d78883207a6ee0791ef24aa8dab3d7c0978c00a1.017.1",
      "type": "Feature",
      "geometry": null,
      "properties": {
        "@id": "https://api.weather.gov/alerts/urn:oid:2.49.0.1.840.0.d78883207a6ee0791ef24aa8dab3d7c0978c00a1.017.1",
        "@type": "wx:Alert",
        "id": "urn:oid:2.49.0.1.840.0.d78883207a6ee0791ef24aa8dab3d7c0978c00a1.017.1",
        "areaDesc": "Gore Point to Marmot Island from 15 to 80 NM",
        "geocode": {
          "SAME": [
            "058733"
          ],
          "UGC": [
            "PKZ733"
          ]
        },
        "affectedZones": [
          "https://api.weather.gov/zones/forecast/PKZ733"
        ],
        "references": [],
        "sent": "2026-09-25T14:47:00-08:00",
        "effective": "2026-09-25T14:47:00-08:00",
        "onset": "2026-09-26T05:00:00-08:00",
        "expires": "2026-09-26T04:00:00-08:00",
        "ends": "2026-09-27T05:00:00-08:00",
        "status": "Actual",
        "messageType": "Alert",
        "category": "Met",
        "severity": "Minor",
        "certainty": "Likely",
        "urgency": "Expected",
        "event": "Small Craft Advisory",
        "sender": "w-nws.webmaster@noaa.gov",
        "senderName": "NWS Anchorage AK",
        "headline": "Small Craft Advisory issued September 25 at 2:47PM AKDT until September 27 at 5:00AM AKDT by NWS Anchorage AK",
        "description": "Coastal Waters Forecast for the Northern Gulf of Alaska Coast\nup to 100 nm out including Kodiak Island and Cook Inlet.\n\nWind forecasts reflect the predominant speed and direction\nexpected. Sea forecasts represent an average of the highest\none-third of the combined wind wave and swell height.\n\n.TONIGHT...SE wind 20 kt. Seas 12 ft.\n.SAT...S wind 20 kt. Seas 10 ft.\n.SAT NIGHT...S wind 20 kt. Seas 9 ft.\n.SUN...S wind 15 kt. Seas 8 ft.\n.SUN NIGHT...Variable wind 10 kt. Seas 7 ft.\n.MON THROUGH TUE...W wind 25 kt. Seas 9 ft.\n.WED...W wind 15 kt. Seas 10 ft.",
        "instruction": null,
        "response": "Avoid",
        "note": null,
        "parameters": {
          "AWIPSidentifier": [
            "CWFAER"
          ],
          "WMOidentifier": [
            "FZAK51 PAFC 252247"
          ],
          "NWSheadline": [
            "SMALL CRAFT ADVISORY THROUGH SATURDAY NIGHT"
          ],
          "BLOCKCHANNEL": [
            "EAS",
            "NWEM",
            "CMAS"
          ],
          "VTEC": [
            "/O.NEW.PAFC.SC.Y.2253.260926T1300Z-260927T1300Z/"
          ],
          "eventEndingTime": [
            "2026-09-27T05:00:00-08:00"
          ]
        },
        "scope": "Public",
        "code": "IPAWSv1.0",
        "language": "en-US",
        "web": "http://www.weather.gov",
        "eventCode": {
          "SAME": [
            "NWS"
          ],
          "NationalWeatherService": [
            "SCY"
          ]
        }
      }
    },
    {
      "id": "https://api.weather.gov/alerts/urn:oid:2.49.0.1.840.0.d78883207a6ee0791ef24aa8dab3d7c0978c00a1.008.1",
      "type": "Feature",
      "geometry": null,
      "properties": {
        "@id": "https://api.weather.gov/alerts/urn:oid:2.49.0.1.840.0.d78883207a6ee0791ef24aa8dab3d7c0978c00a1.008.1",
        "@type": "wx:Alert",
        "id": "urn:oid:2.49.0.1.840.0.d78883207a6ee0791ef24aa8dab3d7c0978c00a1.008.1",
        "areaDesc": "Northwest Prince William Sound",
        "geocode": {
          "SAME": [
            "058724"
          ],
          "UGC": [
            "PKZ724"
          ]
        },
        "affectedZones": [
          "https://api.weather.gov/zones/forecast/PKZ724"
        ],
        "references": [],
        "sent": "2026-09-25T14:47:00-08:00",
        "effective": "2026-09-25T14:47:00-08:00",
        "onset": "2026-09-26T05:00:00-08:00",
        "expires": "2026-09-26T04:00:00-08:00",
        "ends": "2026-09-27T05:00:00-08:00",
        "status": "Actual",
        "messageType": "Alert",
        "category": "Met",
        "severity": "Minor",
        "certainty": "Likely",
        "urgency": "Expected",
        "event": "Small Craft Advisory",
        "sender": "w-nws.webmaster@noaa.gov",
        "senderName": "NWS Anchorage AK",
        "headline": "Small Craft Advisory issued September 25 at 2:47PM AKDT until September 27 at 5:00AM AKDT by NWS Anchorage AK",
        "description": "Coastal Waters Forecast for the Northern Gulf of Alaska Coast\nup to 100 nm out including Kodiak Island and Cook Inlet.\n\nWind forecasts reflect the predominant speed and direction\nexpected. Sea forecasts represent an average of the highest\none-third of the combined wind wave and swell height.\n\n.TONIGHT...E wind 30 kt. Seas 7 ft. Rain.\n.SAT...E wind 30 kt. Seas 7 ft. Rain.\n.SAT NIGHT...E wind 25 kt. Seas 6 ft subsiding to 4 ft after\nmidnight. Widespread rain showers.\n.SUN AND SUN NIGHT...NE wind 15 kt. Seas 3 ft.\n.MON...N wind 15 kt. Seas 2 ft.\n.TUE THROUGH WED...NE wind 10 kt. Seas 2 ft.",
        "instruction": null,
        "response": "Avoid",
        "note": null,
        "parameters": {
          "AWIPSidentifier": [
            "CWFAER"
          ],
          "WMOidentifier": [
            "FZAK51 PAFC 252247"
          ],
          "NWSheadline": [
            "SMALL CRAFT ADVISORY THROUGH SATURDAY NIGHT"
          ],
          "BLOCKCHANNEL": [
            "EAS",
            "NWEM",
            "CMAS"
          ],
          "VTEC": [
            "/O.NEW.PAFC.SC.Y.2247.260926T1300Z-260927T1300Z/"
          ],
          "eventEndingTime": [
            "2026-09-27T05:00:00-08:00"
          ]
        },
        "scope": "Public",
        "code": "IPAWSv1.0",
        "language": "en-US",
        "web": "http://www.weather.gov",
        "eventCode": {
          "SAME": [
            "NWS"
          ],
          "NationalWeatherService": [
            "SCY"
          ]
        }
      }
    },
    {
      "id": "https://api.weather.gov/alerts/urn:oid:2.49.0.1.840.0.76314c44ce7e06be0519f43a60681454bf37a851.001.1",
      "type": "Feature",
      "geometry": null,
      "properties": {
        "@id": "https://api.weather.gov/alerts/urn:oid:2.49.0.1.840.0.76314c44ce7e06be0519f43a60681454bf37a851.001.1",
        "@type": "wx:Alert",
        "id": "urn:oid:2.49.0.1.840.0.76314c44ce7e06be0519f43a60681454bf37a851.001.1",
        "areaDesc": "Wise; Denton; Collin; Hunt; Parker; Tarrant; Dallas; Rockwall; Kaufman; Hood; Johnson; Ellis; Henderson",
        "geocode": {
          "SAME": [
            "048497",
            "048121",
            "048085",
            "048231",
            "048367",
            "048439",
            "048113",
            "048397",
            "048257",
            "048221",
            "048251",
            "048139",
            "048213"
          ],
          "UGC": [
            "TXZ102",
            "TXZ103",
            "TXZ104",
            "TXZ105",
            "TXZ117",
            "TXZ118",
            "TXZ119",
            "TXZ120",
            "TXZ121",
            "TXZ131",
            "TXZ133",
            "TXZ134",
            "TXZ135"
          ]
        },
        "affectedZones": [
          "https://api.weather.gov/zones/forecast/TXZ102",
          "https://api.weather.gov/zones/forecast/TXZ103",
          "https://api.weather.gov/zones/forecast/TXZ104",
          "https://api.weather.gov/zones/forecast/TXZ105",
          "https://api.weather.gov/zones/forecast/TXZ117",
          "https://api.weather.gov/zones/forecast/TXZ118",
          "https://api.weather.gov/zones/forecast/TXZ119",
          "https://api.weather.gov/zones/forecast/TXZ120",
          "https://api.weather.gov/zones/forecast/TXZ121",
          "https://api.weather.gov/zones/forecast/TXZ131",
          "https://api.weather.gov/zones/forecast/TXZ133",
          "https://api.weather.gov/zones/forecast/TXZ134",
          "https://api.weather.gov/zones/forecast/TXZ135"
        ],
        "references": [],
        "sent": "2026-09-25T15:50:00-05:00",
        "effective": "2026-09-25T15:50:00-05:00",
        "onset": "2026-09-25T15:50:00-05:00",
        "expires": "2026-09-26T19:00:00-05:00",
        "ends": null,
        "status": "Actual",
        "messageType": "Alert",
        "category": "Met",
        "severity": "Unknown",
        "certainty": "Unknown",
        "urgency": "Unknown",
        "event": "Air Quality Alert",
        "sender": "w-nws.webmaster@noaa.gov",
        "senderName": "NWS Fort Worth TX",
        "headline": "Air Quality Alert issued September 25 at 3:50PM CDT by NWS Fort Worth TX",
        "description": "AQAFWD\n\nThe Texas Commission on Environmental Quality (TCEQ) has issued\nan Ozone Action Day for the Dallas-Fort Worth area for Saturday,\nSeptember 26, 2026.\n\nAtmospheric conditions are expected to be favorable for producing\nhigh levels of ozone air pollution in the Dallas-Fort Worth area\non Saturday. You can help prevent ozone pollution by sharing a\nride, walking, riding a bicycle, taking your lunch to work,\navoiding drive-through lanes, conserving energy, and keeping your\nvehicle properly tuned.\n\nFor more information on ozone:\n\nOzone: The Facts (www.tceq.texas.gov/goto/ozonefacts)\n\nAir North Texas: (www.airnorthtexas.org)\n\nEPA Air Now\n(www.airnow.gov/index.cfm?action.local_state&STATEID=45&TAB=0)\n\nTake care of Texas (www.takecareoftexas.org)\n\nNorth Central Texas Council of Governments Air Quality\n(www.nctcog.org/trans/air/index.asp)",
        "instruction": null,
        "response": "Monitor",
        "note": "Non-Weather Emergency Message. Not sent to IPAWS.",
        "parameters": {
          "AWIPSidentifier": [
            "AQAFWD"
          ],
          "WMOidentifier": [
            "AEUS74 KFWD 252050"
          ],
          "NWSheadline": [
            "OZONE ACTION DAY"
          ],
          "BLOCKCHANNEL": [
            "EAS",
            "NWEM",
            "CMAS"
          ]
        },
        "scope": "Public",
        "code": "IPAWSv1.0",
        "language": "en-US",
        "web": "http://www.weather.gov",
        "eventCode": {
          "SAME": [
            "NWS"
          ],
          "NationalWeatherService": [
            "AQA"
          ]
        }
      }
    },
    {
      "id": "https://api.weather.gov/alerts/urn:oid:2.49.0.1.840.0.91fdb76ef55a24912199da05142df2bc9857c67d.001.1",
      "type": "Feature",
      "geometry": null,
      "properties": {
        "@id": "https://api.weather.gov/alerts/urn:oid:2.49.0.1.840.0.91fdb76ef55a24912199da05142df2bc9857c67d.001.1",
        "@type": "wx:Alert",
        "id": "urn:oid:2.49.0.1.840.0.91fdb76ef55a24912199da05142df2bc9857c67d.001.1",
        "areaDesc": "Inland Harris; Inland Brazoria; Inland Galveston; Coastal Harris; Coastal Brazoria; Coastal Galveston; Brazoria Islands; Galveston Island; Bolivar Peninsula",
        "geocode": {
          "SAME": [
            "048201",
            "048039",
            "048167"
          ],
          "UGC": [
            "TXZ213",
            "TXZ237",
            "TXZ238",
            "TXZ313",
            "TXZ337",
            "TXZ338",
            "TXZ437",
            "TXZ438",
            "TXZ439"
          ]
        },
        "affectedZones": [
          "https://api.weather.gov/zones/forecast/TXZ213",
          "https://api.weather.gov/zones/forecast/TXZ237",
          "https://api.weather.gov/zones/forecast/TXZ238",
          "https://api.weather.gov/zones/forecast/TXZ313",
          "https://api.weather.gov/zones/forecast/TXZ337",
          "https://api.weather.gov/zones/forecast/TXZ338",
          "https://api.weather.gov/zones/forecast/TXZ437",
          "https://api.weather.gov/zones/forecast/TXZ438",
          "https://api.weather.gov/zones/forecast/TXZ439"
        ],
        "references": [],
        "sent": "2026-09-25T15:48:00-05:00",
        "effective": "2026-09-25T15:48:00-05:00",
        "onset": "2026-09-25T15:48:00-05:00",
        "expires": "2026-09-26T19:00:00-05:00",
        "ends": null,
        "status": "Actual",
        "messageType": "Alert",
        "category": "Met",
        "severity": "Unknown",
        "certainty": "Unknown",
        "urgency": "Unknown",
        "event": "Air Quality Alert",
        "sender": "w-nws.webmaster@noaa.gov",
        "senderName": "NWS Houston/Galveston TX",
        "headline": "Air Quality Alert issued September 25 at 3:48PM CDT by NWS Houston/Galveston TX",
        "description": "AQAHGX\n\nThe Texas Commission on Environmental Quality (TCEQ) has issued an\nOzone Action Day for the Houston, Galveston, and Brazoria area for\nSaturday, September 26, 2026.\n\nAtmospheric conditions are expected to be favorable for producing\nhigh levels of ozone pollution in the Houston, Galveston, and\nsurrounding areas on Saturday. You can help prevent ozone pollution by\nsharing a ride, walking, riding a bicycle, taking your lunch to work,\navoiding drive through lanes, conserving energy and keeping your vehicle\nproperly tuned.\n\nFor more information on ozone:\nOzone: The Facts www.tceq.texas.gov/airquality/monops/ozonefacts.html\nEPA AirNow: www.airnow.gov/?city=Houston&state=TX&country=USA\nTake Care of Texas:\nwww.takecareoftexas.org/conservation-tips/keep-our-air-clean",
        "instruction": null,
        "response": "Monitor",
        "note": "Non-Weather Emergency Message. Not sent to IPAWS.",
        "parameters": {
          "AWIPSidentifier": [
            "AQAHGX"
          ],
          "WMOidentifier": [
            "AEUS74 KHGX 252048"
          ],
          "NWSheadline": [
            "Ozone Action Day"
          ],
          "BLOCKCHANNEL": [
            "EAS",
            "NWEM",
            "CMAS"
          ]
        },
        "scope": "Public",
        "code": "IPAWSv1.0",
        "language": "en-US",
        "web": "http://www.weather.gov",
        "eventCode": {
          "SAME": [
            "NWS"
          ],
          "NationalWeatherService": [
            "AQA"
          ]
        }
      }
    },
    {
      "id": "https://api.weather.gov/alerts/urn:oid:2.49.0.1.840.0.5fc2c07df9f96bd93565647920d09b90f7ca1592.001.1",
      "type": "Feature",
      "geometry": null,
      "properties": {
        "@id": "https://api.weather.gov/alerts/urn:oid:2.49.0.1.840.0.5fc2c07df9f96bd93565647920d09b90f7ca1592.001.1",
        "@type": "wx:Alert",
        "id": "urn:oid:2.49.0.1.840.0.5fc2c07df9f96bd93565647920d09b90f7ca1592.001.1",
        "areaDesc": "Hudson; Eastern Bergen; Eastern Essex; Eastern Union; New York (Manhattan)",
        "geocode": {
          "SAME": [
            "034017",
            "034003",
            "034013",
            "034039",
            "036061"
          ],
          "UGC": [
            "NJZ006",
            "NJZ104",
            "NJZ106",
            "NJZ108",
            "NYZ072"
          ]
        },
        "affectedZones": [
          "https://api.weather.gov/zones/forecast/NJZ006",
          "https://api.weather.gov/zones/forecast/NJZ104",
          "https://api.weather.gov/zones/forecast/NJZ106",
          "https://api.weather.gov/zones/forecast/NJZ108",
          "https://api.weather.gov/zones/forecast/NYZ072"
        ],
        "references": [],
        "sent": "2026-09-25T16:44:00-04:00",
        "effective": "2026-09-25T16:44:00-04:00",
        "onset": "2026-09-25T18:00:00-04:00",
        "expires": "2026-09-25T16:59:19-04:00",
        "ends": "2026-09-27T18:00:00-04:00",
        "status": "Actual",
        "messageType": "Alert",
        "category": "Met",
        "severity": "Minor",
        "certainty": "Observed",
        "urgency": "Past",
        "event": "Coastal Flood Advisory",
        "sender": "w-nws.webmaster@noaa.gov",
        "senderName": "NWS Upton NY",
        "headline": "The Coastal Flood Advisory has been replaced. Please see the latest information from NWS Upton NY on this developing situation.",
        "description": "The Coastal Flood Advisory has been replaced. Please see the latest information from NWS Upton NY on this developing situation.",
        "instruction": "Take the necessary actions to protect flood-prone property. If\ntravel is required, do not drive around barricades or through\nwater of unknown depth.",
        "response": "Monitor",
        "note": null,
        "parameters": {
          "AWIPSidentifier": [
            "CFWOKX"
          ],
          "WMOidentifier": [
            "WHUS41 KOKX 252044"
          ],
          "NWSheadline": [
            "COASTAL FLOOD WARNING IN EFFECT UNTIL 6 PM EDT SUNDAY"
          ],
          "BLOCKCHANNEL": [
            "EAS",
            "NWEM",
            "CMAS"
          ],
          "VTEC": [
            "/O.UPG.KOKX.CF.Y.0008.260925T2200Z-260927T2200Z/"
          ],
          "eventEndingTime": [
            "2026-09-27T18:00:00-04:00"
          ],
          "expiredReferences": [
            "w-nws.webmaster@noaa.gov,urn:oid:2.49.0.1.840.0.f5cb8aff25803c716998fe7ad961b885c6f232ce.012.1,2026-09-25T05:27:00-04:00 w-nws.webmaster@noaa.gov,urn:oid:2.49.0.1.840.0.f5cb8aff25803c716998fe7ad961b885c6f232ce.007.2,2026-09-25T05:27:00-04:00 w-nws.webmaster@noaa.gov,urn:oid:2.49.0.1.840.0.2c81f4a68ca0f135bfa4bc4ed96d16b4c1d11d18.003.1,2026-09-24T21:08:00-04:00 w-nws.webmaster@noaa.gov,urn:oid:2.49.0.1.840.0.2c81f4a68ca0f135bfa4bc4ed96d16b4c1d11d18.001.1,2026-09-24T21:08:00-04:00"
          ]
        },
        "scope": "Public",
        "code": "IPAWSv1.0",
        "language": "en-US",
        "web": "http://www.weather.gov",
        "eventCode": {
          "SAME": [
            "NWS"
          ],
          "NationalWeatherService": [
            "CFY"
          ]
        }
      }
    },
    {
      "id": "https://api.weather.gov/alerts/urn:oid:2.49.0.1.840.0.ce67801ec73048f07c44dd0418c6a50edd1c8fdc.001.1",
      "type": "Feature",
      "geometry": null,
      "properties": {
        "@id": "https://api.weather.gov/alerts/urn:oid:2.49.0.1.840.0.ce67801ec73048f07c44dd0418c6a50edd1c8fdc.001.1",
        "@type": "wx:Alert",
        "id": "urn:oid:2.49.0.1.840.0.ce67801ec73048f07c44dd0418c6a50edd1c8fdc.001.1",
        "areaDesc": "Archuleta, CO; Dolores, CO; Gunnison, CO; Hinsdale, CO; La Plata, CO; Montezuma, CO; Ouray, CO; San Juan, CO; San Miguel, CO; Grand, UT; San Juan, UT",
        "geocode": {
          "SAME": [
            "008007",
            "008033",
            "008051",
            "008053",
            "008067",
            "008083",
            "008091",
            "008111",
            "008113",
            "049019",
            "049037"
          ],
          "UGC": [
            "COC007",
            "COC033",
            "COC051",
            "COC053",
            "COC067",
            "COC083",
            "COC091",
            "COC111",
            "COC113",
            "UTC019",
            "UTC037"
          ]
        },
        "affectedZones": [
          "https://api.weather.gov/zones/county/COC007",
          "https://api.weather.gov/zones/county/COC033",
          "https://api.weather.gov/zones/county/COC051",
          "https://api.weather.gov/zones/county/COC053",
          "https://api.weather.gov/zones/county/COC067",
          "https://api.weather.gov/zones/county/COC083",
          "https://api.weather.gov/zones/county/COC091",
          "https://api.weather.gov/zones/county/COC111",
          "https://api.weather.gov/zones/county/COC113",
          "https://api.weather.gov/zones/county/UTC019",
          "https://api.weather.gov/zones/county/UTC037"
        ],
        "references": [],
        "sent": "2026-09-25T14:21:00-06:00",
        "effective": "2026-09-25T14:21:00-06:00",
        "onset": "2026-09-25T14:21:00-06:00",
        "expires": "2026-09-30T06:00:00-06:00",
        "ends": null,
        "status": "Actual",
        "messageType": "Alert",
        "category": "Met",
        "severity": "Unknown",
        "certainty": "Possible",
        "urgency": "Future",
        "event": "Hydrologic Outlook",
        "sender": "w-nws.webmaster@noaa.gov",
        "senderName": "NWS Grand Junction CO",
        "headline": "Hydrologic Outlook issued September 25 at 2:21PM MDT by NWS Grand Junction CO",
        "description": "ESFGJT\n\nIn the wake of today's precipitation, our attention will turn to the\nEastern Pacific. Tropical moisture is anticipated to spread across\nthe Desert Southwest early next week, drawing moisture from a pair of\nHurricanes; Odalys and Polo. The forecast becomes increasing complex\ndue to a closed low currently forecast to drive across the Southwest\nCONUS as Hurricane Polo approaches the Baja California Peninsula.\nStrong southerly winds ahead of the low are expected to pull tropical\nmoisture towards eastern Utah and western Colorado as early as Monday\nmorning. The challenge and uncertainty in our precipitation forecast\nincrease as the week progresses and the low traverses our southern\nStates. Excessive rainfall is most probable over AZ and NM, attm, but\nthe northerly extent poses a threat to our southern San Juan river\nbasins. Current forecasts suggests 1 to 3 inches of rain over Monday\nmorning through Wednesday. At face value, rivers and tributaries will\nsee a bump up due to said moisture. However, localized heavier\namounts could result in minor flooding across the southern San Juan\nfoothills and communities further downstream.\n\nRivers have responded rapidly to recent rainfall due to saturated\nsoils and increased runoff potential. Thus, prolonged periods of\nadditional rainfall over these regions would trigger a similar\nresponse. The current precipitation forecast suggests larger peaks in\nseveral creeks and rivers than what has been observed over the\nprevious 7 days. However, high end probabilistic rainfall amounts\n(i.e. above 90th percentile) may lead to rivers exceeding action\nstage to minor flooding. Most probable basins to see significant\nrises include; the Rio Blanco, San Juan, Piedra, Los Pinos/Vallecito\nCreek, and the Animas River Basins.\n\nConvective storms and periods of heavy rainfall fed from said\ntropical moisture could result in localized flooding impacts across\nthe CWA, however, confidence decreases rapidly north of the San\nJuans. Please continue to monitor the forecast as these systems\nevolve. Especially for those who reside and/or plan to recreate in\nthe southwest quadrant of the forecast area.",
        "instruction": null,
        "response": "Monitor",
        "note": null,
        "parameters": {
          "AWIPSidentifier": [
            "ESFGJT"
          ],
          "WMOidentifier": [
            "FGUS75 KGJT 252021"
          ],
          "BLOCKCHANNEL": [
            "EAS",
            "NWEM",
            "CMAS"
          ]
        },
        "scope": "Public",
        "code": "IPAWSv1.0",
        "language": "en-US",
        "web": "http://www.weather.gov",
        "eventCode": {
          "SAME": [
            "NWS"
          ],
          "NationalWeatherService": [
            "ESF"
          ]
        }
      }
    },
    {
      "id": "https://api.weather.gov/alerts/urn:oid:2.49.0.1.840.0.0fd9f8d2bf9ca0ca72eba7a6011d496047fcfa9e.005.1",
      "type": "Feature",
      "geometry": null,
      "properties": {
        "@id": "https://api.weather.gov/alerts/urn:oid:2.49.0.1.840.0.0fd9f8d2bf9ca0ca72eba7a6011d496047fcfa9e.005.1",
        "@type": "wx:Alert",
        "id": "urn:oid:2.49.0.1.840.0.0fd9f8d2bf9ca0ca72eba7a6011d496047fcfa9e.005.1",
        "areaDesc": "Bering Sea Offshore East of 171W",
        "geocode": {
          "SAME": [
            "058414"
          ],
          "UGC": [
            "PKZ414"
          ]
        },
        "affectedZones": [
          "https://api.weather.gov/zones/forecast/PKZ414"
        ],
        "references": [],
        "sent": "2026-09-25T05:10:00-08:00",
        "effective": "2026-09-25T05:10:00-08:00",
        "onset": "2026-09-25T05:00:00-08:00",
        "expires": "2026-09-25T16:30:00-08:00",
        "ends": "2026-09-26T17:00:00-08:00",
        "status": "Actual",
        "messageType": "Alert",
        "category": "Met",
        "severity": "Moderate",
        "certainty": "Likely",
        "urgency": "Expected",
        "event": "Gale Warning",
        "sender": "w-nws.webmaster@noaa.gov",
        "senderName": "NWS Anchorage AK",
        "headline": "Gale Warning issued September 25 at 5:10AM AKDT until September 26 at 5:00PM AKDT by NWS Anchorage AK",
        "description": "Offshore Waters Forecast for the Bering Sea\n\nWind forecasts reflect the predominant speed and direction\nexpected. Sea forecasts represent an average of the highest\none-third of the combined wind wave and swell height.\n\n.TODAY...SW wind 25 to 40 kt. Seas 14 to 22 ft. Rain showers.\n.TONIGHT...SW wind 25 to 40 kt. Seas 14 to 22 ft. Rain showers.\n.SAT...W wind 20 to 35 kt. Seas 11 to 19 ft.\n.SAT NIGHT...NW wind 20 to 30 kt. Seas 9 to 14 ft.\n.SUN THROUGH TUE...NW wind 15 to 30 kt. Seas 6 to 11 ft.",
        "instruction": null,
        "response": "Avoid",
        "note": null,
        "parameters": {
          "AWIPSidentifier": [
            "OFFALU"
          ],
          "WMOidentifier": [
            "FZAK62 PAFC 251310"
          ],
          "NWSheadline": [
            "GALE WARNING THROUGH SATURDAY"
          ],
          "BLOCKCHANNEL": [
            "EAS",
            "NWEM",
            "CMAS"
          ],
          "VTEC": [
            "/O.NEW.PAFC.GL.W.1163.260925T1300Z-260927T0100Z/"
          ],
          "eventEndingTime": [
            "2026-09-26T17:00:00-08:00"
          ]
        },
        "scope": "Public",
        "code": "IPAWSv1.0",
        "language": "en-US",
        "web": "http://www.weather.gov",
        "eventCode": {
          "SAME": [
            "NWS"
          ],
          "NationalWeatherService": [
            "GLW"
          ]
        }
      }
    },
    {
      "id": "https://api.weather.gov/alerts/urn:oid:2.49.0.1.840.0.955c1da0b59e6943735645f3a7f166f7ce1b8f58.012.1",
      "type": "Feature",
      "geometry": null,
      "properties": {
        "@id": "https://api.weather.gov/alerts/urn:oid:2.49.0.1.840.0.955c1da0b59e6943735645f3a7f166f7ce1b8f58.012.1",
        "@type": "wx:Alert",
        "id": "urn:oid:2.49.0.1.840.0.955c1da0b59e6943735645f3a7f166f7ce1b8f58.012.1",
        "areaDesc": "Unimak Pass",
        "geocode": {
          "SAME": [
            "058768"
          ],
          "UGC": [
            "PKZ768"
          ]
        },
        "affectedZones": [
          "https://api.weather.gov/zones/forecast/PKZ768"
        ],
        "references": [],
        "sent": "2026-09-25T05:09:00-08:00",
        "effective": "2026-09-25T05:09:00-08:00",
        "onset": "2026-09-25T05:00:00-08:00",
        "expires": "2026-09-25T17:30:00-08:00",
        "ends": "2026-09-26T17:00:00-08:00",
        "status": "Actual",
        "messageType": "Alert",
        "category": "Met",
        "severity": "Moderate",
        "certainty": "Likely",
        "urgency": "Expected",
        "event": "Gale Warning",
        "sender": "w-nws.webmaster@noaa.gov",
        "senderName": "NWS Anchorage AK",
        "headline": "Gale Warning issued September 25 at 5:09AM AKDT until September 26 at 5:00PM AKDT by NWS Anchorage AK",
        "description": "Coastal Waters Forecast for Southwest Alaska+Bristol Bay+The\nAlaska Peninsula Waters and the Aleutian Islands up to 100 nm out.\n\nWind forecasts reflect the predominant speed and direction\nexpected. Sea forecasts represent an average of the highest\none-third of the combined wind wave and swell height.\n\n.TODAY...SW wind 35 kt. Seas 19 ft. Rain showers.\n.TONIGHT...SW wind 45 kt. Seas 21 ft. Rain showers.\n.SAT...SW wind 40 kt. Seas 22 ft.\n.SAT NIGHT...W wind 35 kt. Seas 16 ft.\n.SUN...NW wind 30 kt. Seas 11 ft.\n.MON...NW wind 25 kt. Seas 11 ft.\n.TUE...W wind 20 kt. Seas 5 ft.",
        "instruction": null,
        "response": "Avoid",
        "note": null,
        "parameters": {
          "AWIPSidentifier": [
            "CWFALU"
          ],
          "WMOidentifier": [
            "FZAK52 PAFC 251309"
          ],
          "NWSheadline": [
            "GALE WARNING THROUGH SATURDAY"
          ],
          "BLOCKCHANNEL": [
            "EAS",
            "NWEM",
            "CMAS"
          ],
          "VTEC": [
            "/O.NEW.PAFC.GL.W.4727.260925T1300Z-260927T0100Z/"
          ],
          "eventEndingTime": [
            "2026-09-26T17:00:00-08:00"
          ]
        },
        "scope": "Public",
        "code": "IPAWSv1.0",
        "language": "en-US",
        "web": "http://www.weather.gov",
        "eventCode": {
          "SAME": [
            "NWS"
          ],
          "NationalWeatherService": [
            "GLW"
          ]
        }
      }
    },
    {
      "id": "https://api.weather.gov/alerts/urn:oid:2.49.0.1.840.0.955c1da0b59e6943735645f3a7f166f7ce1b8f58.019.1",
      "type": "Feature",
      "geometry": null,
      "properties": {
        "@id": "https://api.weather.gov/alerts/urn:oid:2.49.0.1.840.0.955c1da0b59e6943735645f3a7f166f7ce1b8f58.019.1",
        "@type": "wx:Alert",
        "id": "urn:oid:2.49.0.1.840.0.955c1da0b59e6943735645f3a7f166f7ce1b8f58.019.1",
        "areaDesc": "Nikolski to Seguam Bering Side from 15 to 85 NM",
        "geocode": {
          "SAME": [
            "058776"
          ],
          "UGC": [
            "PKZ776"
          ]
        },
        "affectedZones": [
          "https://api.weather.gov/zones/forecast/PKZ776"
        ],
        "references": [],
        "sent": "2026-09-25T05:09:00-08:00",
        "effective": "2026-09-25T05:09:00-08:00",
        "onset": "2026-09-25T05:00:00-08:00",
        "expires": "2026-09-25T17:30:00-08:00",
        "ends": "2026-09-26T17:00:00-08:00",
        "status": "Actual",
        "messageType": "Alert",
        "category": "Met",
        "severity": "Moderate",
        "certainty": "Likely",
        "urgency": "Expected",
        "event": "Gale Warning",
        "sender": "w-nws.webmaster@noaa.gov",
        "senderName": "NWS Anchorage AK",
        "headline": "Gale Warning issued September 25 at 5:09AM AKDT until September 26 at 5:00PM AKDT by NWS Anchorage AK",
        "description": "Coastal Waters Forecast for Southwest Alaska+Bristol Bay+The\nAlaska Peninsula Waters and the Aleutian Islands up to 100 nm out.\n\nWind forecasts reflect the predominant speed and direction\nexpected. Sea forecasts represent an average of the highest\none-third of the combined wind wave and swell height.\n\n.TODAY...SW wind 45 kt. Seas 28 ft. Rain showers.\n.TONIGHT...SW wind 45 kt. Seas 25 ft. Rain showers.\n.SAT...W wind 40 kt diminishing to 30 kt in the afternoon. Seas\n21 ft.\n.SAT NIGHT...W wind 25 kt. Seas 13 ft.\n.SUN...NW wind 25 kt. Seas 10 ft.\n.MON THROUGH TUE...W wind 20 kt. Seas 7 ft.",
        "instruction": null,
        "response": "Avoid",
        "note": null,
        "parameters": {
          "AWIPSidentifier": [
            "CWFALU"
          ],
          "WMOidentifier": [
            "FZAK52 PAFC 251309"
          ],
          "NWSheadline": [
            "GALE WARNING THROUGH SATURDAY"
          ],
          "BLOCKCHANNEL": [
            "EAS",
            "NWEM",
            "CMAS"
          ],
          "VTEC": [
            "/O.NEW.PAFC.GL.W.4734.260925T1300Z-260927T0100Z/"
          ],
          "eventEndingTime": [
            "2026-09-26T17:00:00-08:00"
          ]
        },
        "scope": "Public",
        "code": "IPAWSv1.0",
        "language": "en-US",
        "web": "http://www.weather.gov",
        "eventCode": {
          "SAME": [
            "NWS"
          ],
          "NationalWeatherService": [
            "GLW"
          ]
        }
      }
    },
    {
      "id": "https://api.weather.gov/alerts/urn:oid:2.49.0.1.840.0.955c1da0b59e6943735645f3a7f166f7ce1b8f58.020.1",
      "type": "Feature",
      "geometry": null,
      "properties": {
        "@id": "https://api.weather.gov/alerts/urn:oid:2.49.0.1.840.0.955c1da0b59e6943735645f3a7f166f7ce1b8f58.020.1",
        "@type": "wx:Alert",
        "id": "urn:oid:2.49.0.1.840.0.955c1da0b59e6943735645f3a7f166f7ce1b8f58.020.1",
        "areaDesc": "Nikolski to Seguam Pacfic Side out to 15 NM",
        "geocode": {
          "SAME": [
            "058777"
          ],
          "UGC": [
            "PKZ777"
          ]
        },
        "affectedZones": [
          "https://api.weather.gov/zones/forecast/PKZ777"
        ],
        "references": [],
        "sent": "2026-09-25T05:09:00-08:00",
        "effective": "2026-09-25T05:09:00-08:00",
        "onset": "2026-09-25T05:00:00-08:00",
        "expires": "2026-09-25T17:30:00-08:00",
        "ends": "2026-09-26T17:00:00-08:00",
        "status": "Actual",
        "messageType": "Alert",
        "category": "Met",
        "severity": "Moderate",
        "certainty": "Likely",
        "urgency": "Expected",
        "event": "Gale Warning",
        "sender": "w-nws.webmaster@noaa.gov",
        "senderName": "NWS Anchorage AK",
        "headline": "Gale Warning issued September 25 at 5:09AM AKDT until September 26 at 5:00PM AKDT by NWS Anchorage AK",
        "description": "Coastal Waters Forecast for Southwest Alaska+Bristol Bay+The\nAlaska Peninsula Waters and the Aleutian Islands up to 100 nm out.\n\nWind forecasts reflect the predominant speed and direction\nexpected. Sea forecasts represent an average of the highest\none-third of the combined wind wave and swell height.\n\n.TODAY...SW wind 40 kt. Seas 23 ft. Rain showers.\n.TONIGHT...W wind 45 kt. Seas 23 ft.\n.SAT...W wind 35 kt. Seas 20 ft.\n.SAT NIGHT...W wind 25 kt. Seas 12 ft.\n.SUN...NW wind 25 kt. Seas 9 ft.\n.MON THROUGH TUE...SW wind 20 kt. Seas 6 ft.",
        "instruction": null,
        "response": "Avoid",
        "note": null,
        "parameters": {
          "AWIPSidentifier": [
            "CWFALU"
          ],
          "WMOidentifier": [
            "FZAK52 PAFC 251309"
          ],
          "NWSheadline": [
            "GALE WARNING THROUGH SATURDAY"
          ],
          "BLOCKCHANNEL": [
            "EAS",
            "NWEM",
            "CMAS"
          ],
          "VTEC": [
            "/O.NEW.PAFC.GL.W.4735.260925T1300Z-260927T0100Z/"
          ],
          "eventEndingTime": [
            "2026-09-26T17:00:00-08:00"
          ]
        },
        "scope": "Public",
        "code": "IPAWSv1.0",
        "language": "en-US",
        "web": "http://www.weather.gov",
        "eventCode": {
          "SAME": [
            "NWS"
          ],
          "NationalWeatherService": [
            "GLW"
          ]
        }
      }
    },
    {
      "id": "https://api.weather.gov/alerts/urn:oid:2.49.0.1.840.0.955c1da0b59e6943735645f3a7f166f7ce1b8f58.023.1",
      "type": "Feature",
      "geometry": null,
      "properties": {
        "@id": "https://api.weather.gov/alerts/urn:oid:2.49.0.1.840.0.955c1da0b59e6943735645f3a7f166f7ce1b8f58.023.1",
        "@type": "wx:Alert",
        "id": "urn:oid:2.49.0.1.840.0.955c1da0b59e6943735645f3a7f166f7ce1b8f58.023.1",
        "areaDesc": "Seguam to Adak Bering Side from 15 to 85 NM",
        "geocode": {
          "SAME": [
            "058781"
          ],
          "UGC": [
            "PKZ781"
          ]
        },
        "affectedZones": [
          "https://api.weather.gov/zones/forecast/PKZ781"
        ],
        "references": [],
        "sent": "2026-09-25T05:09:00-08:00",
        "effective": "2026-09-25T05:09:00-08:00",
        "onset": "2026-09-25T05:00:00-08:00",
        "expires": "2026-09-25T17:30:00-08:00",
        "ends": "2026-09-26T17:00:00-08:00",
        "status": "Actual",
        "messageType": "Alert",
        "category": "Met",
        "severity": "Moderate",
        "certainty": "Likely",
        "urgency": "Expected",
        "event": "Gale Warning",
        "sender": "w-nws.webmaster@noaa.gov",
        "senderName": "NWS Anchorage AK",
        "headline": "Gale Warning issued September 25 at 5:09AM AKDT until September 26 at 5:00PM AKDT by NWS Anchorage AK",
        "description": "Coastal Waters Forecast for Southwest Alaska+Bristol Bay+The\nAlaska Peninsula Waters and the Aleutian Islands up to 100 nm out.\n\nWind forecasts reflect the predominant speed and direction\nexpected. Sea forecasts represent an average of the highest\none-third of the combined wind wave and swell height.\n\n.TODAY...SW wind 40 kt. Seas 25 ft subsiding to 19 ft in the\nafternoon.\n.TONIGHT...W wind 45 kt. Seas 21 ft.\n.SAT...W wind 35 kt. Seas 17 ft.\n.SAT NIGHT...NW wind 20 kt. Seas 11 ft.\n.SUN THROUGH MON...W wind 20 kt. Seas 8 ft.\n.TUE...SW wind 20 kt. Seas 6 ft.",
        "instruction": null,
        "response": "Avoid",
        "note": null,
        "parameters": {
          "AWIPSidentifier": [
            "CWFALU"
          ],
          "WMOidentifier": [
            "FZAK52 PAFC 251309"
          ],
          "NWSheadline": [
            "GALE WARNING THROUGH SATURDAY"
          ],
          "BLOCKCHANNEL": [
            "EAS",
            "NWEM",
            "CMAS"
          ],
          "VTEC": [
            "/O.NEW.PAFC.GL.W.4738.260925T1300Z-260927T0100Z/"
          ],
          "eventEndingTime": [
            "2026-09-26T17:00:00-08:00"
          ]
        },
        "scope": "Public",
        "code": "IPAWSv1.0",
        "language": "en-US",
        "web": "http://www.weather.gov",
        "eventCode": {
          "SAME": [
            "NWS"
          ],
          "NationalWeatherService": [
            "GLW"
          ]
        }
      }
    },
    {
      "id": "https://api.weather.gov/alerts/urn:oid:2.49.0.1.840.0.955c1da0b59e6943735645f3a7f166f7ce1b8f58.017.1",
      "type": "Feature",
      "geometry": null,
      "properties": {
        "@id": "https://api.weather.gov/alerts/urn:oid:2.49.0.1.840.0.955c1da0b59e6943735645f3a7f166f7ce1b8f58.017.1",
        "@type": "wx:Alert",
        "id": "urn:oid:2.49.0.1.840.0.955c1da0b59e6943735645f3a7f166f7ce1b8f58.017.1",
        "areaDesc": "Unalga Pass to Nikolski Pacific Side from 15 to 85 NM",
        "geocode": {
          "SAME": [
            "058774"
          ],
          "UGC": [
            "PKZ774"
          ]
        },
        "affectedZones": [
          "https://api.weather.gov/zones/forecast/PKZ774"
        ],
        "references": [],
        "sent": "2026-09-25T05:09:00-08:00",
        "effective": "2026-09-25T05:09:00-08:00",
        "onset": "2026-09-25T05:00:00-08:00",
        "expires": "2026-09-25T17:30:00-08:00",
        "ends": "2026-09-26T17:00:00-08:00",
        "status": "Actual",
        "messageType": "Alert",
        "category": "Met",
        "severity": "Moderate",
        "certainty": "Likely",
        "urgency": "Expected",
        "event": "Gale Warning",
        "sender": "w-nws.webmaster@noaa.gov",
        "senderName": "NWS Anchorage AK",
        "headline": "Gale Warning issued September 25 at 5:09AM AKDT until September 26 at 5:00PM AKDT by NWS Anchorage AK",
        "description": "Coastal Waters Forecast for Southwest Alaska+Bristol Bay+The\nAlaska Peninsula Waters and the Aleutian Islands up to 100 nm out.\n\nWind forecasts reflect the predominant speed and direction\nexpected. Sea forecasts represent an average of the highest\none-third of the combined wind wave and swell height.\n\n.TODAY...SW wind 45 kt. Seas 27 ft.\n.TONIGHT...SW wind 45 kt. Seas 25 ft. Rain showers.\n.SAT...W wind 40 kt. Seas 25 ft.\n.SAT NIGHT...W wind 30 kt. Seas 17 ft.\n.SUN THROUGH MON...W wind 25 kt. Seas 9 ft.\n.TUE...W wind 20 kt. Seas 6 ft.",
        "instruction": null,
        "response": "Avoid",
        "note": null,
        "parameters": {
          "AWIPSidentifier": [
            "CWFALU"
          ],
          "WMOidentifier": [
            "FZAK52 PAFC 251309"
          ],
          "NWSheadline": [
            "GALE WARNING THROUGH SATURDAY"
          ],
          "BLOCKCHANNEL": [
            "EAS",
            "NWEM",
            "CMAS"
          ],
          "VTEC": [
            "/O.NEW.PAFC.GL.W.4732.260925T1300Z-260927T0100Z/"
          ],
          "eventEndingTime": [
            "2026-09-26T17:00:00-08:00"
          ]
        },
        "scope": "Public",
        "code": "IPAWSv1.0",
        "language": "en-US",
        "web": "http://www.weather.gov",
        "eventCode": {
          "SAME": [
            "NWS"
          ],
          "NationalWeatherService": [
            "GLW"
          ]
        }
      }
    },
    {
      "id": "https://api.weather.gov/alerts/urn:oid:2.49.0.1.840.0.955c1da0b59e6943735645f3a7f166f7ce1b8f58.030.1",
      "type": "Feature",
      "geometry": null,
      "properties": {
        "@id": "https://api.weather.gov/alerts/urn:oid:2.49.0.1.840.0.955c1da0b59e6943735645f3a7f166f7ce1b8f58.030.1",
        "@type": "wx:Alert",
        "id": "urn:oid:2.49.0.1.840.0.955c1da0b59e6943735645f3a7f166f7ce1b8f58.030.1",
        "areaDesc": "Pribilof Islands Nearshore Waters",
        "geocode": {
          "SAME": [
            "058766"
          ],
          "UGC": [
            "PKZ766"
          ]
        },
        "affectedZones": [
          "https://api.weather.gov/zones/forecast/PKZ766"
        ],
        "references": [],
        "sent": "2026-09-25T05:09:00-08:00",
        "effective": "2026-09-25T05:09:00-08:00",
        "onset": "2026-09-25T05:00:00-08:00",
        "expires": "2026-09-25T17:30:00-08:00",
        "ends": "2026-09-26T17:00:00-08:00",
        "status": "Actual",
        "messageType": "Alert",
        "category": "Met",
        "severity": "Minor",
        "certainty": "Likely",
        "urgency": "Expected",
        "event": "Small Craft Advisory",
        "sender": "w-nws.webmaster@noaa.gov",
        "senderName": "NWS Anchorage AK",
        "headline": "Small Craft Advisory issued September 25 at 5:09AM AKDT until September 26 at 5:00PM AKDT by NWS Anchorage AK",
        "description": "Coastal Waters Forecast for Southwest Alaska+Bristol Bay+The\nAlaska Peninsula Waters and the Aleutian Islands up to 100 nm out.\n\nWind forecasts reflect the predominant speed and direction\nexpected. Sea forecasts represent an average of the highest\none-third of the combined wind wave and swell height.\n\n.TODAY...SW wind 30 kt. Seas 20 ft. Rain showers.\n.TONIGHT...SW wind 30 kt. Seas 19 ft.\n.SAT...W wind 25 kt. Seas 13 ft.\n.SAT NIGHT...NW wind 25 kt. Seas 11 ft.\n.SUN...NW wind 25 kt. Seas 9 ft.\n.MON...W wind 20 kt. Seas 7 ft.\n.TUE...NW wind 15 kt. Seas 6 ft.",
        "instruction": null,
        "response": "Avoid",
        "note": null,
        "parameters": {
          "AWIPSidentifier": [
            "CWFALU"
          ],
          "WMOidentifier": [
            "FZAK52 PAFC 251309"
          ],
          "NWSheadline": [
            "SMALL CRAFT ADVISORY THROUGH SATURDAY"
          ],
          "BLOCKCHANNEL": [
            "EAS",
            "NWEM",
            "CMAS"
          ],
          "VTEC": [
            "/O.NEW.PAFC.SC.Y.4745.260925T1300Z-260927T0100Z/"
          ],
          "eventEndingTime": [
            "2026-09-26T17:00:00-08:00"
          ]
        },
        "scope": "Public",
        "code": "IPAWSv1.0",
        "language": "en-US",
        "web": "http://www.weather.gov",
        "eventCode": {
          "SAME": [
            "NWS"
          ],
          "NationalWeatherService": [
            "SCY"
          ]
        }
      }
    },
    {
      "id": "https://api.weather.gov/alerts/urn:oid:2.49.0.1.840.0.955c1da0b59e6943735645f3a7f166f7ce1b8f58.005.1",
      "type": "Feature",
      "geometry": null,
      "properties": {
        "@id": "https://api.weather.gov/alerts/urn:oid:2.49.0.1.840.0.955c1da0b59e6943735645f3a7f166f7ce1b8f58.005.1",
        "@type": "wx:Alert",
        "id": "urn:oid:2.49.0.1.840.0.955c1da0b59e6943735645f3a7f166f7ce1b8f58.005.1",
        "areaDesc": "Castle Cape to Cape Tolstoi from 15 to 100 NM",
        "geocode": {
          "SAME": [
            "058753"
          ],
          "UGC": [
            "PKZ753"
          ]
        },
        "affectedZones": [
          "https://api.weather.gov/zones/forecast/PKZ753"
        ],
        "references": [],
        "sent": "2026-09-25T05:09:00-08:00",
        "effective": "2026-09-25T05:09:00-08:00",
        "onset": "2026-09-25T17:00:00-08:00",
        "expires": "2026-09-25T17:30:00-08:00",
        "ends": "2026-09-26T17:00:00-08:00",
        "status": "Actual",
        "messageType": "Alert",
        "category": "Met",
        "severity": "Moderate",
        "certainty": "Likely",
        "urgency": "Expected",
        "event": "Gale Warning",
        "sender": "w-nws.webmaster@noaa.gov",
        "senderName": "NWS Anchorage AK",
        "headline": "Gale Warning issued September 25 at 5:09AM AKDT until September 26 at 5:00PM AKDT by NWS Anchorage AK",
        "description": "Coastal Waters Forecast for Southwest Alaska+Bristol Bay+The\nAlaska Peninsula Waters and the Aleutian Islands up to 100 nm out.\n\nWind forecasts reflect the predominant speed and direction\nexpected. Sea forecasts represent an average of the highest\none-third of the combined wind wave and swell height.\n\n.TODAY...SW wind 30 kt. Seas 19 ft. Rain showers.\n.TONIGHT...SW wind 35 kt. Seas 19 ft. Rain showers.\n.SAT...SW wind 35 kt. Seas 22 ft. Rain showers.\n.SAT NIGHT...SW wind 30 kt. Seas 21 ft.\n.SUN THROUGH MON...NW wind 30 kt. Seas 13 ft.\n.TUE...W wind 20 kt. Seas 7 ft.",
        "instruction": null,
        "response": "Avoid",
        "note": null,
        "parameters": {
          "AWIPSidentifier": [
            "CWFALU"
          ],
          "WMOidentifier": [
            "FZAK52 PAFC 251309"
          ],
          "NWSheadline": [
            "GALE WARNING TONIGHT AND SATURDAY"
          ],
          "BLOCKCHANNEL": [
            "EAS",
            "NWEM",
            "CMAS"
          ],
          "VTEC": [
            "/O.NEW.PAFC.GL.W.4720.260926T0100Z-260927T0100Z/"
          ],
          "eventEndingTime": [
            "2026-09-26T17:00:00-08:00"
          ]
        },
        "scope": "Public",
        "code": "IPAWSv1.0",
        "language": "en-US",
        "web": "http://www.weather.gov",
        "eventCode": {
          "SAME": [
            "NWS"
          ],
          "NationalWeatherService": [
            "GLW"
          ]
        }
      }
    },
    {
      "id": "https://api.weather.gov/alerts/urn:oid:2.49.0.1.840.0.955c1da0b59e6943735645f3a7f166f7ce1b8f58.003.1",
      "type": "Feature",
      "geometry": null,
      "properties": {
        "@id": "https://api.weather.gov/alerts/urn:oid:2.49.0.1.840.0.955c1da0b59e6943735645f3a7f166f7ce1b8f58.003.1",
        "@type": "wx:Alert",
        "id": "urn:oid:2.49.0.1.840.0.955c1da0b59e6943735645f3a7f166f7ce1b8f58.003.1",
        "areaDesc": "Sitkinak to Castle Cape from 15 to 100 NM",
        "geocode": {
          "SAME": [
            "058751"
          ],
          "UGC": [
            "PKZ751"
          ]
        },
        "affectedZones": [
          "https://api.weather.gov/zones/forecast/PKZ751"
        ],
        "references": [],
        "sent": "2026-09-25T05:09:00-08:00",
        "effective": "2026-09-25T05:09:00-08:00",
        "onset": "2026-09-25T05:00:00-08:00",
        "expires": "2026-09-25T17:30:00-08:00",
        "ends": "2026-09-26T17:00:00-08:00",
        "status": "Actual",
        "messageType": "Alert",
        "category": "Met",
        "severity": "Minor",
        "certainty": "Likely",
        "urgency": "Expected",
        "event": "Small Craft Advisory",
        "sender": "w-nws.webmaster@noaa.gov",
        "senderName": "NWS Anchorage AK",
        "headline": "Small Craft Advisory issued September 25 at 5:09AM AKDT until September 26 at 5:00PM AKDT by NWS Anchorage AK",
        "description": "Coastal Waters Forecast for Southwest Alaska+Bristol Bay+The\nAlaska Peninsula Waters and the Aleutian Islands up to 100 nm out.\n\nWind forecasts reflect the predominant speed and direction\nexpected. Sea forecasts represent an average of the highest\none-third of the combined wind wave and swell height.\n\n.TODAY...S wind 25 kt. Seas 14 ft. Rain showers.\n.TONIGHT...SW wind 30 kt. Seas 16 ft. Rain showers.\n.SAT...SW wind 30 kt. Seas 18 ft. Rain showers.\n.SAT NIGHT...SW wind 30 kt. Seas 19 ft.\n.SUN THROUGH MON...NW wind 30 kt. Seas 12 ft.\n.TUE...W wind 20 kt. Seas 9 ft.",
        "instruction": null,
        "response": "Avoid",
        "note": null,
        "parameters": {
          "AWIPSidentifier": [
            "CWFALU"
          ],
          "WMOidentifier": [
            "FZAK52 PAFC 251309"
          ],
          "NWSheadline": [
            "SMALL CRAFT ADVISORY THROUGH SATURDAY"
          ],
          "BLOCKCHANNEL": [
            "EAS",
            "NWEM",
            "CMAS"
          ],
          "VTEC": [
            "/O.NEW.PAFC.SC.Y.4718.260925T1300Z-260927T0100Z/"
          ],
          "eventEndingTime": [
            "2026-09-26T17:00:00-08:00"
          ]
        },
        "scope": "Public",
        "code": "IPAWSv1.0",
        "language": "en-US",
        "web": "http://www.weather.gov",
        "eventCode": {
          "SAME": [
            "NWS"
          ],
          "NationalWeatherService": [
            "SCY"
          ]
        }
      }
    },
    {
      "id": "https://api.weather.gov/alerts/urn:oid:2.49.0.1.840.0.955c1da0b59e6943735645f3a7f166f7ce1b8f58.007.1",
      "type": "Feature",
      "geometry": null,
      "properties": {
        "@id": "https://api.weather.gov/alerts/urn:oid:2.49.0.1.840.0.955c1da0b59e6943735645f3a7f166f7ce1b8f58.007.1",
        "@type": "wx:Alert",
        "id": "urn:oid:2.49.0.1.840.0.955c1da0b59e6943735645f3a7f166f7ce1b8f58.007.1",
        "areaDesc": "Cape Tolstoi to Unalga Pass from 15 to 100 NM",
        "geocode": {
          "SAME": [
            "058755"
          ],
          "UGC": [
            "PKZ755"
          ]
        },
        "affectedZones": [
          "https://api.weather.gov/zones/forecast/PKZ755"
        ],
        "references": [],
        "sent": "2026-09-25T05:09:00-08:00",
        "effective": "2026-09-25T05:09:00-08:00",
        "onset": "2026-09-25T05:00:00-08:00",
        "expires": "2026-09-25T17:30:00-08:00",
        "ends": "2026-09-26T17:00:00-08:00",
        "status": "Actual",
        "messageType": "Alert",
        "category": "Met",
        "severity": "Moderate",
        "certainty": "Likely",
        "urgency": "Expected",
        "event": "Gale Warning",
        "sender": "w-nws.webmaster@noaa.gov",
        "senderName": "NWS Anchorage AK",
        "headline": "Gale Warning issued September 25 at 5:09AM AKDT until September 26 at 5:00PM AKDT by NWS Anchorage AK",
        "description": "Coastal Waters Forecast for Southwest Alaska+Bristol Bay+The\nAlaska Peninsula Waters and the Aleutian Islands up to 100 nm out.\n\nWind forecasts reflect the predominant speed and direction\nexpected. Sea forecasts represent an average of the highest\none-third of the combined wind wave and swell height.\n\n.TODAY...SW wind 40 kt. Seas 24 ft. Rain showers.\n.TONIGHT...SW wind 45 kt. Seas 24 ft. Rain showers.\n.SAT...SW wind 40 kt. Seas 24 ft.\n.SAT NIGHT...W wind 35 kt. Seas 21 ft.\n.SUN THROUGH MON...NW wind 30 kt. Seas 12 ft.\n.TUE...W wind 20 kt. Seas 6 ft.",
        "instruction": null,
        "response": "Avoid",
        "note": null,
        "parameters": {
          "AWIPSidentifier": [
            "CWFALU"
          ],
          "WMOidentifier": [
            "FZAK52 PAFC 251309"
          ],
          "NWSheadline": [
            "GALE WARNING THROUGH SATURDAY"
          ],
          "BLOCKCHANNEL": [
            "EAS",
            "NWEM",
            "CMAS"
          ],
          "VTEC": [
            "/O.NEW.PAFC.GL.W.4722.260925T1300Z-260927T0100Z/"
          ],
          "eventEndingTime": [
            "2026-09-26T17:00:00-08:00"
          ]
        },
        "scope": "Public",
        "code": "IPAWSv1.0",
        "language": "en-US",
        "web": "http://www.weather.gov",
        "eventCode": {
          "SAME": [
            "NWS"
          ],
          "NationalWeatherService": [
            "GLW"
          ]
        }
      }
    },
    {
      "id": "https://api.weather.gov/alerts/urn:oid:2.49.0.1.840.0.955c1da0b59e6943735645f3a7f166f7ce1b8f58.004.1",
      "type": "Feature",
      "geometry": null,
      "properties": {
        "@id": "https://api.weather.gov/alerts/urn:oid:2.49.0.1.840.0.955c1da0b59e6943735645f3a7f166f7ce1b8f58.004.1",
        "@type": "wx:Alert",
        "id": "urn:oid:2.49.0.1.840.0.955c1da0b59e6943735645f3a7f166f7ce1b8f58.004.1",
        "areaDesc": "Castle Cape to Cape Tolstoi out to 15 NM",
        "geocode": {
          "SAME": [
            "058752"
          ],
          "UGC": [
            "PKZ752"
          ]
        },
        "affectedZones": [
          "https://api.weather.gov/zones/forecast/PKZ752"
        ],
        "references": [],
        "sent": "2026-09-25T05:09:00-08:00",
        "effective": "2026-09-25T05:09:00-08:00",
        "onset": "2026-09-26T05:00:00-08:00",
        "expires": "2026-09-25T17:30:00-08:00",
        "ends": "2026-09-26T17:00:00-08:00",
        "status": "Actual",
        "messageType": "Alert",
        "category": "Met",
        "severity": "Moderate",
        "certainty": "Likely",
        "urgency": "Expected",
        "event": "Gale Warning",
        "sender": "w-nws.webmaster@noaa.gov",
        "senderName": "NWS Anchorage AK",
        "headline": "Gale Warning issued September 25 at 5:09AM AKDT until September 26 at 5:00PM AKDT by NWS Anchorage AK",
        "description": "Coastal Waters Forecast for Southwest Alaska+Bristol Bay+The\nAlaska Peninsula Waters and the Aleutian Islands up to 100 nm out.\n\nWind forecasts reflect the predominant speed and direction\nexpected. Sea forecasts represent an average of the highest\none-third of the combined wind wave and swell height.\n\n.TODAY...SW wind 25 kt. Seas 8 ft. Rain showers.\n.TONIGHT...SW wind 30 kt. Seas 9 ft. Rain showers.\n.SAT...SW wind 35 kt. Seas 11 ft. Rain showers.\n.SAT NIGHT...SW wind 30 kt. Seas 10 ft.\n.SUN THROUGH MON...NW wind 30 kt. Seas 6 ft.\n.TUE...W wind 15 kt. Seas 4 ft.",
        "instruction": null,
        "response": "Avoid",
        "note": null,
        "parameters": {
          "AWIPSidentifier": [
            "CWFALU"
          ],
          "WMOidentifier": [
            "FZAK52 PAFC 251309"
          ],
          "NWSheadline": [
            "GALE WARNING SATURDAY"
          ],
          "BLOCKCHANNEL": [
            "EAS",
            "NWEM",
            "CMAS"
          ],
          "VTEC": [
            "/O.NEW.PAFC.GL.W.4719.260926T1300Z-260927T0100Z/"
          ],
          "eventEndingTime": [
            "2026-09-26T17:00:00-08:00"
          ]
        },
        "scope": "Public",
        "code": "IPAWSv1.0",
        "language": "en-US",
        "web": "http://www.weather.gov",
        "eventCode": {
          "SAME": [
            "NWS"
          ],
          "NationalWeatherService": [
            "GLW"
          ]
        }
      }
    },
    {
      "id": "https://api.weather.gov/alerts/urn:oid:2.49.0.1.840.0.955c1da0b59e6943735645f3a7f166f7ce1b8f58.002.1",
      "type": "Feature",
      "geometry": null,
      "properties": {
        "@id": "https://api.weather.gov/alerts/urn:oid:2.49.0.1.840.0.955c1da0b59e6943735645f3a7f166f7ce1b8f58.002.1",
        "@type": "wx:Alert",
        "id": "urn:oid:2.49.0.1.840.0.955c1da0b59e6943735645f3a7f166f7ce1b8f58.002.1",
        "areaDesc": "Sitkinak to Castle Cape out to 15 NM",
        "geocode": {
          "SAME": [
            "058750"
          ],
          "UGC": [
            "PKZ750"
          ]
        },
        "affectedZones": [
          "https://api.weather.gov/zones/forecast/PKZ750"
        ],
        "references": [],
        "sent": "2026-09-25T05:09:00-08:00",
        "effective": "2026-09-25T05:09:00-08:00",
        "onset": "2026-09-25T05:00:00-08:00",
        "expires": "2026-09-25T17:30:00-08:00",
        "ends": "2026-09-26T17:00:00-08:00",
        "status": "Actual",
        "messageType": "Alert",
        "category": "Met",
        "severity": "Minor",
        "certainty": "Likely",
        "urgency": "Expected",
        "event": "Small Craft Advisory",
        "sender": "w-nws.webmaster@noaa.gov",
        "senderName": "NWS Anchorage AK",
        "headline": "Small Craft Advisory issued September 25 at 5:09AM AKDT until September 26 at 5:00PM AKDT by NWS Anchorage AK",
        "description": "Coastal Waters Forecast for Southwest Alaska+Bristol Bay+The\nAlaska Peninsula Waters and the Aleutian Islands up to 100 nm out.\n\nWind forecasts reflect the predominant speed and direction\nexpected. Sea forecasts represent an average of the highest\none-third of the combined wind wave and swell height.\n\n.TODAY...S wind 25 kt. Seas 8 ft. Rain showers.\n.TONIGHT...S wind 30 kt. Seas 8 ft. Rain showers.\n.SAT...SW wind 30 kt. Seas 11 ft. Rain showers.\n.SAT NIGHT...SW wind 30 kt. Seas 11 ft.\n.SUN THROUGH MON...NW wind 25 kt. Seas 7 ft.\n.TUE...W wind 20 kt. Seas 5 ft.",
        "instruction": null,
        "response": "Avoid",
        "note": null,
        "parameters": {
          "AWIPSidentifier": [
            "CWFALU"
          ],
          "WMOidentifier": [
            "FZAK52 PAFC 251309"
          ],
          "NWSheadline": [
            "SMALL CRAFT ADVISORY THROUGH SATURDAY"
          ],
          "BLOCKCHANNEL": [
            "EAS",
            "NWEM",
            "CMAS"
          ],
          "VTEC": [
            "/O.NEW.PAFC.SC.Y.4717.260925T1300Z-260927T0100Z/"
          ],
          "eventEndingTime": [
            "2026-09-26T17:00:00-08:00"
          ]
        },
        "scope": "Public",
        "code": "IPAWSv1.0",
        "language": "en-US",
        "web": "http://www.weather.gov",
        "eventCode": {
          "SAME": [
            "NWS"
          ],
          "NationalWeatherService": [
            "SCY"
          ]
        }
      }
    },
    {
      "id": "https://api.weather.gov/alerts/urn:oid:2.49.0.1.840.0.955c1da0b59e6943735645f3a7f166f7ce1b8f58.021.1",
      "type": "Feature",
      "geometry": null,
      "properties": {
        "@id": "https://api.weather.gov/alerts/urn:oid:2.49.0.1.840.0.955c1da0b59e6943735645f3a7f166f7ce1b8f58.021.1",
        "@type": "wx:Alert",
        "id": "urn:oid:2.49.0.1.840.0.955c1da0b59e6943735645f3a7f166f7ce1b8f58.021.1",
        "areaDesc": "Nikolski to Seguam Pacific Side from 15 to 75 NM",
        "geocode": {
          "SAME": [
            "058778"
          ],
          "UGC": [
            "PKZ778"
          ]
        },
        "affectedZones": [
          "https://api.weather.gov/zones/forecast/PKZ778"
        ],
        "references": [],
        "sent": "2026-09-25T05:09:00-08:00",
        "effective": "2026-09-25T05:09:00-08:00",
        "onset": "2026-09-25T05:00:00-08:00",
        "expires": "2026-09-25T17:30:00-08:00",
        "ends": "2026-09-26T17:00:00-08:00",
        "status": "Actual",
        "messageType": "Alert",
        "category": "Met",
        "severity": "Moderate",
        "certainty": "Likely",
        "urgency": "Expected",
        "event": "Gale Warning",
        "sender": "w-nws.webmaster@noaa.gov",
        "senderName": "NWS Anchorage AK",
        "headline": "Gale Warning issued September 25 at 5:09AM AKDT until September 26 at 5:00PM AKDT by NWS Anchorage AK",
        "description": "Coastal Waters Forecast for Southwest Alaska+Bristol Bay+The\nAlaska Peninsula Waters and the Aleutian Islands up to 100 nm out.\n\nWind forecasts reflect the predominant speed and direction\nexpected. Sea forecasts represent an average of the highest\none-third of the combined wind wave and swell height.\n\n.TODAY...SW wind 40 kt. Seas 28 ft.\n.TONIGHT...W wind 45 kt. Seas 24 ft.\n.SAT...W wind 40 kt diminishing to 30 kt in the afternoon. Seas\n22 ft.\n.SAT NIGHT...W wind 30 kt. Seas 14 ft.\n.SUN...NW wind 25 kt. Seas 9 ft.\n.MON THROUGH TUE...W wind 20 kt. Seas 7 ft.",
        "instruction": null,
        "response": "Avoid",
        "note": null,
        "parameters": {
          "AWIPSidentifier": [
            "CWFALU"
          ],
          "WMOidentifier": [
            "FZAK52 PAFC 251309"
          ],
          "NWSheadline": [
            "GALE WARNING THROUGH SATURDAY"
          ],
          "BLOCKCHANNEL": [
            "EAS",
            "NWEM",
            "CMAS"
          ],
          "VTEC": [
            "/O.NEW.PAFC.GL.W.4736.260925T1300Z-260927T0100Z/"
          ],
          "eventEndingTime": [
            "2026-09-26T17:00:00-08:00"
          ]
        },
        "scope": "Public",
        "code": "IPAWSv1.0",
        "language": "en-US",
        "web": "http://www.weather.gov",
        "eventCode": {
          "SAME": [
            "NWS"
          ],
          "NationalWeatherService": [
            "GLW"
          ]
        }
      }
    },
    {
      "id": "https://api.weather.gov/alerts/urn:oid:2.49.0.1.840.0.955c1da0b59e6943735645f3a7f166f7ce1b8f58.010.1",
      "type": "Feature",
      "geometry": null,
      "properties": {
        "@id": "https://api.weather.gov/alerts/urn:oid:2.49.0.1.840.0.955c1da0b59e6943735645f3a7f166f7ce1b8f58.010.1",
        "@type": "wx:Alert",
        "id": "urn:oid:2.49.0.1.840.0.955c1da0b59e6943735645f3a7f166f7ce1b8f58.010.1",
        "areaDesc": "Nelson Lagoon to Cape Sarichef out to 15 NM",
        "geocode": {
          "SAME": [
            "058758"
          ],
          "UGC": [
            "PKZ758"
          ]
        },
        "affectedZones": [
          "https://api.weather.gov/zones/forecast/PKZ758"
        ],
        "references": [],
        "sent": "2026-09-25T05:09:00-08:00",
        "effective": "2026-09-25T05:09:00-08:00",
        "onset": "2026-09-25T05:00:00-08:00",
        "expires": "2026-09-25T17:30:00-08:00",
        "ends": "2026-09-26T17:00:00-08:00",
        "status": "Actual",
        "messageType": "Alert",
        "category": "Met",
        "severity": "Moderate",
        "certainty": "Likely",
        "urgency": "Expected",
        "event": "Gale Warning",
        "sender": "w-nws.webmaster@noaa.gov",
        "senderName": "NWS Anchorage AK",
        "headline": "Gale Warning issued September 25 at 5:09AM AKDT until September 26 at 5:00PM AKDT by NWS Anchorage AK",
        "description": "Coastal Waters Forecast for Southwest Alaska+Bristol Bay+The\nAlaska Peninsula Waters and the Aleutian Islands up to 100 nm out.\n\nWind forecasts reflect the predominant speed and direction\nexpected. Sea forecasts represent an average of the highest\none-third of the combined wind wave and swell height.\n\n.TODAY...SW wind 35 kt. Seas 16 ft. Rain showers.\n.TONIGHT...S wind 30 kt becoming SW 40 kt after midnight. Seas\n17 ft. Rain showers.\n.SAT...SW wind 40 kt. Seas 20 ft. Rain showers.\n.SAT NIGHT...W wind 35 kt. Seas 16 ft.\n.SUN THROUGH MON...NW wind 30 kt. Seas 13 ft.\n.TUE...W wind 20 kt. Seas 7 ft.",
        "instruction": null,
        "response": "Avoid",
        "note": null,
        "parameters": {
          "AWIPSidentifier": [
            "CWFALU"
          ],
          "WMOidentifier": [
            "FZAK52 PAFC 251309"
          ],
          "NWSheadline": [
            "GALE WARNING THROUGH SATURDAY"
          ],
          "BLOCKCHANNEL": [
            "EAS",
            "NWEM",
            "CMAS"
          ],
          "VTEC": [
            "/O.NEW.PAFC.GL.W.4725.260925T1300Z-260927T0100Z/"
          ],
          "eventEndingTime": [
            "2026-09-26T17:00:00-08:00"
          ]
        },
        "scope": "Public",
        "code": "IPAWSv1.0",
        "language": "en-US",
        "web": "http://www.weather.gov",
        "eventCode": {
          "SAME": [
            "NWS"
          ],
          "NationalWeatherService": [
            "GLW"
          ]
        }
      }
    },
    {
      "id": "https://api.weather.gov/alerts/urn:oid:2.49.0.1.840.0.955c1da0b59e6943735645f3a7f166f7ce1b8f58.016.1",
      "type": "Feature",
      "geometry": null,
      "properties": {
        "@id": "https://api.weather.gov/alerts/urn:oid:2.49.0.1.840.0.955c1da0b59e6943735645f3a7f166f7ce1b8f58.016.1",
        "@type": "wx:Alert",
        "id": "urn:oid:2.49.0.1.840.0.955c1da0b59e6943735645f3a7f166f7ce1b8f58.016.1",
        "areaDesc": "Unalga Pass to Nikolski Pacific Side out to 15 NM",
        "geocode": {
          "SAME": [
            "058773"
          ],
          "UGC": [
            "PKZ773"
          ]
        },
        "affectedZones": [
          "https://api.weather.gov/zones/forecast/PKZ773"
        ],
        "references": [],
        "sent": "2026-09-25T05:09:00-08:00",
        "effective": "2026-09-25T05:09:00-08:00",
        "onset": "2026-09-25T05:00:00-08:00",
        "expires": "2026-09-25T17:30:00-08:00",
        "ends": "2026-09-26T17:00:00-08:00",
        "status": "Actual",
        "messageType": "Alert",
        "category": "Met",
        "severity": "Moderate",
        "certainty": "Likely",
        "urgency": "Expected",
        "event": "Gale Warning",
        "sender": "w-nws.webmaster@noaa.gov",
        "senderName": "NWS Anchorage AK",
        "headline": "Gale Warning issued September 25 at 5:09AM AKDT until September 26 at 5:00PM AKDT by NWS Anchorage AK",
        "description": "Coastal Waters Forecast for Southwest Alaska+Bristol Bay+The\nAlaska Peninsula Waters and the Aleutian Islands up to 100 nm out.\n\nWind forecasts reflect the predominant speed and direction\nexpected. Sea forecasts represent an average of the highest\none-third of the combined wind wave and swell height.\n\n.TODAY...SW wind 45 kt. Seas 21 ft. Rain showers.\n.TONIGHT...SW wind 45 kt. Seas 21 ft. Rain showers.\n.SAT...W wind 40 kt. Seas 19 ft.\n.SAT NIGHT...W wind 30 kt. Seas 12 ft.\n.SUN...NW wind 25 kt. Seas 8 ft.\n.MON THROUGH TUE...W wind 20 kt. Seas 5 ft.",
        "instruction": null,
        "response": "Avoid",
        "note": null,
        "parameters": {
          "AWIPSidentifier": [
            "CWFALU"
          ],
          "WMOidentifier": [
            "FZAK52 PAFC 251309"
          ],
          "NWSheadline": [
            "GALE WARNING THROUGH SATURDAY"
          ],
          "BLOCKCHANNEL": [
            "EAS",
            "NWEM",
            "CMAS"
          ],
          "VTEC": [
            "/O.NEW.PAFC.GL.W.4731.260925T1300Z-260927T0100Z/"
          ],
          "eventEndingTime": [
            "2026-09-26T17:00:00-08:00"
          ]
        },
        "scope": "Public",
        "code": "IPAWSv1.0",
        "language": "en-US",
        "web": "http://www.weather.gov",
        "eventCode": {
          "SAME": [
            "NWS"
          ],
          "NationalWeatherService": [
            "GLW"
          ]
        }
      }
    },
    {
      "id": "https://api.weather.gov/alerts/urn:oid:2.49.0.1.840.0.955c1da0b59e6943735645f3a7f166f7ce1b8f58.022.1",
      "type": "Feature",
      "geometry": null,
      "properties": {
        "@id": "https://api.weather.gov/alerts/urn:oid:2.49.0.1.840.0.955c1da0b59e6943735645f3a7f166f7ce1b8f58.022.1",
        "@type": "wx:Alert",
        "id": "urn:oid:2.49.0.1.840.0.955c1da0b59e6943735645f3a7f166f7ce1b8f58.022.1",
        "areaDesc": "Seguam to Adak Bering Side out to 15 NM",
        "geocode": {
          "SAME": [
            "058780"
          ],
          "UGC": [
            "PKZ780"
          ]
        },
        "affectedZones": [
          "https://api.weather.gov/zones/forecast/PKZ780"
        ],
        "references": [],
        "sent": "2026-09-25T05:09:00-08:00",
        "effective": "2026-09-25T05:09:00-08:00",
        "onset": "2026-09-25T05:00:00-08:00",
        "expires": "2026-09-25T17:30:00-08:00",
        "ends": "2026-09-26T17:00:00-08:00",
        "status": "Actual",
        "messageType": "Alert",
        "category": "Met",
        "severity": "Moderate",
        "certainty": "Likely",
        "urgency": "Expected",
        "event": "Gale Warning",
        "sender": "w-nws.webmaster@noaa.gov",
        "senderName": "NWS Anchorage AK",
        "headline": "Gale Warning issued September 25 at 5:09AM AKDT until September 26 at 5:00PM AKDT by NWS Anchorage AK",
        "description": "Coastal Waters Forecast for Southwest Alaska+Bristol Bay+The\nAlaska Peninsula Waters and the Aleutian Islands up to 100 nm out.\n\nWind forecasts reflect the predominant speed and direction\nexpected. Sea forecasts represent an average of the highest\none-third of the combined wind wave and swell height.\n\n.TODAY...SW wind 40 kt. Seas 18 ft.\n.TONIGHT...W wind 45 kt. Seas 18 ft.\n.SAT...W wind 35 kt. Seas 15 ft.\n.SAT NIGHT...W wind 25 kt. Seas 9 ft.\n.SUN THROUGH MON...W wind 20 kt. Seas 7 ft.\n.TUE...SW wind 20 kt. Seas 5 ft.",
        "instruction": null,
        "response": "Avoid",
        "note": null,
        "parameters": {
          "AWIPSidentifier": [
            "CWFALU"
          ],
          "WMOidentifier": [
            "FZAK52 PAFC 251309"
          ],
          "NWSheadline": [
            "GALE WARNING THROUGH SATURDAY"
          ],
          "BLOCKCHANNEL": [
            "EAS",
            "NWEM",
            "CMAS"
          ],
          "VTEC": [
            "/O.NEW.PAFC.GL.W.4737.260925T1300Z-260927T0100Z/"
          ],
          "eventEndingTime": [
            "2026-09-26T17:00:00-08:00"
          ]
        },
        "scope": "Public",
        "code": "IPAWSv1.0",
        "language": "en-US",
        "web": "http://www.weather.gov",
        "eventCode": {
          "SAME": [
            "NWS"
          ],
          "NationalWeatherService": [
            "GLW"
          ]
        }
      }
    },
    {
      "id": "https://api.weather.gov/alerts/urn:oid:2.49.0.1.840.0.955c1da0b59e6943735645f3a7f166f7ce1b8f58.014.1",
      "type": "Feature",
      "geometry": null,
      "properties": {
        "@id": "https://api.weather.gov/alerts/urn:oid:2.49.0.1.840.0.955c1da0b59e6943735645f3a7f166f7ce1b8f58.014.1",
        "@type": "wx:Alert",
        "id": "urn:oid:2.49.0.1.840.0.955c1da0b59e6943735645f3a7f166f7ce1b8f58.014.1",
        "areaDesc": "Unalga Pass to Nikolski Bering Side from 15 to 85 NM",
        "geocode": {
          "SAME": [
            "058772"
          ],
          "UGC": [
            "PKZ772"
          ]
        },
        "affectedZones": [
          "https://api.weather.gov/zones/forecast/PKZ772"
        ],
        "references": [],
        "sent": "2026-09-25T05:09:00-08:00",
        "effective": "2026-09-25T05:09:00-08:00",
        "onset": "2026-09-25T05:00:00-08:00",
        "expires": "2026-09-25T17:30:00-08:00",
        "ends": "2026-09-26T17:00:00-08:00",
        "status": "Actual",
        "messageType": "Alert",
        "category": "Met",
        "severity": "Moderate",
        "certainty": "Likely",
        "urgency": "Expected",
        "event": "Gale Warning",
        "sender": "w-nws.webmaster@noaa.gov",
        "senderName": "NWS Anchorage AK",
        "headline": "Gale Warning issued September 25 at 5:09AM AKDT until September 26 at 5:00PM AKDT by NWS Anchorage AK",
        "description": "Coastal Waters Forecast for Southwest Alaska+Bristol Bay+The\nAlaska Peninsula Waters and the Aleutian Islands up to 100 nm out.\n\nWind forecasts reflect the predominant speed and direction\nexpected. Sea forecasts represent an average of the highest\none-third of the combined wind wave and swell height.\n\n.TODAY...SW wind 45 kt. Seas 26 ft. Rain showers.\n.TONIGHT...SW wind 45 kt. Seas 26 ft. Rain showers.\n.SAT...W wind 40 kt. Seas 25 ft subsiding to 19 ft in the\nafternoon. Rain showers.\n.SAT NIGHT...W wind 30 kt. Seas 16 ft.\n.SUN THROUGH MON...W wind 25 kt. Seas 11 ft.\n.TUE...W wind 20 kt. Seas 7 ft.",
        "instruction": null,
        "response": "Avoid",
        "note": null,
        "parameters": {
          "AWIPSidentifier": [
            "CWFALU"
          ],
          "WMOidentifier": [
            "FZAK52 PAFC 251309"
          ],
          "NWSheadline": [
            "GALE WARNING THROUGH SATURDAY"
          ],
          "BLOCKCHANNEL": [
            "EAS",
            "NWEM",
            "CMAS"
          ],
          "VTEC": [
            "/O.NEW.PAFC.GL.W.4729.260925T1300Z-260927T0100Z/"
          ],
          "eventEndingTime": [
            "2026-09-26T17:00:00-08:00"
          ]
        },
        "scope": "Public",
        "code": "IPAWSv1.0",
        "language": "en-US",
        "web": "http://www.weather.gov",
        "eventCode": {
          "SAME": [
            "NWS"
          ],
          "NationalWeatherService": [
            "GLW"
          ]
        }
      }
    },
    {
      "id": "https://api.weather.gov/alerts/urn:oid:2.49.0.1.840.0.955c1da0b59e6943735645f3a7f166f7ce1b8f58.031.1",
      "type": "Feature",
      "geometry": null,
      "properties": {
        "@id": "https://api.weather.gov/alerts/urn:oid:2.49.0.1.840.0.955c1da0b59e6943735645f3a7f166f7ce1b8f58.031.1",
        "@type": "wx:Alert",
        "id": "urn:oid:2.49.0.1.840.0.955c1da0b59e6943735645f3a7f166f7ce1b8f58.031.1",
        "areaDesc": "Bristol Bay greater than 15 NM",
        "geocode": {
          "SAME": [
            "058760"
          ],
          "UGC": [
            "PKZ760"
          ]
        },
        "affectedZones": [
          "https://api.weather.gov/zones/forecast/PKZ760"
        ],
        "references": [],
        "sent": "2026-09-25T05:09:00-08:00",
        "effective": "2026-09-25T05:09:00-08:00",
        "onset": "2026-09-25T05:00:00-08:00",
        "expires": "2026-09-25T17:30:00-08:00",
        "ends": "2026-09-26T17:00:00-08:00",
        "status": "Actual",
        "messageType": "Alert",
        "category": "Met",
        "severity": "Minor",
        "certainty": "Likely",
        "urgency": "Expected",
        "event": "Small Craft Advisory",
        "sender": "w-nws.webmaster@noaa.gov",
        "senderName": "NWS Anchorage AK",
        "headline": "Small Craft Advisory issued September 25 at 5:09AM AKDT until September 26 at 5:00PM AKDT by NWS Anchorage AK",
        "description": "Coastal Waters Forecast for Southwest Alaska+Bristol Bay+The\nAlaska Peninsula Waters and the Aleutian Islands up to 100 nm out.\n\nWind forecasts reflect the predominant speed and direction\nexpected. Sea forecasts represent an average of the highest\none-third of the combined wind wave and swell height.\n\n.TODAY...SE wind 30 kt. Seas 9 ft. Rain showers.\n.TONIGHT...S wind 25 kt. Seas 10 ft. Rain showers.\n.SAT...S wind 30 kt. Seas 12 ft. Rain showers.\n.SAT NIGHT...SW wind 30 kt. Seas 13 ft.\n.SUN THROUGH MON...NW wind 25 kt. Seas 9 ft.\n.TUE...NW wind 20 kt. Seas 7 ft.",
        "instruction": null,
        "response": "Avoid",
        "note": null,
        "parameters": {
          "AWIPSidentifier": [
            "CWFALU"
          ],
          "WMOidentifier": [
            "FZAK52 PAFC 251309"
          ],
          "NWSheadline": [
            "SMALL CRAFT ADVISORY THROUGH SATURDAY"
          ],
          "BLOCKCHANNEL": [
            "EAS",
            "NWEM",
            "CMAS"
          ],
          "VTEC": [
            "/O.NEW.PAFC.SC.Y.4746.260925T1300Z-260927T0100Z/"
          ],
          "eventEndingTime": [
            "2026-09-26T17:00:00-08:00"
          ]
        },
        "scope": "Public",
        "code": "IPAWSv1.0",
        "language": "en-US",
        "web": "http://www.weather.gov",
        "eventCode": {
          "SAME": [
            "NWS"
          ],
          "NationalWeatherService": [
            "SCY"
          ]
        }
      }
    },
    {
      "id": "https://api.weather.gov/alerts/urn:oid:2.49.0.1.840.0.955c1da0b59e6943735645f3a7f166f7ce1b8f58.013.1",
      "type": "Feature",
      "geometry": null,
      "properties": {
        "@id": "https://api.weather.gov/alerts/urn:oid:2.49.0.1.840.0.955c1da0b59e6943735645f3a7f166f7ce1b8f58.013.1",
        "@type": "wx:Alert",
        "id": "urn:oid:2.49.0.1.840.0.955c1da0b59e6943735645f3a7f166f7ce1b8f58.013.1",
        "areaDesc": "Unalga Pass to Nikolski Bering Side out to 15 NM",
        "geocode": {
          "SAME": [
            "058770"
          ],
          "UGC": [
            "PKZ770"
          ]
        },
        "affectedZones": [
          "https://api.weather.gov/zones/forecast/PKZ770"
        ],
        "references": [],
        "sent": "2026-09-25T05:09:00-08:00",
        "effective": "2026-09-25T05:09:00-08:00",
        "onset": "2026-09-25T05:00:00-08:00",
        "expires": "2026-09-25T17:30:00-08:00",
        "ends": "2026-09-26T17:00:00-08:00",
        "status": "Actual",
        "messageType": "Alert",
        "category": "Met",
        "severity": "Moderate",
        "certainty": "Likely",
        "urgency": "Expected",
        "event": "Gale Warning",
        "sender": "w-nws.webmaster@noaa.gov",
        "senderName": "NWS Anchorage AK",
        "headline": "Gale Warning issued September 25 at 5:09AM AKDT until September 26 at 5:00PM AKDT by NWS Anchorage AK",
        "description": "Coastal Waters Forecast for Southwest Alaska+Bristol Bay+The\nAlaska Peninsula Waters and the Aleutian Islands up to 100 nm out.\n\nWind forecasts reflect the predominant speed and direction\nexpected. Sea forecasts represent an average of the highest\none-third of the combined wind wave and swell height.\n\n.TODAY...SW wind 45 kt. Seas 22 ft. Rain showers.\n.TONIGHT...SW wind 45 kt. Seas 22 ft. Rain showers.\n.SAT...W wind 40 kt. Seas 22 ft. Rain showers.\n.SAT NIGHT...W wind 30 kt. Seas 14 ft.\n.SUN THROUGH MON...W wind 25 kt. Seas 10 ft.\n.TUE...W wind 20 kt. Seas 5 ft.",
        "instruction": null,
        "response": "Avoid",
        "note": null,
        "parameters": {
          "AWIPSidentifier": [
            "CWFALU"
          ],
          "WMOidentifier": [
            "FZAK52 PAFC 251309"
          ],
          "NWSheadline": [
            "GALE WARNING THROUGH SATURDAY"
          ],
          "BLOCKCHANNEL": [
            "EAS",
            "NWEM",
            "CMAS"
          ],
          "VTEC": [
            "/O.NEW.PAFC.GL.W.4728.260925T1300Z-260927T0100Z/"
          ],
          "eventEndingTime": [
            "2026-09-26T17:00:00-08:00"
          ]
        },
        "scope": "Public",
        "code": "IPAWSv1.0",
        "language": "en-US",
        "web": "http://www.weather.gov",
        "eventCode": {
          "SAME": [
            "NWS"
          ],
          "NationalWeatherService": [
            "GLW"
          ]
        }
      }
    },
    {
      "id": "https://api.weather.gov/alerts/urn:oid:2.49.0.1.840.0.955c1da0b59e6943735645f3a7f166f7ce1b8f58.036.1",
      "type": "Feature",
      "geometry": null,
      "properties": {
        "@id": "https://api.weather.gov/alerts/urn:oid:2.49.0.1.840.0.955c1da0b59e6943735645f3a7f166f7ce1b8f58.036.1",
        "@type": "wx:Alert",
        "id": "urn:oid:2.49.0.1.840.0.955c1da0b59e6943735645f3a7f166f7ce1b8f58.036.1",
        "areaDesc": "North and West of Nunivak Island",
        "geocode": {
          "SAME": [
            "058765"
          ],
          "UGC": [
            "PKZ765"
          ]
        },
        "affectedZones": [
          "https://api.weather.gov/zones/forecast/PKZ765"
        ],
        "references": [],
        "sent": "2026-09-25T05:09:00-08:00",
        "effective": "2026-09-25T05:09:00-08:00",
        "onset": "2026-09-25T05:00:00-08:00",
        "expires": "2026-09-25T17:30:00-08:00",
        "ends": "2026-09-26T17:00:00-08:00",
        "status": "Actual",
        "messageType": "Alert",
        "category": "Met",
        "severity": "Minor",
        "certainty": "Likely",
        "urgency": "Expected",
        "event": "Small Craft Advisory",
        "sender": "w-nws.webmaster@noaa.gov",
        "senderName": "NWS Anchorage AK",
        "headline": "Small Craft Advisory issued September 25 at 5:09AM AKDT until September 26 at 5:00PM AKDT by NWS Anchorage AK",
        "description": "Coastal Waters Forecast for Southwest Alaska+Bristol Bay+The\nAlaska Peninsula Waters and the Aleutian Islands up to 100 nm out.\n\nWind forecasts reflect the predominant speed and direction\nexpected. Sea forecasts represent an average of the highest\none-third of the combined wind wave and swell height.\n\n.TODAY...E wind 30 kt. Seas 13 ft. Rain showers.\n.TONIGHT...E wind 30 kt. Seas 10 ft. Rain showers.\n.SAT...NE wind 20 kt. Seas 9 ft.\n.SAT NIGHT...N wind 25 kt. Seas 7 ft.\n.SUN...NW wind 25 kt. Seas 9 ft.\n.MON THROUGH TUE...N wind 20 kt. Seas 7 ft.",
        "instruction": null,
        "response": "Avoid",
        "note": null,
        "parameters": {
          "AWIPSidentifier": [
            "CWFALU"
          ],
          "WMOidentifier": [
            "FZAK52 PAFC 251309"
          ],
          "NWSheadline": [
            "SMALL CRAFT ADVISORY THROUGH SATURDAY"
          ],
          "BLOCKCHANNEL": [
            "EAS",
            "NWEM",
            "CMAS"
          ],
          "VTEC": [
            "/O.NEW.PAFC.SC.Y.4752.260925T1300Z-260927T0100Z/"
          ],
          "eventEndingTime": [
            "2026-09-26T17:00:00-08:00"
          ]
        },
        "scope": "Public",
        "code": "IPAWSv1.0",
        "language": "en-US",
        "web": "http://www.weather.gov",
        "eventCode": {
          "SAME": [
            "NWS"
          ],
          "NationalWeatherService": [
            "SCY"
          ]
        }
      }
    },
    {
      "id": "https://api.weather.gov/alerts/urn:oid:2.49.0.1.840.0.955c1da0b59e6943735645f3a7f166f7ce1b8f58.037.1",
      "type": "Feature",
      "geometry": null,
      "properties": {
        "@id": "https://api.weather.gov/alerts/urn:oid:2.49.0.1.840.0.955c1da0b59e6943735645f3a7f166f7ce1b8f58.037.1",
        "@type": "wx:Alert",
        "id": "urn:oid:2.49.0.1.840.0.955c1da0b59e6943735645f3a7f166f7ce1b8f58.037.1",
        "areaDesc": "Saint Matthew Island Waters",
        "geocode": {
          "SAME": [
            "058767"
          ],
          "UGC": [
            "PKZ767"
          ]
        },
        "affectedZones": [
          "https://api.weather.gov/zones/forecast/PKZ767"
        ],
        "references": [],
        "sent": "2026-09-25T05:09:00-08:00",
        "effective": "2026-09-25T05:09:00-08:00",
        "onset": "2026-09-25T05:00:00-08:00",
        "expires": "2026-09-25T17:30:00-08:00",
        "ends": "2026-09-26T17:00:00-08:00",
        "status": "Actual",
        "messageType": "Alert",
        "category": "Met",
        "severity": "Minor",
        "certainty": "Likely",
        "urgency": "Expected",
        "event": "Small Craft Advisory",
        "sender": "w-nws.webmaster@noaa.gov",
        "senderName": "NWS Anchorage AK",
        "headline": "Small Craft Advisory issued September 25 at 5:09AM AKDT until September 26 at 5:00PM AKDT by NWS Anchorage AK",
        "description": "Coastal Waters Forecast for Southwest Alaska+Bristol Bay+The\nAlaska Peninsula Waters and the Aleutian Islands up to 100 nm out.\n\nWind forecasts reflect the predominant speed and direction\nexpected. Sea forecasts represent an average of the highest\none-third of the combined wind wave and swell height.\n\n.TODAY...NE wind 30 kt. Seas 17 ft.\n.TONIGHT...NE wind 30 kt. Seas 12 ft.\n.SAT...N wind 25 kt. Seas 10 ft.\n.SAT NIGHT...N wind 25 kt. Seas 8 ft.\n.SUN...NW wind 25 kt. Seas 7 ft.\n.MON...N wind 20 kt. Seas 6 ft.\n.TUE...NE wind 20 kt. Seas 6 ft.",
        "instruction": null,
        "response": "Avoid",
        "note": null,
        "parameters": {
          "AWIPSidentifier": [
            "CWFALU"
          ],
          "WMOidentifier": [
            "FZAK52 PAFC 251309"
          ],
          "NWSheadline": [
            "SMALL CRAFT ADVISORY THROUGH SATURDAY"
          ],
          "BLOCKCHANNEL": [
            "EAS",
            "NWEM",
            "CMAS"
          ],
          "VTEC": [
            "/O.NEW.PAFC.SC.Y.4753.260925T1300Z-260927T0100Z/"
          ],
          "eventEndingTime": [
            "2026-09-26T17:00:00-08:00"
          ]
        },
        "scope": "Public",
        "code": "IPAWSv1.0",
        "language": "en-US",
        "web": "http://www.weather.gov",
        "eventCode": {
          "SAME": [
            "NWS"
          ],
          "NationalWeatherService": [
            "SCY"
          ]
        }
      }
    },
    {
      "id": "https://api.weather.gov/alerts/urn:oid:2.49.0.1.840.0.955c1da0b59e6943735645f3a7f166f7ce1b8f58.032.2",
      "type": "Feature",
      "geometry": null,
      "properties": {
        "@id": "https://api.weather.gov/alerts/urn:oid:2.49.0.1.840.0.955c1da0b59e6943735645f3a7f166f7ce1b8f58.032.2",
        "@type": "wx:Alert",
        "id": "urn:oid:2.49.0.1.840.0.955c1da0b59e6943735645f3a7f166f7ce1b8f58.032.2",
        "areaDesc": "Bristol Bay from Port Heiden to Cape Chichagof out to 15 NM",
        "geocode": {
          "SAME": [
            "058761"
          ],
          "UGC": [
            "PKZ761"
          ]
        },
        "affectedZones": [
          "https://api.weather.gov/zones/forecast/PKZ761"
        ],
        "references": [],
        "sent": "2026-09-25T05:09:00-08:00",
        "effective": "2026-09-25T05:09:00-08:00",
        "onset": "2026-09-26T05:00:00-08:00",
        "expires": "2026-09-25T17:30:00-08:00",
        "ends": "2026-09-26T17:00:00-08:00",
        "status": "Actual",
        "messageType": "Alert",
        "category": "Met",
        "severity": "Minor",
        "certainty": "Likely",
        "urgency": "Expected",
        "event": "Small Craft Advisory",
        "sender": "w-nws.webmaster@noaa.gov",
        "senderName": "NWS Anchorage AK",
        "headline": "Small Craft Advisory issued September 25 at 5:09AM AKDT until September 26 at 5:00PM AKDT by NWS Anchorage AK",
        "description": "Coastal Waters Forecast for Southwest Alaska+Bristol Bay+The\nAlaska Peninsula Waters and the Aleutian Islands up to 100 nm out.\n\nWind forecasts reflect the predominant speed and direction\nexpected. Sea forecasts represent an average of the highest\none-third of the combined wind wave and swell height.\n\n.TODAY...SE wind 25 kt. Seas 5 ft. Rain showers.\n.TONIGHT...SE wind 20 kt. Seas 7 ft. Rain showers.\n.SAT...S wind 25 kt. Seas 7 ft. Rain showers.\n.SAT NIGHT...SW wind 30 kt. Seas 10 ft.\n.SUN THROUGH MON...NW wind 25 kt. Seas 9 ft.\n.TUE...NW wind 20 kt. Seas 7 ft.",
        "instruction": null,
        "response": "Avoid",
        "note": null,
        "parameters": {
          "AWIPSidentifier": [
            "CWFALU"
          ],
          "WMOidentifier": [
            "FZAK52 PAFC 251309"
          ],
          "NWSheadline": [
            "SMALL CRAFT ADVISORY TODAY AND SATURDAY"
          ],
          "BLOCKCHANNEL": [
            "EAS",
            "NWEM",
            "CMAS"
          ],
          "VTEC": [
            "/O.NEW.PAFC.SC.Y.4749.260926T1300Z-260927T0100Z/"
          ],
          "eventEndingTime": [
            "2026-09-26T17:00:00-08:00"
          ]
        },
        "scope": "Public",
        "code": "IPAWSv1.0",
        "language": "en-US",
        "web": "http://www.weather.gov",
        "eventCode": {
          "SAME": [
            "NWS"
          ],
          "NationalWeatherService": [
            "SCY"
          ]
        }
      }
    },
    {
      "id": "https://api.weather.gov/alerts/urn:oid:2.49.0.1.840.0.955c1da0b59e6943735645f3a7f166f7ce1b8f58.015.1",
      "type": "Feature",
      "geometry": null,
      "properties": {
        "@id": "https://api.weather.gov/alerts/urn:oid:2.49.0.1.840.0.955c1da0b59e6943735645f3a7f166f7ce1b8f58.015.1",
        "@type": "wx:Alert",
        "id": "urn:oid:2.49.0.1.840.0.955c1da0b59e6943735645f3a7f166f7ce1b8f58.015.1",
        "areaDesc": "Unalaska Bay",
        "geocode": {
          "SAME": [
            "058771"
          ],
          "UGC": [
            "PKZ771"
          ]
        },
        "affectedZones": [
          "https://api.weather.gov/zones/forecast/PKZ771"
        ],
        "references": [],
        "sent": "2026-09-25T05:09:00-08:00",
        "effective": "2026-09-25T05:09:00-08:00",
        "onset": "2026-09-25T05:00:00-08:00",
        "expires": "2026-09-25T17:30:00-08:00",
        "ends": "2026-09-26T17:00:00-08:00",
        "status": "Actual",
        "messageType": "Alert",
        "category": "Met",
        "severity": "Moderate",
        "certainty": "Likely",
        "urgency": "Expected",
        "event": "Gale Warning",
        "sender": "w-nws.webmaster@noaa.gov",
        "senderName": "NWS Anchorage AK",
        "headline": "Gale Warning issued September 25 at 5:09AM AKDT until September 26 at 5:00PM AKDT by NWS Anchorage AK",
        "description": "Coastal Waters Forecast for Southwest Alaska+Bristol Bay+The\nAlaska Peninsula Waters and the Aleutian Islands up to 100 nm out.\n\nWind forecasts reflect the predominant speed and direction\nexpected. Sea forecasts represent an average of the highest\none-third of the combined wind wave and swell height.\n\n.TODAY...W wind 35 kt. Seas 5 ft. Rain showers.\n.TONIGHT...SW wind 30 kt increasing to 40 kt after midnight. Seas\n6 ft. Rain showers.\n.SAT...W wind 40 kt. Seas 6 ft. Rain showers.\n.SAT NIGHT...W wind 30 kt. Seas 5 ft.\n.SUN THROUGH MON...W wind 25 kt. Seas 9 ft.\n.TUE...W wind 20 kt. Seas 3 ft.",
        "instruction": null,
        "response": "Avoid",
        "note": null,
        "parameters": {
          "AWIPSidentifier": [
            "CWFALU"
          ],
          "WMOidentifier": [
            "FZAK52 PAFC 251309"
          ],
          "NWSheadline": [
            "GALE WARNING THROUGH SATURDAY"
          ],
          "BLOCKCHANNEL": [
            "EAS",
            "NWEM",
            "CMAS"
          ],
          "VTEC": [
            "/O.NEW.PAFC.GL.W.4730.260925T1300Z-260927T0100Z/"
          ],
          "eventEndingTime": [
            "2026-09-26T17:00:00-08:00"
          ]
        },
        "scope": "Public",
        "code": "IPAWSv1.0",
        "language": "en-US",
        "web": "http://www.weather.gov",
        "eventCode": {
          "SAME": [
            "NWS"
          ],
          "NationalWeatherService": [
            "GLW"
          ]
        }
      }
    },
    {
      "id": "https://api.weather.gov/alerts/urn:oid:2.49.0.1.840.0.955c1da0b59e6943735645f3a7f166f7ce1b8f58.008.1",
      "type": "Feature",
      "geometry": null,
      "properties": {
        "@id": "https://api.weather.gov/alerts/urn:oid:2.49.0.1.840.0.955c1da0b59e6943735645f3a7f166f7ce1b8f58.008.1",
        "@type": "wx:Alert",
        "id": "urn:oid:2.49.0.1.840.0.955c1da0b59e6943735645f3a7f166f7ce1b8f58.008.1",
        "areaDesc": "Port Heiden to Nelson Lagoon out to 15 NM",
        "geocode": {
          "SAME": [
            "058756"
          ],
          "UGC": [
            "PKZ756"
          ]
        },
        "affectedZones": [
          "https://api.weather.gov/zones/forecast/PKZ756"
        ],
        "references": [],
        "sent": "2026-09-25T05:09:00-08:00",
        "effective": "2026-09-25T05:09:00-08:00",
        "onset": "2026-09-26T05:00:00-08:00",
        "expires": "2026-09-25T17:30:00-08:00",
        "ends": "2026-09-26T17:00:00-08:00",
        "status": "Actual",
        "messageType": "Alert",
        "category": "Met",
        "severity": "Moderate",
        "certainty": "Likely",
        "urgency": "Expected",
        "event": "Gale Warning",
        "sender": "w-nws.webmaster@noaa.gov",
        "senderName": "NWS Anchorage AK",
        "headline": "Gale Warning issued September 25 at 5:09AM AKDT until September 26 at 5:00PM AKDT by NWS Anchorage AK",
        "description": "Coastal Waters Forecast for Southwest Alaska+Bristol Bay+The\nAlaska Peninsula Waters and the Aleutian Islands up to 100 nm out.\n\nWind forecasts reflect the predominant speed and direction\nexpected. Sea forecasts represent an average of the highest\none-third of the combined wind wave and swell height.\n\n.TODAY...S wind 25 kt. Seas 6 ft building to 10 ft in the\nafternoon. Rain showers.\n.TONIGHT...S wind 30 kt. Seas 10 ft. Rain showers.\n.SAT...SW wind 35 kt. Seas 13 ft. Rain showers.\n.SAT NIGHT...SW wind 30 kt. Seas 13 ft.\n.SUN THROUGH MON...NW wind 30 kt. Seas 11 ft.\n.TUE...W wind 20 kt. Seas 7 ft.",
        "instruction": null,
        "response": "Avoid",
        "note": null,
        "parameters": {
          "AWIPSidentifier": [
            "CWFALU"
          ],
          "WMOidentifier": [
            "FZAK52 PAFC 251309"
          ],
          "NWSheadline": [
            "GALE WARNING SATURDAY"
          ],
          "BLOCKCHANNEL": [
            "EAS",
            "NWEM",
            "CMAS"
          ],
          "VTEC": [
            "/O.NEW.PAFC.GL.W.4723.260926T1300Z-260927T0100Z/"
          ],
          "eventEndingTime": [
            "2026-09-26T17:00:00-08:00"
          ]
        },
        "scope": "Public",
        "code": "IPAWSv1.0",
        "language": "en-US",
        "web": "http://www.weather.gov",
        "eventCode": {
          "SAME": [
            "NWS"
          ],
          "NationalWeatherService": [
            "GLW"
          ]
        }
      }
    },
    {
      "id": "https://api.weather.gov/alerts/urn:oid:2.49.0.1.840.0.955c1da0b59e6943735645f3a7f166f7ce1b8f58.006.1",
      "type": "Feature",
      "geometry": null,
      "properties": {
        "@id": "https://api.weather.gov/alerts/urn:oid:2.49.0.1.840.0.955c1da0b59e6943735645f3a7f166f7ce1b8f58.006.1",
        "@type": "wx:Alert",
        "id": "urn:oid:2.49.0.1.840.0.955c1da0b59e6943735645f3a7f166f7ce1b8f58.006.1",
        "areaDesc": "Cape Tolstoi to Cape Sarichef out to 15 NM",
        "geocode": {
          "SAME": [
            "058754"
          ],
          "UGC": [
            "PKZ754"
          ]
        },
        "affectedZones": [
          "https://api.weather.gov/zones/forecast/PKZ754"
        ],
        "references": [],
        "sent": "2026-09-25T05:09:00-08:00",
        "effective": "2026-09-25T05:09:00-08:00",
        "onset": "2026-09-25T05:00:00-08:00",
        "expires": "2026-09-25T17:30:00-08:00",
        "ends": "2026-09-26T17:00:00-08:00",
        "status": "Actual",
        "messageType": "Alert",
        "category": "Met",
        "severity": "Moderate",
        "certainty": "Likely",
        "urgency": "Expected",
        "event": "Gale Warning",
        "sender": "w-nws.webmaster@noaa.gov",
        "senderName": "NWS Anchorage AK",
        "headline": "Gale Warning issued September 25 at 5:09AM AKDT until September 26 at 5:00PM AKDT by NWS Anchorage AK",
        "description": "Coastal Waters Forecast for Southwest Alaska+Bristol Bay+The\nAlaska Peninsula Waters and the Aleutian Islands up to 100 nm out.\n\nWind forecasts reflect the predominant speed and direction\nexpected. Sea forecasts represent an average of the highest\none-third of the combined wind wave and swell height.\n\n.TODAY...SW wind 40 kt. Seas 16 ft. Rain showers.\n.TONIGHT...SW wind 30 kt increasing to 40 kt after midnight. Seas\n18 ft. Rain showers.\n.SAT...SW wind 40 kt. Seas 18 ft. Rain showers.\n.SAT NIGHT...W wind 30 kt. Seas 13 ft.\n.SUN THROUGH MON...NW wind 30 kt. Seas 8 ft.\n.TUE...W wind 15 kt. Seas 4 ft.",
        "instruction": null,
        "response": "Avoid",
        "note": null,
        "parameters": {
          "AWIPSidentifier": [
            "CWFALU"
          ],
          "WMOidentifier": [
            "FZAK52 PAFC 251309"
          ],
          "NWSheadline": [
            "GALE WARNING THROUGH SATURDAY"
          ],
          "BLOCKCHANNEL": [
            "EAS",
            "NWEM",
            "CMAS"
          ],
          "VTEC": [
            "/O.NEW.PAFC.GL.W.4721.260925T1300Z-260927T0100Z/"
          ],
          "eventEndingTime": [
            "2026-09-26T17:00:00-08:00"
          ]
        },
        "scope": "Public",
        "code": "IPAWSv1.0",
        "language": "en-US",
        "web": "http://www.weather.gov",
        "eventCode": {
          "SAME": [
            "NWS"
          ],
          "NationalWeatherService": [
            "GLW"
          ]
        }
      }
    },
    {
      "id": "https://api.weather.gov/alerts/urn:oid:2.49.0.1.840.0.955c1da0b59e6943735645f3a7f166f7ce1b8f58.018.1",
      "type": "Feature",
      "geometry": null,
      "properties": {
        "@id": "https://api.weather.gov/alerts/urn:oid:2.49.0.1.840.0.955c1da0b59e6943735645f3a7f166f7ce1b8f58.018.1",
        "@type": "wx:Alert",
        "id": "urn:oid:2.49.0.1.840.0.955c1da0b59e6943735645f3a7f166f7ce1b8f58.018.1",
        "areaDesc": "Nikolski to Seguam Bering Side out to 15 NM",
        "geocode": {
          "SAME": [
            "058775"
          ],
          "UGC": [
            "PKZ775"
          ]
        },
        "affectedZones": [
          "https://api.weather.gov/zones/forecast/PKZ775"
        ],
        "references": [],
        "sent": "2026-09-25T05:09:00-08:00",
        "effective": "2026-09-25T05:09:00-08:00",
        "onset": "2026-09-25T05:00:00-08:00",
        "expires": "2026-09-25T17:30:00-08:00",
        "ends": "2026-09-26T17:00:00-08:00",
        "status": "Actual",
        "messageType": "Alert",
        "category": "Met",
        "severity": "Moderate",
        "certainty": "Likely",
        "urgency": "Expected",
        "event": "Gale Warning",
        "sender": "w-nws.webmaster@noaa.gov",
        "senderName": "NWS Anchorage AK",
        "headline": "Gale Warning issued September 25 at 5:09AM AKDT until September 26 at 5:00PM AKDT by NWS Anchorage AK",
        "description": "Coastal Waters Forecast for Southwest Alaska+Bristol Bay+The\nAlaska Peninsula Waters and the Aleutian Islands up to 100 nm out.\n\nWind forecasts reflect the predominant speed and direction\nexpected. Sea forecasts represent an average of the highest\none-third of the combined wind wave and swell height.\n\n.TODAY...SW wind 45 kt. Seas 25 ft. Rain showers.\n.TONIGHT...W wind 45 kt. Seas 23 ft.\n.SAT...W wind 40 kt diminishing to 30 kt in the afternoon. Seas\n20 ft.\n.SAT NIGHT...W wind 25 kt. Seas 13 ft.\n.SUN...NW wind 25 kt. Seas 9 ft.\n.MON THROUGH TUE...W wind 20 kt. Seas 7 ft.",
        "instruction": null,
        "response": "Avoid",
        "note": null,
        "parameters": {
          "AWIPSidentifier": [
            "CWFALU"
          ],
          "WMOidentifier": [
            "FZAK52 PAFC 251309"
          ],
          "NWSheadline": [
            "GALE WARNING THROUGH SATURDAY"
          ],
          "BLOCKCHANNEL": [
            "EAS",
            "NWEM",
            "CMAS"
          ],
          "VTEC": [
            "/O.NEW.PAFC.GL.W.4733.260925T1300Z-260927T0100Z/"
          ],
          "eventEndingTime": [
            "2026-09-26T17:00:00-08:00"
          ]
        },
        "scope": "Public",
        "code": "IPAWSv1.0",
        "language": "en-US",
        "web": "http://www.weather.gov",
        "eventCode": {
          "SAME": [
            "NWS"
          ],
          "NationalWeatherService": [
            "GLW"
          ]
        }
      }
    },
    {
      "id": "https://api.weather.gov/alerts/urn:oid:2.49.0.1.840.0.955c1da0b59e6943735645f3a7f166f7ce1b8f58.011.1",
      "type": "Feature",
      "geometry": null,
      "properties": {
        "@id": "https://api.weather.gov/alerts/urn:oid:2.49.0.1.840.0.955c1da0b59e6943735645f3a7f166f7ce1b8f58.011.1",
        "@type": "wx:Alert",
        "id": "urn:oid:2.49.0.1.840.0.955c1da0b59e6943735645f3a7f166f7ce1b8f58.011.1",
        "areaDesc": "Nelson Lagoon to Unalga Pass from 15 to 70 NM",
        "geocode": {
          "SAME": [
            "058759"
          ],
          "UGC": [
            "PKZ759"
          ]
        },
        "affectedZones": [
          "https://api.weather.gov/zones/forecast/PKZ759"
        ],
        "references": [],
        "sent": "2026-09-25T05:09:00-08:00",
        "effective": "2026-09-25T05:09:00-08:00",
        "onset": "2026-09-25T05:00:00-08:00",
        "expires": "2026-09-25T17:30:00-08:00",
        "ends": "2026-09-26T17:00:00-08:00",
        "status": "Actual",
        "messageType": "Alert",
        "category": "Met",
        "severity": "Moderate",
        "certainty": "Likely",
        "urgency": "Expected",
        "event": "Gale Warning",
        "sender": "w-nws.webmaster@noaa.gov",
        "senderName": "NWS Anchorage AK",
        "headline": "Gale Warning issued September 25 at 5:09AM AKDT until September 26 at 5:00PM AKDT by NWS Anchorage AK",
        "description": "Coastal Waters Forecast for Southwest Alaska+Bristol Bay+The\nAlaska Peninsula Waters and the Aleutian Islands up to 100 nm out.\n\nWind forecasts reflect the predominant speed and direction\nexpected. Sea forecasts represent an average of the highest\none-third of the combined wind wave and swell height.\n\n.TODAY...SW wind 40 kt. Seas 21 ft. Rain showers.\n.TONIGHT...SW wind 35 kt increasing to 45 kt after midnight. Seas\n23 ft. Rain showers.\n.SAT...SW wind 40 kt. Seas 24 ft. Rain showers.\n.SAT NIGHT...W wind 35 kt. Seas 17 ft.\n.SUN THROUGH MON...NW wind 30 kt. Seas 13 ft.\n.TUE...W wind 20 kt. Seas 6 ft.",
        "instruction": null,
        "response": "Avoid",
        "note": null,
        "parameters": {
          "AWIPSidentifier": [
            "CWFALU"
          ],
          "WMOidentifier": [
            "FZAK52 PAFC 251309"
          ],
          "NWSheadline": [
            "GALE WARNING THROUGH SATURDAY"
          ],
          "BLOCKCHANNEL": [
            "EAS",
            "NWEM",
            "CMAS"
          ],
          "VTEC": [
            "/O.NEW.PAFC.GL.W.4726.260925T1300Z-260927T0100Z/"
          ],
          "eventEndingTime": [
            "2026-09-26T17:00:00-08:00"
          ]
        },
        "scope": "Public",
        "code": "IPAWSv1.0",
        "language": "en-US",
        "web": "http://www.weather.gov",
        "eventCode": {
          "SAME": [
            "NWS"
          ],
          "NationalWeatherService": [
            "GLW"
          ]
        }
      }
    },
    {
      "id": "https://api.weather.gov/alerts/urn:oid:2.49.0.1.840.0.955c1da0b59e6943735645f3a7f166f7ce1b8f58.024.1",
      "type": "Feature",
      "geometry": null,
      "properties": {
        "@id": "https://api.weather.gov/alerts/urn:oid:2.49.0.1.840.0.955c1da0b59e6943735645f3a7f166f7ce1b8f58.024.1",
        "@type": "wx:Alert",
        "id": "urn:oid:2.49.0.1.840.0.955c1da0b59e6943735645f3a7f166f7ce1b8f58.024.1",
        "areaDesc": "Seguam to Adak Pacific Side out to 15 NM",
        "geocode": {
          "SAME": [
            "058782"
          ],
          "UGC": [
            "PKZ782"
          ]
        },
        "affectedZones": [
          "https://api.weather.gov/zones/forecast/PKZ782"
        ],
        "references": [],
        "sent": "2026-09-25T05:09:00-08:00",
        "effective": "2026-09-25T05:09:00-08:00",
        "onset": "2026-09-25T05:00:00-08:00",
        "expires": "2026-09-25T17:30:00-08:00",
        "ends": "2026-09-26T17:00:00-08:00",
        "status": "Actual",
        "messageType": "Alert",
        "category": "Met",
        "severity": "Moderate",
        "certainty": "Likely",
        "urgency": "Expected",
        "event": "Gale Warning",
        "sender": "w-nws.webmaster@noaa.gov",
        "senderName": "NWS Anchorage AK",
        "headline": "Gale Warning issued September 25 at 5:09AM AKDT until September 26 at 5:00PM AKDT by NWS Anchorage AK",
        "description": "Coastal Waters Forecast for Southwest Alaska+Bristol Bay+The\nAlaska Peninsula Waters and the Aleutian Islands up to 100 nm out.\n\nWind forecasts reflect the predominant speed and direction\nexpected. Sea forecasts represent an average of the highest\none-third of the combined wind wave and swell height.\n\n.TODAY...SW wind 45 kt. Seas 20 ft. Rain showers.\n.TONIGHT...W wind 40 kt. Seas 21 ft.\n.SAT...W wind 35 kt. Seas 16 ft.\n.SAT NIGHT...W wind 25 kt. Seas 10 ft.\n.SUN...NW wind 20 kt. Seas 8 ft.\n.MON...W wind 15 kt. Seas 5 ft.\n.TUE...SW wind 20 kt. Seas 8 ft.",
        "instruction": null,
        "response": "Avoid",
        "note": null,
        "parameters": {
          "AWIPSidentifier": [
            "CWFALU"
          ],
          "WMOidentifier": [
            "FZAK52 PAFC 251309"
          ],
          "NWSheadline": [
            "GALE WARNING THROUGH SATURDAY"
          ],
          "BLOCKCHANNEL": [
            "EAS",
            "NWEM",
            "CMAS"
          ],
          "VTEC": [
            "/O.NEW.PAFC.GL.W.4739.260925T1300Z-260927T0100Z/"
          ],
          "eventEndingTime": [
            "2026-09-26T17:00:00-08:00"
          ]
        },
        "scope": "Public",
        "code": "IPAWSv1.0",
        "language": "en-US",
        "web": "http://www.weather.gov",
        "eventCode": {
          "SAME": [
            "NWS"
          ],
          "NationalWeatherService": [
            "GLW"
          ]
        }
      }
    },
    {
      "id": "https://api.weather.gov/alerts/urn:oid:2.49.0.1.840.0.955c1da0b59e6943735645f3a7f166f7ce1b8f58.033.1",
      "type": "Feature",
      "geometry": null,
      "properties": {
        "@id": "https://api.weather.gov/alerts/urn:oid:2.49.0.1.840.0.955c1da0b59e6943735645f3a7f166f7ce1b8f58.033.1",
        "@type": "wx:Alert",
        "id": "urn:oid:2.49.0.1.840.0.955c1da0b59e6943735645f3a7f166f7ce1b8f58.033.1",
        "areaDesc": "Bristol Bay from Cape Chichagof to Cape Pierce out to 15 NM",
        "geocode": {
          "SAME": [
            "058762"
          ],
          "UGC": [
            "PKZ762"
          ]
        },
        "affectedZones": [
          "https://api.weather.gov/zones/forecast/PKZ762"
        ],
        "references": [],
        "sent": "2026-09-25T05:09:00-08:00",
        "effective": "2026-09-25T05:09:00-08:00",
        "onset": "2026-09-25T05:00:00-08:00",
        "expires": "2026-09-25T17:30:00-08:00",
        "ends": "2026-09-26T17:00:00-08:00",
        "status": "Actual",
        "messageType": "Alert",
        "category": "Met",
        "severity": "Minor",
        "certainty": "Likely",
        "urgency": "Expected",
        "event": "Small Craft Advisory",
        "sender": "w-nws.webmaster@noaa.gov",
        "senderName": "NWS Anchorage AK",
        "headline": "Small Craft Advisory issued September 25 at 5:09AM AKDT until September 26 at 5:00PM AKDT by NWS Anchorage AK",
        "description": "Coastal Waters Forecast for Southwest Alaska+Bristol Bay+The\nAlaska Peninsula Waters and the Aleutian Islands up to 100 nm out.\n\nWind forecasts reflect the predominant speed and direction\nexpected. Sea forecasts represent an average of the highest\none-third of the combined wind wave and swell height.\n\n.TODAY...SE wind 30 kt. Seas 7 ft. Rain showers.\n.TONIGHT...SE wind 30 kt. Seas 7 ft. Rain showers.\n.SAT...S wind 25 kt. Seas 8 ft. Rain showers.\n.SAT NIGHT...S wind 25 kt. Seas 8 ft.\n.SUN...NW wind 20 kt. Seas 7 ft.\n.MON...NW wind 25 kt. Seas 5 ft.\n.TUE...NW wind 15 kt. Seas 4 ft.",
        "instruction": null,
        "response": "Avoid",
        "note": null,
        "parameters": {
          "AWIPSidentifier": [
            "CWFALU"
          ],
          "WMOidentifier": [
            "FZAK52 PAFC 251309"
          ],
          "NWSheadline": [
            "SMALL CRAFT ADVISORY THROUGH SATURDAY"
          ],
          "BLOCKCHANNEL": [
            "EAS",
            "NWEM",
            "CMAS"
          ],
          "VTEC": [
            "/O.NEW.PAFC.SC.Y.4749.260925T1300Z-260927T0100Z/"
          ],
          "eventEndingTime": [
            "2026-09-26T17:00:00-08:00"
          ]
        },
        "scope": "Public",
        "code": "IPAWSv1.0",
        "language": "en-US",
        "web": "http://www.weather.gov",
        "eventCode": {
          "SAME": [
            "NWS"
          ],
          "NationalWeatherService": [
            "SCY"
          ]
        }
      }
    },
    {
      "id": "https://api.weather.gov/alerts/urn:oid:2.49.0.1.840.0.955c1da0b59e6943735645f3a7f166f7ce1b8f58.009.1",
      "type": "Feature",
      "geometry": null,
      "properties": {
        "@id": "https://api.weather.gov/alerts/urn:oid:2.49.0.1.840.0.955c1da0b59e6943735645f3a7f166f7ce1b8f58.009.1",
        "@type": "wx:Alert",
        "id": "urn:oid:2.49.0.1.840.0.955c1da0b59e6943735645f3a7f166f7ce1b8f58.009.1",
        "areaDesc": "Port Heiden to Nelson Lagoon from 15 to 60 NM",
        "geocode": {
          "SAME": [
            "058757"
          ],
          "UGC": [
            "PKZ757"
          ]
        },
        "affectedZones": [
          "https://api.weather.gov/zones/forecast/PKZ757"
        ],
        "references": [],
        "sent": "2026-09-25T05:09:00-08:00",
        "effective": "2026-09-25T05:09:00-08:00",
        "onset": "2026-09-26T05:00:00-08:00",
        "expires": "2026-09-25T17:30:00-08:00",
        "ends": "2026-09-26T17:00:00-08:00",
        "status": "Actual",
        "messageType": "Alert",
        "category": "Met",
        "severity": "Moderate",
        "certainty": "Likely",
        "urgency": "Expected",
        "event": "Gale Warning",
        "sender": "w-nws.webmaster@noaa.gov",
        "senderName": "NWS Anchorage AK",
        "headline": "Gale Warning issued September 25 at 5:09AM AKDT until September 26 at 5:00PM AKDT by NWS Anchorage AK",
        "description": "Coastal Waters Forecast for Southwest Alaska+Bristol Bay+The\nAlaska Peninsula Waters and the Aleutian Islands up to 100 nm out.\n\nWind forecasts reflect the predominant speed and direction\nexpected. Sea forecasts represent an average of the highest\none-third of the combined wind wave and swell height.\n\n.TODAY...S wind 30 kt. Seas 10 ft building to 15 ft in the\nafternoon. Rain showers.\n.TONIGHT...S wind 30 kt. Seas 15 ft. Rain showers.\n.SAT...SW wind 35 kt. Seas 18 ft. Rain showers.\n.SAT NIGHT...SW wind 30 kt. Seas 16 ft.\n.SUN THROUGH MON...NW wind 30 kt. Seas 12 ft.\n.TUE...NW wind 20 kt. Seas 7 ft.",
        "instruction": null,
        "response": "Avoid",
        "note": null,
        "parameters": {
          "AWIPSidentifier": [
            "CWFALU"
          ],
          "WMOidentifier": [
            "FZAK52 PAFC 251309"
          ],
          "NWSheadline": [
            "GALE WARNING SATURDAY"
          ],
          "BLOCKCHANNEL": [
            "EAS",
            "NWEM",
            "CMAS"
          ],
          "VTEC": [
            "/O.NEW.PAFC.GL.W.4724.260926T1300Z-260927T0100Z/"
          ],
          "eventEndingTime": [
            "2026-09-26T17:00:00-08:00"
          ]
        },
        "scope": "Public",
        "code": "IPAWSv1.0",
        "language": "en-US",
        "web": "http://www.weather.gov",
        "eventCode": {
          "SAME": [
            "NWS"
          ],
          "NationalWeatherService": [
            "GLW"
          ]
        }
      }
    },
    {
      "id": "https://api.weather.gov/alerts/urn:oid:2.49.0.1.840.0.955c1da0b59e6943735645f3a7f166f7ce1b8f58.029.1",
      "type": "Feature",
      "geometry": null,
      "properties": {
        "@id": "https://api.weather.gov/alerts/urn:oid:2.49.0.1.840.0.955c1da0b59e6943735645f3a7f166f7ce1b8f58.029.1",
        "@type": "wx:Alert",
        "id": "urn:oid:2.49.0.1.840.0.955c1da0b59e6943735645f3a7f166f7ce1b8f58.029.1",
        "areaDesc": "Kiska to Attu Pacific Side",
        "geocode": {
          "SAME": [
            "058787"
          ],
          "UGC": [
            "PKZ787"
          ]
        },
        "affectedZones": [
          "https://api.weather.gov/zones/forecast/PKZ787"
        ],
        "references": [],
        "sent": "2026-09-25T05:09:00-08:00",
        "effective": "2026-09-25T05:09:00-08:00",
        "onset": "2026-09-25T05:00:00-08:00",
        "expires": "2026-09-25T17:30:00-08:00",
        "ends": "2026-09-26T17:00:00-08:00",
        "status": "Actual",
        "messageType": "Alert",
        "category": "Met",
        "severity": "Minor",
        "certainty": "Likely",
        "urgency": "Expected",
        "event": "Small Craft Advisory",
        "sender": "w-nws.webmaster@noaa.gov",
        "senderName": "NWS Anchorage AK",
        "headline": "Small Craft Advisory issued September 25 at 5:09AM AKDT until September 26 at 5:00PM AKDT by NWS Anchorage AK",
        "description": "Coastal Waters Forecast for Southwest Alaska+Bristol Bay+The\nAlaska Peninsula Waters and the Aleutian Islands up to 100 nm out.\n\nWind forecasts reflect the predominant speed and direction\nexpected. Sea forecasts represent an average of the highest\none-third of the combined wind wave and swell height.\n\n.TODAY...W wind 30 kt. Seas 15 ft.\n.TONIGHT...W wind 30 kt. Seas 14 ft.\n.SAT...W wind 20 kt. Seas 11 ft.\n.SAT NIGHT...NW wind 15 kt. Seas 9 ft.\n.SUN...Variable wind 10 kt. Seas 7 ft.\n.MON...SW wind 15 kt. Seas 5 ft.\n.TUE...SE wind 30 kt. Seas 15 ft.",
        "instruction": null,
        "response": "Avoid",
        "note": null,
        "parameters": {
          "AWIPSidentifier": [
            "CWFALU"
          ],
          "WMOidentifier": [
            "FZAK52 PAFC 251309"
          ],
          "NWSheadline": [
            "SMALL CRAFT ADVISORY THROUGH SATURDAY"
          ],
          "BLOCKCHANNEL": [
            "EAS",
            "NWEM",
            "CMAS"
          ],
          "VTEC": [
            "/O.NEW.PAFC.SC.Y.4744.260925T1300Z-260927T0100Z/"
          ],
          "eventEndingTime": [
            "2026-09-26T17:00:00-08:00"
          ]
        },
        "scope": "Public",
        "code": "IPAWSv1.0",
        "language": "en-US",
        "web": "http://www.weather.gov",
        "eventCode": {
          "SAME": [
            "NWS"
          ],
          "NationalWeatherService": [
            "SCY"
          ]
        }
      }
    },
    {
      "id": "https://api.weather.gov/alerts/urn:oid:2.49.0.1.840.0.f454e3864a650f59b3fb8a85346720a3111810f7.008.1",
      "type": "Feature",
      "geometry": null,
      "properties": {
        "@id": "https://api.weather.gov/alerts/urn:oid:2.49.0.1.840.0.f454e3864a650f59b3fb8a85346720a3111810f7.008.1",
        "@type": "wx:Alert",
        "id": "urn:oid:2.49.0.1.840.0.f454e3864a650f59b3fb8a85346720a3111810f7.008.1",
        "areaDesc": "Northwest Prince William Sound",
        "geocode": {
          "SAME": [
            "058724"
          ],
          "UGC": [
            "PKZ724"
          ]
        },
        "affectedZones": [
          "https://api.weather.gov/zones/forecast/PKZ724"
        ],
        "references": [],
        "sent": "2026-09-25T04:55:00-08:00",
        "effective": "2026-09-25T04:55:00-08:00",
        "onset": "2026-09-25T04:00:00-08:00",
        "expires": "2026-09-25T17:15:00-08:00",
        "ends": "2026-09-26T17:00:00-08:00",
        "status": "Actual",
        "messageType": "Alert",
        "category": "Met",
        "severity": "Minor",
        "certainty": "Likely",
        "urgency": "Expected",
        "event": "Small Craft Advisory",
        "sender": "w-nws.webmaster@noaa.gov",
        "senderName": "NWS Anchorage AK",
        "headline": "Small Craft Advisory issued September 25 at 4:55AM AKDT until September 26 at 5:00PM AKDT by NWS Anchorage AK",
        "description": "Coastal Waters Forecast for the Northern Gulf of Alaska Coast\nup to 100 nm out including Kodiak Island and Cook Inlet.\n\nWind forecasts reflect the predominant speed and direction\nexpected. Sea forecasts represent an average of the highest\none-third of the combined wind wave and swell height.\n\n.TODAY...E wind 25 kt. Seas 6 ft. Rain.\n.TONIGHT...E wind 30 kt. Seas 7 ft. Rain.\n.SAT...E wind 30 kt. Seas 7 ft. Rain.\n.SAT NIGHT...E wind 25 kt. Seas 6 ft.\n.SUN...NE wind 15 kt. Seas 3 ft.\n.MON THROUGH TUE...N wind 10 kt. Seas 2 ft.",
        "instruction": null,
        "response": "Avoid",
        "note": null,
        "parameters": {
          "AWIPSidentifier": [
            "CWFAER"
          ],
          "WMOidentifier": [
            "FZAK51 PAFC 251255"
          ],
          "NWSheadline": [
            "SMALL CRAFT ADVISORY THROUGH SATURDAY"
          ],
          "BLOCKCHANNEL": [
            "EAS",
            "NWEM",
            "CMAS"
          ],
          "VTEC": [
            "/O.NEW.PAFC.SC.Y.5272.260925T1200Z-260927T0100Z/"
          ],
          "eventEndingTime": [
            "2026-09-26T17:00:00-08:00"
          ]
        },
        "scope": "Public",
        "code": "IPAWSv1.0",
        "language": "en-US",
        "web": "http://www.weather.gov",
        "eventCode": {
          "SAME": [
            "NWS"
          ],
          "NationalWeatherService": [
            "SCY"
          ]
        }
      }
    },
    {
      "id": "https://api.weather.gov/alerts/urn:oid:2.49.0.1.840.0.f454e3864a650f59b3fb8a85346720a3111810f7.005.1",
      "type": "Feature",
      "geometry": null,
      "properties": {
        "@id": "https://api.weather.gov/alerts/urn:oid:2.49.0.1.840.0.f454e3864a650f59b3fb8a85346720a3111810f7.005.1",
        "@type": "wx:Alert",
        "id": "urn:oid:2.49.0.1.840.0.f454e3864a650f59b3fb8a85346720a3111810f7.005.1",
        "areaDesc": "Cape Cleare to Gore Point out to 15 NM",
        "geocode": {
          "SAME": [
            "058715"
          ],
          "UGC": [
            "PKZ715"
          ]
        },
        "affectedZones": [
          "https://api.weather.gov/zones/forecast/PKZ715"
        ],
        "references": [],
        "sent": "2026-09-25T04:55:00-08:00",
        "effective": "2026-09-25T04:55:00-08:00",
        "onset": "2026-09-25T04:00:00-08:00",
        "expires": "2026-09-25T17:15:00-08:00",
        "ends": "2026-09-26T17:00:00-08:00",
        "status": "Actual",
        "messageType": "Alert",
        "category": "Met",
        "severity": "Minor",
        "certainty": "Likely",
        "urgency": "Expected",
        "event": "Small Craft Advisory",
        "sender": "w-nws.webmaster@noaa.gov",
        "senderName": "NWS Anchorage AK",
        "headline": "Small Craft Advisory issued September 25 at 4:55AM AKDT until September 26 at 5:00PM AKDT by NWS Anchorage AK",
        "description": "Coastal Waters Forecast for the Northern Gulf of Alaska Coast\nup to 100 nm out including Kodiak Island and Cook Inlet.\n\nWind forecasts reflect the predominant speed and direction\nexpected. Sea forecasts represent an average of the highest\none-third of the combined wind wave and swell height.\n\n.TODAY...E wind 30 kt. Seas 10 ft. Widespread rain showers.\n.TONIGHT...E wind 30 kt becoming SE 20 kt after midnight. Seas\n10 ft. Widespread rain showers.\n.SAT...SE wind 20 kt. Seas 10 ft. Widespread rain showers.\n.SAT NIGHT...S wind 15 kt. Seas 7 ft.\n.SUN...Variable wind 10 kt. Seas 7 ft.\n.MON THROUGH TUE...Variable wind 10 kt. Seas 5 ft.",
        "instruction": null,
        "response": "Avoid",
        "note": null,
        "parameters": {
          "AWIPSidentifier": [
            "CWFAER"
          ],
          "WMOidentifier": [
            "FZAK51 PAFC 251255"
          ],
          "NWSheadline": [
            "SMALL CRAFT ADVISORY THROUGH SATURDAY"
          ],
          "BLOCKCHANNEL": [
            "EAS",
            "NWEM",
            "CMAS"
          ],
          "VTEC": [
            "/O.NEW.PAFC.SC.Y.5270.260925T1200Z-260927T0100Z/"
          ],
          "eventEndingTime": [
            "2026-09-26T17:00:00-08:00"
          ]
        },
        "scope": "Public",
        "code": "IPAWSv1.0",
        "language": "en-US",
        "web": "http://www.weather.gov",
        "eventCode": {
          "SAME": [
            "NWS"
          ],
          "NationalWeatherService": [
            "SCY"
          ]
        }
      }
    },
    {
      "id": "https://api.weather.gov/alerts/urn:oid:2.49.0.1.840.0.f454e3864a650f59b3fb8a85346720a3111810f7.006.1",
      "type": "Feature",
      "geometry": null,
      "properties": {
        "@id": "https://api.weather.gov/alerts/urn:oid:2.49.0.1.840.0.f454e3864a650f59b3fb8a85346720a3111810f7.006.1",
        "@type": "wx:Alert",
        "id": "urn:oid:2.49.0.1.840.0.f454e3864a650f59b3fb8a85346720a3111810f7.006.1",
        "areaDesc": "Cape Cleare to Gore Point from 15 to 75 NM",
        "geocode": {
          "SAME": [
            "058716"
          ],
          "UGC": [
            "PKZ716"
          ]
        },
        "affectedZones": [
          "https://api.weather.gov/zones/forecast/PKZ716"
        ],
        "references": [],
        "sent": "2026-09-25T04:55:00-08:00",
        "effective": "2026-09-25T04:55:00-08:00",
        "onset": "2026-09-25T04:00:00-08:00",
        "expires": "2026-09-25T17:15:00-08:00",
        "ends": "2026-09-26T17:00:00-08:00",
        "status": "Actual",
        "messageType": "Alert",
        "category": "Met",
        "severity": "Minor",
        "certainty": "Likely",
        "urgency": "Expected",
        "event": "Small Craft Advisory",
        "sender": "w-nws.webmaster@noaa.gov",
        "senderName": "NWS Anchorage AK",
        "headline": "Small Craft Advisory issued September 25 at 4:55AM AKDT until September 26 at 5:00PM AKDT by NWS Anchorage AK",
        "description": "Coastal Waters Forecast for the Northern Gulf of Alaska Coast\nup to 100 nm out including Kodiak Island and Cook Inlet.\n\nWind forecasts reflect the predominant speed and direction\nexpected. Sea forecasts represent an average of the highest\none-third of the combined wind wave and swell height.\n\n.TODAY...SE wind 30 kt. Seas 12 ft. Widespread rain showers.\n.TONIGHT...SE wind 25 kt. Seas 13 ft. Rain showers.\n.SAT...S wind 20 kt. Seas 10 ft. Rain showers.\n.SAT NIGHT...S wind 15 kt. Seas 9 ft.\n.SUN...SE wind 15 kt. Seas 9 ft.\n.MON THROUGH TUE...W wind 15 kt. Seas 7 ft.",
        "instruction": null,
        "response": "Avoid",
        "note": null,
        "parameters": {
          "AWIPSidentifier": [
            "CWFAER"
          ],
          "WMOidentifier": [
            "FZAK51 PAFC 251255"
          ],
          "NWSheadline": [
            "SMALL CRAFT ADVISORY THROUGH SATURDAY"
          ],
          "BLOCKCHANNEL": [
            "EAS",
            "NWEM",
            "CMAS"
          ],
          "VTEC": [
            "/O.NEW.PAFC.SC.Y.5271.260925T1200Z-260927T0100Z/"
          ],
          "eventEndingTime": [
            "2026-09-26T17:00:00-08:00"
          ]
        },
        "scope": "Public",
        "code": "IPAWSv1.0",
        "language": "en-US",
        "web": "http://www.weather.gov",
        "eventCode": {
          "SAME": [
            "NWS"
          ],
          "NationalWeatherService": [
            "SCY"
          ]
        }
      }
    },
    {
      "id": "https://api.weather.gov/alerts/urn:oid:2.49.0.1.840.0.f454e3864a650f59b3fb8a85346720a3111810f7.018.1",
      "type": "Feature",
      "geometry": null,
      "properties": {
        "@id": "https://api.weather.gov/alerts/urn:oid:2.49.0.1.840.0.f454e3864a650f59b3fb8a85346720a3111810f7.018.1",
        "@type": "wx:Alert",
        "id": "urn:oid:2.49.0.1.840.0.f454e3864a650f59b3fb8a85346720a3111810f7.018.1",
        "areaDesc": "Marmot Island to Sitkinak out to 15 NM",
        "geocode": {
          "SAME": [
            "058732"
          ],
          "UGC": [
            "PKZ732"
          ]
        },
        "affectedZones": [
          "https://api.weather.gov/zones/forecast/PKZ732"
        ],
        "references": [],
        "sent": "2026-09-25T04:55:00-08:00",
        "effective": "2026-09-25T04:55:00-08:00",
        "onset": "2026-09-25T04:00:00-08:00",
        "expires": "2026-09-25T17:15:00-08:00",
        "ends": "2026-09-26T17:00:00-08:00",
        "status": "Actual",
        "messageType": "Alert",
        "category": "Met",
        "severity": "Minor",
        "certainty": "Likely",
        "urgency": "Expected",
        "event": "Small Craft Advisory",
        "sender": "w-nws.webmaster@noaa.gov",
        "senderName": "NWS Anchorage AK",
        "headline": "Small Craft Advisory issued September 25 at 4:55AM AKDT until September 26 at 5:00PM AKDT by NWS Anchorage AK",
        "description": "Coastal Waters Forecast for the Northern Gulf of Alaska Coast\nup to 100 nm out including Kodiak Island and Cook Inlet.\n\nWind forecasts reflect the predominant speed and direction\nexpected. Sea forecasts represent an average of the highest\none-third of the combined wind wave and swell height.\n\n.TODAY...S wind 25 kt. Seas 12 ft. Rain showers.\n.TONIGHT...S wind 25 kt. Seas 11 ft.\n.SAT...S wind 25 kt. Seas 10 ft. Rain showers.\n.SAT NIGHT...SW wind 25 kt. Seas 9 ft.\n.SUN...SW wind 20 kt. Seas 8 ft.\n.MON THROUGH TUE...W wind 20 kt. Seas 5 ft.",
        "instruction": null,
        "response": "Avoid",
        "note": null,
        "parameters": {
          "AWIPSidentifier": [
            "CWFAER"
          ],
          "WMOidentifier": [
            "FZAK51 PAFC 251255"
          ],
          "NWSheadline": [
            "SMALL CRAFT ADVISORY THROUGH SATURDAY"
          ],
          "BLOCKCHANNEL": [
            "EAS",
            "NWEM",
            "CMAS"
          ],
          "VTEC": [
            "/O.NEW.PAFC.SC.Y.5279.260925T1200Z-260927T0100Z/"
          ],
          "eventEndingTime": [
            "2026-09-26T17:00:00-08:00"
          ]
        },
        "scope": "Public",
        "code": "IPAWSv1.0",
        "language": "en-US",
        "web": "http://www.weather.gov",
        "eventCode": {
          "SAME": [
            "NWS"
          ],
          "NationalWeatherService": [
            "SCY"
          ]
        }
      }
    },
    {
      "id": "https://api.weather.gov/alerts/urn:oid:2.49.0.1.840.0.f454e3864a650f59b3fb8a85346720a3111810f7.019.1",
      "type": "Feature",
      "geometry": null,
      "properties": {
        "@id": "https://api.weather.gov/alerts/urn:oid:2.49.0.1.840.0.f454e3864a650f59b3fb8a85346720a3111810f7.019.1",
        "@type": "wx:Alert",
        "id": "urn:oid:2.49.0.1.840.0.f454e3864a650f59b3fb8a85346720a3111810f7.019.1",
        "areaDesc": "Marmot Island To Sitkinak from 15 to 85 NM",
        "geocode": {
          "SAME": [
            "058734"
          ],
          "UGC": [
            "PKZ734"
          ]
        },
        "affectedZones": [
          "https://api.weather.gov/zones/forecast/PKZ734"
        ],
        "references": [],
        "sent": "2026-09-25T04:55:00-08:00",
        "effective": "2026-09-25T04:55:00-08:00",
        "onset": "2026-09-25T04:00:00-08:00",
        "expires": "2026-09-25T17:15:00-08:00",
        "ends": "2026-09-26T17:00:00-08:00",
        "status": "Actual",
        "messageType": "Alert",
        "category": "Met",
        "severity": "Minor",
        "certainty": "Likely",
        "urgency": "Expected",
        "event": "Small Craft Advisory",
        "sender": "w-nws.webmaster@noaa.gov",
        "senderName": "NWS Anchorage AK",
        "headline": "Small Craft Advisory issued September 25 at 4:55AM AKDT until September 26 at 5:00PM AKDT by NWS Anchorage AK",
        "description": "Coastal Waters Forecast for the Northern Gulf of Alaska Coast\nup to 100 nm out including Kodiak Island and Cook Inlet.\n\nWind forecasts reflect the predominant speed and direction\nexpected. Sea forecasts represent an average of the highest\none-third of the combined wind wave and swell height.\n\n.TODAY...SW wind 30 kt. Seas 13 ft. Rain showers.\n.TONIGHT...SW wind 25 kt. Seas 15 ft. Rain showers.\n.SAT...SW wind 25 kt. Seas 13 ft.\n.SAT NIGHT...SW wind 25 kt. Seas 14 ft.\n.SUN THROUGH TUE...W wind 25 kt. Seas 11 ft.",
        "instruction": null,
        "response": "Avoid",
        "note": null,
        "parameters": {
          "AWIPSidentifier": [
            "CWFAER"
          ],
          "WMOidentifier": [
            "FZAK51 PAFC 251255"
          ],
          "NWSheadline": [
            "SMALL CRAFT ADVISORY THROUGH SATURDAY"
          ],
          "BLOCKCHANNEL": [
            "EAS",
            "NWEM",
            "CMAS"
          ],
          "VTEC": [
            "/O.NEW.PAFC.SC.Y.5280.260925T1200Z-260927T0100Z/"
          ],
          "eventEndingTime": [
            "2026-09-26T17:00:00-08:00"
          ]
        },
        "scope": "Public",
        "code": "IPAWSv1.0",
        "language": "en-US",
        "web": "http://www.weather.gov",
        "eventCode": {
          "SAME": [
            "NWS"
          ],
          "NationalWeatherService": [
            "SCY"
          ]
        }
      }
    },
    {
      "id": "https://api.weather.gov/alerts/urn:oid:2.49.0.1.840.0.f454e3864a650f59b3fb8a85346720a3111810f7.004.1",
      "type": "Feature",
      "geometry": null,
      "properties": {
        "@id": "https://api.weather.gov/alerts/urn:oid:2.49.0.1.840.0.f454e3864a650f59b3fb8a85346720a3111810f7.004.1",
        "@type": "wx:Alert",
        "id": "urn:oid:2.49.0.1.840.0.f454e3864a650f59b3fb8a85346720a3111810f7.004.1",
        "areaDesc": "Cape Suckling to Cape Cleare from 15 to 75 NM",
        "geocode": {
          "SAME": [
            "058712"
          ],
          "UGC": [
            "PKZ712"
          ]
        },
        "affectedZones": [
          "https://api.weather.gov/zones/forecast/PKZ712"
        ],
        "references": [],
        "sent": "2026-09-25T04:55:00-08:00",
        "effective": "2026-09-25T04:55:00-08:00",
        "onset": "2026-09-25T04:00:00-08:00",
        "expires": "2026-09-25T17:15:00-08:00",
        "ends": "2026-09-26T17:00:00-08:00",
        "status": "Actual",
        "messageType": "Alert",
        "category": "Met",
        "severity": "Minor",
        "certainty": "Likely",
        "urgency": "Expected",
        "event": "Small Craft Advisory",
        "sender": "w-nws.webmaster@noaa.gov",
        "senderName": "NWS Anchorage AK",
        "headline": "Small Craft Advisory issued September 25 at 4:55AM AKDT until September 26 at 5:00PM AKDT by NWS Anchorage AK",
        "description": "Coastal Waters Forecast for the Northern Gulf of Alaska Coast\nup to 100 nm out including Kodiak Island and Cook Inlet.\n\nWind forecasts reflect the predominant speed and direction\nexpected. Sea forecasts represent an average of the highest\none-third of the combined wind wave and swell height.\n\n.TODAY...SE wind 30 kt. Seas 10 ft.\n.TONIGHT...SE wind 30 kt. Seas 12 ft. Rain.\n.SAT...SE wind 25 kt. Seas 11 ft. Rain showers.\n.SAT NIGHT...S wind 25 kt. Seas 11 ft.\n.SUN...S wind 15 kt. Seas 10 ft.\n.MON THROUGH TUE...Variable wind 10 kt. Seas 8 ft.",
        "instruction": null,
        "response": "Avoid",
        "note": null,
        "parameters": {
          "AWIPSidentifier": [
            "CWFAER"
          ],
          "WMOidentifier": [
            "FZAK51 PAFC 251255"
          ],
          "NWSheadline": [
            "SMALL CRAFT ADVISORY THROUGH SATURDAY"
          ],
          "BLOCKCHANNEL": [
            "EAS",
            "NWEM",
            "CMAS"
          ],
          "VTEC": [
            "/O.NEW.PAFC.SC.Y.5269.260925T1200Z-260927T0100Z/"
          ],
          "eventEndingTime": [
            "2026-09-26T17:00:00-08:00"
          ]
        },
        "scope": "Public",
        "code": "IPAWSv1.0",
        "language": "en-US",
        "web": "http://www.weather.gov",
        "eventCode": {
          "SAME": [
            "NWS"
          ],
          "NationalWeatherService": [
            "SCY"
          ]
        }
      }
    },
    {
      "id": "https://api.weather.gov/alerts/urn:oid:2.49.0.1.840.0.f454e3864a650f59b3fb8a85346720a3111810f7.010.1",
      "type": "Feature",
      "geometry": null,
      "properties": {
        "@id": "https://api.weather.gov/alerts/urn:oid:2.49.0.1.840.0.f454e3864a650f59b3fb8a85346720a3111810f7.010.1",
        "@type": "wx:Alert",
        "id": "urn:oid:2.49.0.1.840.0.f454e3864a650f59b3fb8a85346720a3111810f7.010.1",
        "areaDesc": "Southwest Prince William Sound",
        "geocode": {
          "SAME": [
            "058726"
          ],
          "UGC": [
            "PKZ726"
          ]
        },
        "affectedZones": [
          "https://api.weather.gov/zones/forecast/PKZ726"
        ],
        "references": [],
        "sent": "2026-09-25T04:55:00-08:00",
        "effective": "2026-09-25T04:55:00-08:00",
        "onset": "2026-09-25T04:00:00-08:00",
        "expires": "2026-09-25T17:15:00-08:00",
        "ends": "2026-09-26T17:00:00-08:00",
        "status": "Actual",
        "messageType": "Alert",
        "category": "Met",
        "severity": "Minor",
        "certainty": "Likely",
        "urgency": "Expected",
        "event": "Small Craft Advisory",
        "sender": "w-nws.webmaster@noaa.gov",
        "senderName": "NWS Anchorage AK",
        "headline": "Small Craft Advisory issued September 25 at 4:55AM AKDT until September 26 at 5:00PM AKDT by NWS Anchorage AK",
        "description": "Coastal Waters Forecast for the Northern Gulf of Alaska Coast\nup to 100 nm out including Kodiak Island and Cook Inlet.\n\nWind forecasts reflect the predominant speed and direction\nexpected. Sea forecasts represent an average of the highest\none-third of the combined wind wave and swell height.\n\n.TODAY...E wind 25 kt. Seas 6 ft. Rain.\n.TONIGHT...E wind 30 kt. Seas 7 ft. Rain.\n.SAT...SE wind 30 kt. Seas 4 ft building to 6 ft in the afternoon.\nRain.\n.SAT NIGHT...SE wind 30 kt. Seas 6 ft.\n.SUN...E wind 15 kt. Seas 2 ft.\n.MON THROUGH TUE...N wind 10 kt. Seas 2 ft.",
        "instruction": null,
        "response": "Avoid",
        "note": null,
        "parameters": {
          "AWIPSidentifier": [
            "CWFAER"
          ],
          "WMOidentifier": [
            "FZAK51 PAFC 251255"
          ],
          "NWSheadline": [
            "SMALL CRAFT ADVISORY THROUGH SATURDAY"
          ],
          "BLOCKCHANNEL": [
            "EAS",
            "NWEM",
            "CMAS"
          ],
          "VTEC": [
            "/O.NEW.PAFC.SC.Y.5274.260925T1200Z-260927T0100Z/"
          ],
          "eventEndingTime": [
            "2026-09-26T17:00:00-08:00"
          ]
        },
        "scope": "Public",
        "code": "IPAWSv1.0",
        "language": "en-US",
        "web": "http://www.weather.gov",
        "eventCode": {
          "SAME": [
            "NWS"
          ],
          "NationalWeatherService": [
            "SCY"
          ]
        }
      }
    }
  ]
}